,Age_6w,Age_?,"Age_p12, p35","Age_p16, p24",Age_p19,"Age_p19, p21",Age_p20,Age_p21,"Age_p21, p23",Age_p21-23,Age_p22,Age_p22-24,Age_p23,Age_p24,Age_p25,Age_p25-27,Age_p26,Age_p27,Age_p28,Age_p29,Age_p30,Age_p60,Bucket,Class,ClusterName,ClusterScore,Clusters,Comment,Description,Developmental_compartment,LeafOrder,Location_based_on,MarkerGenes,MarkerRobustness,MarkerSelectivity,MarkerSpecificity,NCells,Neurotransmitter,OriginalClusters,Outliers,Probable_location,Region,SampleID_10X01_1,SampleID_10X02_1,SampleID_10X04_1,SampleID_10X04_2,SampleID_10X04_4,SampleID_10X05_1,SampleID_10X05_2,SampleID_10X05_3,SampleID_10X05_4,SampleID_10X06_1,SampleID_10X06_2,SampleID_10X06_3,SampleID_10X07_1,SampleID_10X11_1,SampleID_10X19_2,SampleID_10X20_1,SampleID_10X20_2,SampleID_10X20_3,SampleID_10X20_4,SampleID_10X22_1,SampleID_10X22_2,SampleID_10X22_3,SampleID_10X22_4,SampleID_10X24_1,SampleID_10X24_2,SampleID_10X24_3,SampleID_10X24_4,SampleID_10X26_1,SampleID_10X26_2,SampleID_10X26_3,SampleID_10X26_4,SampleID_10X28_2,SampleID_10X28_3,SampleID_10X28_4,SampleID_10X28_5,SampleID_10X33_1,SampleID_10X33_2,SampleID_10X33_3,SampleID_10X33_4,SampleID_10X34_1,SampleID_10X34_2,SampleID_10X34_3,SampleID_10X34_4,SampleID_10X35_1,SampleID_10X35_2,SampleID_10X35_3,SampleID_10X35_4,SampleID_10X36_1,SampleID_10X36_2,SampleID_10X36_3,SampleID_10X38_1,SampleID_10X38_2,SampleID_10X38_3,SampleID_10X43_1,SampleID_10X43_2,SampleID_10X43_3,SampleID_10X46_1,SampleID_10X46_2,SampleID_10X46_3,SampleID_10X48_1,SampleID_10X48_2,SampleID_10X48_3,SampleID_10X48_4,SampleID_10X49_1,SampleID_10X49_2,SampleID_10X49_3,SampleID_10X49_4,SampleID_10X49_5,SampleID_10X50_1,SampleID_10X50_2,SampleID_10X50_3,SampleID_10X50_4,SampleID_10X50_5,SampleID_10X50_6,SampleID_10X50_7,SampleID_10X50_8,SampleID_10X51_1,SampleID_10X51_2,SampleID_10X51_3,SampleID_10X51_4,SampleID_10X52_1,SampleID_10X52_2,SampleID_10X52_3,SampleID_10X52_4,SampleID_10X52_5,SampleID_10X52_6,SampleID_10X52_7,SampleID_10X52_8,SampleID_10X53_1,SampleID_10X53_2,SampleID_10X53_3,SampleID_10X53_4,SampleID_10X53_5,SampleID_10X53_6,SampleID_10X53_7,SampleID_10X54_1,SampleID_10X54_2,SampleID_10X54_3,SampleID_10X54_4,SampleID_10X54_5,SampleID_10X54_6,SampleID_10X54_7,SampleID_10X54_8,SampleID_10X55_1,SampleID_10X55_2,SampleID_10X55_3,SampleID_10X55_4,SampleID_10X55_5,SampleID_10X55_6,SampleID_10X55_7,SampleID_10X55_8,SampleID_10X56_2,SampleID_10X56_3,SampleID_10X56_6,SampleID_10X57_1,SampleID_10X57_2,SampleID_10X57_3,SampleID_10X57_4,SampleID_10X57_5,SampleID_10X57_6,SampleID_10X57_7,SampleID_10X75_1,SampleID_10X81_1,SampleID_10X81_2,SampleID_10X81_3,SampleID_10X82_2,SampleID_10X86_1,SampleID_10X86_3,SampleID_10X87_1,SampleID_10X87_2,SampleID_10X87_4,Sex_1F,Sex_1M,Sex_1M 1F,Sex_1M 2F,Sex_2M,Sex_2M 1F,Sex_2M 2F,Sex_?,Sex_F,Sex_M,"Sex_M, F",Sex_nan,TaxonomyRank1,TaxonomyRank2,TaxonomyRank3,TaxonomyRank4,TaxonomySymbol,Tissue_Amygd,Tissue_CA1,Tissue_CB,Tissue_Ctx1,Tissue_Ctx1.5,Tissue_Ctx2,Tissue_Ctx3,Tissue_DRG,Tissue_DentGyr,Tissue_ENS,Tissue_HC,Tissue_Hypoth,Tissue_MBd,Tissue_MBv,Tissue_Medulla,Tissue_OB,Tissue_Pons,Tissue_SC,Tissue_SScortex,Tissue_StriatDor,Tissue_StriatVent,Tissue_Sympath,Tissue_Thal,_Total,TissueLabel
0,0,0,0,0,0,99,0,0,70,0,0,0,0,0,0,0,0,0,0,0,0,0,/Users/sten/build_20171205/L4_Enteric_Neurons.loom,Neurons,ENT9,10.0,0,Marklund cluster #1,Cholinergic enteric neurons,Neural crest,190,"Vip,Cck",P2rx2 Krt19 Myl1 Adgrg6 Ano2 Gpr149,[ 1.  1.  1.  1.  1.  1.],[28  1  1  1  1  1],[ 0.   0.1  0.5  1.   1. ],169,Acetylcholine,8,0.0,Myenteric plexus of small intestine,Enteric nervous system,0,0,0,0,0,0,0,0,0,0,0,0,0,0,0,0,0,0,0,0,0,0,0,0,0,0,0,0,0,0,0,0,0,0,0,0,0,0,0,0,0,0,0,0,0,0,0,0,0,0,0,0,0,0,0,0,0,0,0,0,0,0,0,0,0,0,0,0,0,0,0,0,0,0,0,0,0,0,0,0,0,0,0,0,0,0,0,0,0,0,0,0,0,0,0,0,0,0,0,0,0,0,0,0,0,0,0,0,0,0,0,0,0,0,0,0,0,0,0,0,0,0,37,26,36,70,0,0,0,0,0,0,0,169,0,0,0,0,0,0,0,0,0,Neurons,PNS neurons,Enteric neurons,Enteric neurons,Enne,0,0,0,0,0,0,0,0,0,169,0,0,0,0,0,0,0,0,0,0,0,0,0,13680.24852071006,Tissue_ENS
1,0,0,0,0,0,62,0,0,35,0,0,0,0,0,0,0,0,0,0,0,0,0,/Users/sten/build_20171205/L4_Enteric_Neurons.loom,Neurons,ENT8,7.991871496888787,1,Marklund cluster #3,"Cholinergic enteric neurons, VGLUT2",Neural crest,189,"Th,Slc6a3,",Ucn3 Phox2a Myl1 AW551984 Etaa1os Kcna5,[ 1.  1.  1.  1.  1.  1.],[36  2  1  1  1  1],[ 0.   0.   0.5  0.7  0.7],97,"Glutamate (VGLUT2),Acetylcholine",4,0.0,Myenteric plexus of small intestine,Enteric nervous system,0,0,0,0,0,0,0,0,0,0,0,0,0,0,0,0,0,0,0,0,0,0,0,0,0,0,0,0,0,0,0,0,0,0,0,0,0,0,0,0,0,0,0,0,0,0,0,0,0,0,0,0,0,0,0,0,0,0,0,0,0,0,0,0,0,0,0,0,0,0,0,0,0,0,0,0,0,0,0,0,0,0,0,0,0,0,0,0,0,0,0,0,0,0,0,0,0,0,0,0,0,0,0,0,0,0,0,0,0,0,0,0,0,0,0,0,0,0,0,0,0,0,20,23,19,35,0,0,0,0,0,0,0,97,0,0,0,0,0,0,0,0,0,Neurons,PNS neurons,Enteric neurons,Enteric neurons,Enne,0,0,0,0,0,0,0,0,0,97,0,0,0,0,0,0,0,0,0,0,0,0,0,13591.360824742267,Tissue_ENS
2,0,0,0,0,0,81,0,0,37,0,0,0,0,0,0,0,0,0,0,0,0,0,/Users/sten/build_20171205/L4_Enteric_Neurons.loom,Neurons,ENT6,8.328238349370825,2,Marklund cluster #6,Cholinergic enteric neurons,Neural crest,187,"Rorb,Tph2",Htr2b Tm4sf4 mt-Nd3 mt-Co3 mt-Co2 Chrnb4,[ 1.  1.  1.  1.  1.  1.],[18  1  1  1  1  1],[ 0.   0.9  0.9  0.9  1. ],118,Acetylcholine,7,0.0,Myenteric plexus of small intestine,Enteric nervous system,0,0,0,0,0,0,0,0,0,0,0,0,0,0,0,0,0,0,0,0,0,0,0,0,0,0,0,0,0,0,0,0,0,0,0,0,0,0,0,0,0,0,0,0,0,0,0,0,0,0,0,0,0,0,0,0,0,0,0,0,0,0,0,0,0,0,0,0,0,0,0,0,0,0,0,0,0,0,0,0,0,0,0,0,0,0,0,0,0,0,0,0,0,0,0,0,0,0,0,0,0,0,0,0,0,0,0,0,0,0,0,0,0,0,0,0,0,0,0,0,0,0,29,31,21,37,0,0,0,0,0,0,0,118,0,0,0,0,0,0,0,0,0,Neurons,PNS neurons,Enteric neurons,Enteric neurons,Enne,0,0,0,0,0,0,0,0,0,118,0,0,0,0,0,0,0,0,0,0,0,0,0,9297.06779661017,Tissue_ENS
3,0,0,0,0,0,157,0,0,102,0,0,0,0,0,0,0,0,0,0,0,0,0,/Users/sten/build_20171205/L4_Enteric_Neurons.loom,Neurons,ENT5,6.00055431948823,3,Marklund cluster #4,Cholinergic enteric neurons,Neural crest,186,Based on dissection,Hoxa5 Hspb7 Dmkn Dsc3 Hmx2 E530001K10Rik,[ 1.  1.  1.  1.  1.  1.],[22  1  1  1  1  1],[ 0.   0.8  0.8  0.8  0.8],259,Acetylcholine,6,0.0,Myenteric plexus of small intestine,Enteric nervous system,0,0,0,0,0,0,0,0,0,0,0,0,0,0,0,0,0,0,0,0,0,0,0,0,0,0,0,0,0,0,0,0,0,0,0,0,0,0,0,0,0,0,0,0,0,0,0,0,0,0,0,0,0,0,0,0,0,0,0,0,0,0,0,0,0,0,0,0,0,0,0,0,0,0,0,0,0,0,0,0,0,0,0,0,0,0,0,0,0,0,0,0,0,0,0,0,0,0,0,0,0,0,0,0,0,0,0,0,0,0,0,0,0,0,0,0,0,0,0,0,0,0,46,51,60,102,0,0,0,0,0,0,0,259,0,0,0,0,0,0,0,0,0,Neurons,PNS neurons,Enteric neurons,Enteric neurons,Enne,0,0,0,0,0,0,0,0,0,259,0,0,0,0,0,0,0,0,0,0,0,0,0,6484.918918918919,Tissue_ENS
4,0,0,0,0,0,103,0,0,52,0,0,0,0,0,0,0,0,0,0,0,0,0,/Users/sten/build_20171205/L4_Enteric_Neurons.loom,Neurons,ENT4,6.397935627838065,4,No corresponding Marklund cluster,Cholinergic enteric neurons,Neural crest,185,"Tph2,Ifit1,Chodl",Hoxa5 Myc Dmkn Dsc3 mt-Atp6 Casz1,[ 1.  1.  1.  1.  1.  1.],[24  1  1  1  1  1],[ 0.   0.1  0.1  0.1  0.1],155,Acetylcholine,5,0.0,Myenteric plexus of small intestine,Enteric nervous system,0,0,0,0,0,0,0,0,0,0,0,0,0,0,0,0,0,0,0,0,0,0,0,0,0,0,0,0,0,0,0,0,0,0,0,0,0,0,0,0,0,0,0,0,0,0,0,0,0,0,0,0,0,0,0,0,0,0,0,0,0,0,0,0,0,0,0,0,0,0,0,0,0,0,0,0,0,0,0,0,0,0,0,0,0,0,0,0,0,0,0,0,0,0,0,0,0,0,0,0,0,0,0,0,0,0,0,0,0,0,0,0,0,0,0,0,0,0,0,0,0,0,39,29,35,52,0,0,0,0,0,0,0,155,0,0,0,0,0,0,0,0,0,Neurons,PNS neurons,Enteric neurons,Enteric neurons,Enne,0,0,0,0,0,0,0,0,0,155,0,0,0,0,0,0,0,0,0,0,0,0,0,6913.4,Tissue_ENS
5,0,0,0,0,0,20,0,0,11,0,0,0,0,0,0,0,0,0,0,0,0,0,/Users/sten/build_20171205/L4_Enteric_Neurons.loom,Neurons,ENT7,9.406835747047348,5,Marklund cluster #5,"Cholinergic enteric neurons, VGLUT2",Neural crest,188,Based on dissection,Cckar Nxph2 Gna14 Pgam1 Tbx3 mt-Nd4l,[ 1.  1.  1.  1.  1.  1.],[32  1  1  1  1  1],[ 0.   0.1  0.1  0.1  0.1],31,"Glutamate (VGLUT2),Acetylcholine",3,0.0,Myenteric plexus of small intestine,Enteric nervous system,0,0,0,0,0,0,0,0,0,0,0,0,0,0,0,0,0,0,0,0,0,0,0,0,0,0,0,0,0,0,0,0,0,0,0,0,0,0,0,0,0,0,0,0,0,0,0,0,0,0,0,0,0,0,0,0,0,0,0,0,0,0,0,0,0,0,0,0,0,0,0,0,0,0,0,0,0,0,0,0,0,0,0,0,0,0,0,0,0,0,0,0,0,0,0,0,0,0,0,0,0,0,0,0,0,0,0,0,0,0,0,0,0,0,0,0,0,0,0,0,0,0,4,8,8,11,0,0,0,0,0,0,0,31,0,0,0,0,0,0,0,0,0,Neurons,PNS neurons,Enteric neurons,Enteric neurons,Enne,0,0,0,0,0,0,0,0,0,31,0,0,0,0,0,0,0,0,0,0,0,0,0,10700.677419354839,Tissue_ENS
6,0,0,0,0,0,94,0,0,61,0,0,0,0,0,0,0,0,0,0,0,0,0,/Users/sten/build_20171205/L4_Enteric_Neurons.loom,Neurons,ENT3,8.400664622011636,6,Marklund cluster #2,Nitrergic enteric neurons,Neural crest,184,"Trh,Tph2",Cox8b Anxa11 Ass1 S100a4 Tes Adamts5,[ 1.  1.  1.  1.  1.  1.],[34  1  1  1  1  1],[ 0.  0.  0.  0.  0.],155,Nitric oxide,2,0.0,Myenteric plexus of small intestine,Enteric nervous system,0,0,0,0,0,0,0,0,0,0,0,0,0,0,0,0,0,0,0,0,0,0,0,0,0,0,0,0,0,0,0,0,0,0,0,0,0,0,0,0,0,0,0,0,0,0,0,0,0,0,0,0,0,0,0,0,0,0,0,0,0,0,0,0,0,0,0,0,0,0,0,0,0,0,0,0,0,0,0,0,0,0,0,0,0,0,0,0,0,0,0,0,0,0,0,0,0,0,0,0,0,0,0,0,0,0,0,0,0,0,0,0,0,0,0,0,0,0,0,0,0,0,37,30,27,61,0,0,0,0,0,0,0,155,0,0,0,0,0,0,0,0,0,Neurons,PNS neurons,Enteric neurons,Enteric neurons,Enne,0,0,0,0,0,0,0,0,0,155,0,0,0,0,0,0,0,0,0,0,0,0,0,8036.309677419355,Tissue_ENS
7,0,0,0,0,0,74,0,0,33,0,0,0,0,0,0,0,0,0,0,0,0,0,/Users/sten/build_20171205/L4_Enteric_Neurons.loom,Neurons,ENT2,4.795735551100162,7,Marklund cluster #2,Nitrergic enteric neurons,Neural crest,183,"Tac2,Gal,Cartpt",Cartpt Bglap Ass1 Camp Tes Slc35d3,[ 1.  1.  1.  1.  1.  1.],[34  1  1  1  1  1],[ 0.   0.5  0.6  0.6  0.6],107,Nitric oxide,1,0.0,Myenteric plexus of small intestine,Enteric nervous system,0,0,0,0,0,0,0,0,0,0,0,0,0,0,0,0,0,0,0,0,0,0,0,0,0,0,0,0,0,0,0,0,0,0,0,0,0,0,0,0,0,0,0,0,0,0,0,0,0,0,0,0,0,0,0,0,0,0,0,0,0,0,0,0,0,0,0,0,0,0,0,0,0,0,0,0,0,0,0,0,0,0,0,0,0,0,0,0,0,0,0,0,0,0,0,0,0,0,0,0,0,0,0,0,0,0,0,0,0,0,0,0,0,0,0,0,0,0,0,0,0,0,28,18,28,33,0,0,0,0,0,0,0,107,0,0,0,0,0,0,0,0,0,Neurons,PNS neurons,Enteric neurons,Enteric neurons,Enne,0,0,0,0,0,0,0,0,0,107,0,0,0,0,0,0,0,0,0,0,0,0,0,11369.504672897196,Tissue_ENS
8,0,0,0,0,0,9,0,0,5,0,0,0,0,0,0,0,0,0,0,0,0,0,/Users/sten/build_20171205/L4_Enteric_Neurons.loom,Neurons,ENT1,9.893420749855109,8,No corresponding Marklund cluster,Nitrergic enteric neurons,Neural crest,182,"Prkcd,Zic1",Gal Moxd1 Tmem255b Tmc3 Kcnj5 Chrna3,[ 1.  1.  1.  1.  1.  1.],[25  1  1  1  1  1],[ 0.   0.3  0.4  0.6  0.8],14,Nitric oxide,0,0.0,Myenteric plexus of small intestine,Enteric nervous system,0,0,0,0,0,0,0,0,0,0,0,0,0,0,0,0,0,0,0,0,0,0,0,0,0,0,0,0,0,0,0,0,0,0,0,0,0,0,0,0,0,0,0,0,0,0,0,0,0,0,0,0,0,0,0,0,0,0,0,0,0,0,0,0,0,0,0,0,0,0,0,0,0,0,0,0,0,0,0,0,0,0,0,0,0,0,0,0,0,0,0,0,0,0,0,0,0,0,0,0,0,0,0,0,0,0,0,0,0,0,0,0,0,0,0,0,0,0,0,0,0,0,2,2,5,5,0,0,0,0,0,0,0,14,0,0,0,0,0,0,0,0,0,Neurons,PNS neurons,Enteric neurons,Enteric neurons,Enne,0,0,0,0,0,0,0,0,0,14,0,0,0,0,0,0,0,0,0,0,0,0,0,11971.214285714286,Tissue_ENS
9,0,0,0,0,0,86,0,0,77,0,0,0,0,0,0,0,0,0,0,0,0,0,/Users/sten/build_20171205/L4_PeripheralGlia.loom,PeripheralGlia,ENTG1,3.4443281956549714,9,Foxd3 positive,"Enteric glia, proliferating",Neural crest,243,"Lefty1,Spink8",Cenpf Hist1h2ap Cks2 Prc1 Top2a Ccna2,[ 1.  1.  1.  1.  1.  1.],[11  1  1  1  1  1],[ 0.   0.2  0.2  0.2  0.2],163,,0,0.0,Enteric nervous system,Enteric nervous system,0,0,0,0,0,0,0,0,0,0,0,0,0,0,0,0,0,0,0,0,0,0,0,0,0,0,0,0,0,0,0,0,0,0,0,0,0,0,0,0,0,0,0,0,0,0,0,0,0,0,0,0,0,0,0,0,0,0,0,0,0,0,0,0,0,0,0,0,0,0,0,0,0,0,0,0,0,0,0,0,0,0,0,0,0,0,0,0,0,0,0,0,0,0,0,0,0,0,0,0,0,0,0,0,0,0,0,0,0,0,0,0,0,0,0,0,0,0,0,0,0,0,27,31,28,77,0,0,0,0,0,0,0,163,0,0,0,0,0,0,0,0,0,Glia,Neural crest-like glia,Neural crest-like glia,Enteric glia,Gent,0,0,0,0,0,0,0,0,0,163,0,0,0,0,0,0,0,0,0,0,0,0,0,6275.098159509203,Tissue_ENS
10,0,0,0,0,0,3324,0,0,720,0,0,0,0,0,0,0,0,0,0,0,0,0,/Users/sten/build_20171205/L4_PeripheralGlia.loom,PeripheralGlia,ENTG4,2.9999999999563443,10,"have some neuronal markers like Camk2b,Nrn1,Klk8. Foxd3 positive",Enteric glia,Neural crest,246,"Nr2f2, Scml4",Tax1bp3 4930589L23Rik Col20a1 Postn Sumo2 Rps12-ps3,[ 1.  1.  1.  1.  1.  1.],[5 1 1 1 1 1],[ 0.  1.  1.  1.  1.],4044,,7,0.0,Enteric nervous system,Enteric nervous system,0,0,0,0,0,0,0,0,0,0,0,0,0,0,0,0,0,0,0,0,0,0,0,0,0,0,0,0,0,0,0,0,0,0,0,0,0,0,0,0,0,0,0,0,0,0,0,0,0,0,0,0,0,0,0,0,0,0,0,0,0,0,0,0,0,0,0,0,0,0,0,0,0,0,0,0,0,0,0,0,0,0,0,0,0,0,0,0,0,0,0,0,0,0,0,0,0,0,0,0,0,0,0,0,0,0,0,0,0,0,0,0,0,0,0,0,0,0,0,0,0,0,1095,1070,1159,720,0,0,0,0,0,0,0,4044,0,0,0,0,0,0,0,0,0,Glia,Neural crest-like glia,Neural crest-like glia,Enteric glia,Gent,0,0,0,0,0,0,0,0,0,4044,0,0,0,0,0,0,0,0,0,0,0,0,0,3030.938427299703,Tissue_ENS
11,0,0,0,0,0,1932,0,0,228,0,0,0,0,0,0,0,0,0,0,0,0,0,/Users/sten/build_20171205/L4_PeripheralGlia.loom,PeripheralGlia,ENTG2,2.000000004449248,11,nan,Enteric glia,Neural crest,244,"Coro6,Scn4b",Hspa1a Casp4 Gm12216 Atf3 Socs3 Cxcl1,[ 1.  1.  1.  1.  1.  1.],[4 1 1 1 1 1],[ 0.   0.8  0.8  0.8  0.8],2160,,5,0.0,Enteric nervous system,Enteric nervous system,0,0,0,0,0,0,0,0,0,0,0,0,0,0,0,0,0,0,0,0,0,0,0,0,0,0,0,0,0,0,0,0,0,0,0,0,0,0,0,0,0,0,0,0,0,0,0,0,0,0,0,0,0,0,0,0,0,0,0,0,0,0,0,0,0,0,0,0,0,0,0,0,0,0,0,0,0,0,0,0,0,0,0,0,0,0,0,0,0,0,0,0,0,0,0,0,0,0,0,0,0,0,0,0,0,0,0,0,0,0,0,0,0,0,0,0,0,0,0,0,0,0,619,661,652,228,0,0,0,0,0,0,0,2160,0,0,0,0,0,0,0,0,0,Glia,Neural crest-like glia,Neural crest-like glia,Enteric glia,Gent,0,0,0,0,0,0,0,0,0,2160,0,0,0,0,0,0,0,0,0,0,0,0,0,2845.651388888889,Tissue_ENS
12,0,0,0,0,0,547,0,0,588,0,0,0,0,0,0,0,0,0,0,0,0,0,/Users/sten/build_20171205/L4_PeripheralGlia.loom,PeripheralGlia,ENTG3,1.0021315134407929,12,Foxd3 positive,Enteric glia,Neural crest,245,Dcn,Hspa1a Parp14 Pdlim1 Mmp2 Matn2 Actg1,[ 1.  1.  1.  1.  1.  1.],[8 1 1 1 1 1],[ 0.   0.9  0.9  0.9  0.9],1135,,6,0.0,Enteric nervous system,Enteric nervous system,0,0,0,0,0,0,0,0,0,0,0,0,0,0,0,0,0,0,0,0,0,0,0,0,0,0,0,0,0,0,0,0,0,0,0,0,0,0,0,0,0,0,0,0,0,0,0,0,0,0,0,0,0,0,0,0,0,0,0,0,0,0,0,0,0,0,0,0,0,0,0,0,0,0,0,0,0,0,0,0,0,0,0,0,0,0,0,0,0,0,0,0,0,0,0,0,0,0,0,0,0,0,0,0,0,0,0,0,0,0,0,0,0,0,0,0,0,0,0,0,0,0,194,170,183,588,0,0,0,0,0,0,0,1135,0,0,0,0,0,0,0,0,0,Glia,Neural crest-like glia,Neural crest-like glia,Enteric glia,Gent,0,0,0,0,0,0,0,0,0,1135,0,0,0,0,0,0,0,0,0,0,0,0,0,3399.2458149779736,Tissue_ENS
13,0,0,0,0,0,291,0,0,520,0,0,0,0,0,0,0,0,0,0,0,0,0,/Users/sten/build_20171205/L4_PeripheralGlia.loom,PeripheralGlia,ENTG6,5.002340305841838,13,nan,Enteric glia,Neural crest,248,"Tac1, Ly6g6e",Ifi27l2a Lbp H2-Q7 Scn7a Sostdc1 Sfrp1,[ 1.  1.  1.  1.  1.  1.],[12  1  1  1  1  1],[ 0.   0.8  0.8  0.8  0.8],811,,4,0.0,Enteric nervous system,Enteric nervous system,0,0,0,0,0,0,0,0,0,0,0,0,0,0,0,0,0,0,0,0,0,0,0,0,0,0,0,0,0,0,0,0,0,0,0,0,0,0,0,0,0,0,0,0,0,0,0,0,0,0,0,0,0,0,0,0,0,0,0,0,0,0,0,0,0,0,0,0,0,0,0,0,0,0,0,0,0,0,0,0,0,0,0,0,0,0,0,0,0,0,0,0,0,0,0,0,0,0,0,0,0,0,0,0,0,0,0,0,0,0,0,0,0,0,0,0,0,0,0,0,0,0,110,86,95,520,0,0,0,0,0,0,0,811,0,0,0,0,0,0,0,0,0,Glia,Neural crest-like glia,Neural crest-like glia,Enteric glia,Gent,0,0,0,0,0,0,0,0,0,811,0,0,0,0,0,0,0,0,0,0,0,0,0,3547.696670776819,Tissue_ENS
14,0,0,0,0,0,1078,0,0,54,0,0,0,0,0,0,0,0,0,0,0,0,0,/Users/sten/build_20171205/L4_PeripheralGlia.loom,PeripheralGlia,ENTG5,1.000004001004035,14,Foxd3 positive,Enteric glia,Neural crest,247,"Baiap3,Calb2",Fam198b 4930589L23Rik Olfml2a Scn7a Col18a1 Sfrp1,[ 1.  1.  1.  1.  1.  1.],[11  2  1  1  1  1],[ 0.   0.   0.1  0.1  0.1],1132,,3,0.0,Enteric nervous system,Enteric nervous system,0,0,0,0,0,0,0,0,0,0,0,0,0,0,0,0,0,0,0,0,0,0,0,0,0,0,0,0,0,0,0,0,0,0,0,0,0,0,0,0,0,0,0,0,0,0,0,0,0,0,0,0,0,0,0,0,0,0,0,0,0,0,0,0,0,0,0,0,0,0,0,0,0,0,0,0,0,0,0,0,0,0,0,0,0,0,0,0,0,0,0,0,0,0,0,0,0,0,0,0,0,0,0,0,0,0,0,0,0,0,0,0,0,0,0,0,0,0,0,0,0,0,332,343,403,54,0,0,0,0,0,0,0,1132,0,0,0,0,0,0,0,0,0,Glia,Neural crest-like glia,Neural crest-like glia,Enteric glia,Gent,0,0,0,0,0,0,0,0,0,1132,0,0,0,0,0,0,0,0,0,0,0,0,0,3371.703180212014,Tissue_ENS
15,0,0,0,0,0,800,0,0,241,0,0,0,0,0,0,0,0,0,0,0,0,0,/Users/sten/build_20171205/L4_PeripheralGlia.loom,PeripheralGlia,ENTG7,2.9947826864521425,15,Foxd3 positive,Enteric glia,Neural crest,249,"Tox3,Cartpt",Col12a1 Cpxm2 Ctgf Col9a2 Tbx3os1 Col11a1,[ 1.  1.  1.  1.  1.  1.],[8 1 1 1 1 1],[ 0.  1.  1.  1.  1.],1041,,2,0.0,Enteric nervous system,Enteric nervous system,0,0,0,0,0,0,0,0,0,0,0,0,0,0,0,0,0,0,0,0,0,0,0,0,0,0,0,0,0,0,0,0,0,0,0,0,0,0,0,0,0,0,0,0,0,0,0,0,0,0,0,0,0,0,0,0,0,0,0,0,0,0,0,0,0,0,0,0,0,0,0,0,0,0,0,0,0,0,0,0,0,0,0,0,0,0,0,0,0,0,0,0,0,0,0,0,0,0,0,0,0,0,0,0,0,0,0,0,0,0,0,0,0,0,0,0,0,0,0,0,0,0,268,262,270,241,0,0,0,0,0,0,0,1041,0,0,0,0,0,0,0,0,0,Glia,Neural crest-like glia,Neural crest-like glia,Enteric glia,Gent,0,0,0,0,0,0,0,0,0,1041,0,0,0,0,0,0,0,0,0,0,0,0,0,3179.4860710854946,Tissue_ENS
16,0,0,0,0,0,38,0,0,11,0,0,0,0,0,0,0,0,0,0,0,0,0,/Users/sten/build_20171205/L4_Vascular.loom,Vascular,ENMFB,3.225909371590217,16,"lack Vtn,Igf2,Gjb2 (neural crest origin is uncertain)",Enteric mesothelial fibroblasts,Neural crest,250,"Cacng5, Reln",Dpt Spon2 Lum Thbs2 Tcf21 Ms4a4d,[ 1.  1.  1.  1.  1.  1.],[21  1  1  1  1  1],[ 0.   0.1  0.8  1.   1. ],49,,14,0.0,Enteric nervous system,Enteric nervous system,0,0,0,0,0,0,0,0,0,0,0,0,0,0,0,0,0,0,0,0,0,0,0,0,0,0,0,0,0,0,0,0,0,0,0,0,0,0,0,0,0,0,0,0,0,0,0,0,0,0,0,0,0,0,0,0,0,0,0,0,0,0,0,0,0,0,0,0,0,0,0,0,0,0,0,0,0,0,0,0,0,0,0,0,0,0,0,0,0,0,0,0,0,0,0,0,0,0,0,0,0,0,0,0,0,0,0,0,0,0,0,0,0,0,0,0,0,0,0,0,0,0,14,13,11,11,0,0,0,0,0,0,0,49,0,0,0,0,0,0,0,0,0,Glia,Neural crest-like glia,Neural crest-like glia,Enteric glia,Gent,0,0,0,0,0,0,0,0,0,49,0,0,0,0,0,0,0,0,0,0,0,0,0,5583.040816326531,Tissue_ENS
17,0,0,0,1,66,0,385,46,0,878,20,8,16,106,48,158,27,1,6,81,2,0,/Users/sten/build_20171205/L4_Oligos.loom,Oligos,MOL3,0.0015191646865750918,17,nan,"Mature oligodendrocytes, spinal cord enriched (high Klk6)",CNS,223,"Apold1,Cyp1b1",Klk6 Nkx2-9 Cdkn1c Rab37 2700046A07Rik Trf,[ 1.  1.  1.  1.  1.  1.],[4 1 1 1 1 1],[ 0.   0.1  0.1  0.1  0.1],1849,,0,0.0,Spinal cord-enriched,CNS,4,2,1,1,0,1,3,11,17,0,1,1,0,8,1,0,1,9,4,3,4,3,6,19,17,31,39,13,0,18,17,4,4,10,9,31,27,29,25,0,0,22,22,0,0,0,0,0,0,1,0,0,0,0,0,56,0,0,1,2,1,2,6,4,1,0,22,20,1,4,1,2,23,1,12,10,1,5,2,4,9,9,8,7,51,57,62,3,2,178,144,179,156,219,0,0,0,0,0,0,0,0,1,0,2,1,0,0,0,0,3,0,0,0,1,21,19,51,42,7,17,0,0,0,0,0,0,0,0,0,0,113,207,1054,1,8,0,0,6,140,208,112,0,Glia,CNS glia,Oligodendrocytes,Oligodendrocytes,Goli,6,0,19,11,0,2,9,0,0,0,11,16,86,310,72,61,66,934,6,64,36,0,140,5845.607355327204,Tissue_SC
18,0,0,2,1,631,0,1141,1763,0,797,2563,2,148,312,160,2021,124,22,39,282,1,2,/Users/sten/build_20171205/L4_Oligos.loom,Oligos,MOL2,2.208043948837002e-05,18,Possible batch effect,"Mature oligodendrocytes, hindbrain",CNS,222,Apold1,Hapln2 Dock5 Anln Ugt8a Gjb1 Prr5l,[ 1.  1.  1.  1.  1.  1.],[4 1 1 1 1 1],[ 0.  1.  1.  1.  1.],10011,,9,0.0,Pons/medulla (possible batch effect),CNS,22,21,8,3,6,22,19,27,48,1,0,0,0,2,31,31,27,105,87,12,58,40,38,47,36,98,131,11,0,77,72,31,31,15,9,22,34,29,35,0,0,52,61,1,36,1,0,9,11,2,0,2,0,2,0,28,1,0,0,2,5,3,4,26,5,17,50,47,13,69,20,33,158,9,122,148,5,7,21,26,99,95,73,73,226,184,226,3,0,119,170,186,139,183,0,255,233,277,265,172,29,207,181,247,227,271,172,383,323,337,353,0,0,0,5,386,391,444,347,211,237,0,0,0,0,0,0,0,0,0,0,776,984,6762,22,2,2,0,43,694,606,120,0,Glia,CNS glia,Oligodendrocytes,Oligodendrocytes,Goli,49,22,23,111,0,70,120,0,3,0,89,188,1309,1543,2012,127,2056,825,43,158,149,0,1114,3847.1069823194484,Tissue_Pons
19,0,0,0,0,3,0,14,1542,0,1,2114,0,1,0,0,8,1,0,0,0,0,0,/Users/sten/build_20171205/L4_Oligos.loom,Oligos,MFOL1,1.0000000000400178,19,Possible batch effect,Myelin forming oligodendrocytes (MFOL),CNS,220,Vip,Ccp110 Snx33 Hhip Tmem88b Arap2 Ano4,[ 1.  1.  1.  1.  1.  1.],[3 1 1 1 1 1],[ 0.  1.  1.  1.  1.],3684,,5,0.0,Pons/medulla (possible batch effect),CNS,0,0,0,0,0,0,0,0,0,0,0,0,0,0,0,0,0,1,1,1,0,0,0,0,0,0,0,0,0,0,0,0,1,0,0,0,0,0,0,0,0,0,0,0,0,0,0,0,0,0,0,0,0,0,0,1,0,0,0,0,0,0,0,0,0,0,0,0,0,0,0,0,0,0,2,1,0,0,0,0,0,0,2,1,6,1,3,0,0,0,1,0,0,0,0,208,260,242,270,128,34,218,182,232,232,223,187,296,295,334,313,0,0,0,0,2,2,3,1,0,0,0,0,0,0,0,0,0,0,0,0,3,13,3663,0,0,0,0,0,2,3,0,0,Glia,CNS glia,Oligodendrocytes,Oligodendrocytes,Goli,0,0,0,1,0,0,1,0,0,0,0,0,9,14,1854,0,1800,2,0,0,0,0,3,3829.358577633008,Tissue_Medulla
20,0,0,12,11,859,0,1600,145,0,1663,375,5,187,416,267,2242,132,108,132,552,3,6,/Users/sten/build_20171205/L4_Oligos.loom,Oligos,MOL1,1.6007106751203537e-10,20,nan,Mature oligodendrocytes,CNS,221,"Gal,Th",Opalin Ninj2 Efhd1 Mal Ppp1r14a Mog,[ 1.  1.  1.  1.  1.  1.],[3 1 1 1 1 1],[ 0.  1.  1.  1.  1.],8715,,3,0.0,CNS,CNS,70,80,33,21,8,87,64,67,90,0,1,2,1,5,49,41,35,134,123,20,47,68,51,48,54,139,175,18,1,127,121,59,32,11,6,31,31,16,20,0,0,46,39,5,18,1,0,44,35,29,1,3,2,12,0,148,8,2,1,3,6,6,0,47,7,22,41,47,21,70,30,53,196,13,157,227,5,3,37,47,136,177,98,154,256,213,304,1,2,223,334,341,359,404,0,1,4,1,1,2,0,0,2,5,6,4,4,5,2,7,9,0,0,1,4,615,560,403,287,148,224,0,0,0,0,0,0,0,0,0,0,1023,1344,3991,108,5,6,1,150,1079,910,98,0,Glia,CNS glia,Oligodendrocytes,Oligodendrocytes,Goli,77,84,27,218,2,101,167,0,20,0,173,266,1997,1549,102,113,69,1811,150,259,251,0,1279,3598.434079173838,Tissue_MBd
21,0,0,3,6,609,0,490,102,0,138,112,1,85,136,63,493,56,28,23,63,6,1,/Users/sten/build_20171205/L4_Oligos.loom,Oligos,MFOL2,1.000000000871296,21,nan,Myelin forming oligodendrocytes (MFOL),CNS,219,"Pvalb,Meis2",2210011C24Rik Wfdc18 Tmem141 Birc2 Fam214a Ctps,[ 1.  1.  1.  1.  1.  1.],[3 2 1 1 1 1],[ 0.  0.  1.  1.  1.],2415,,4,0.0,CNS,CNS,5,4,7,8,3,1,8,5,5,2,1,3,0,1,23,21,17,26,30,16,9,28,32,26,21,40,49,1,0,28,34,18,14,2,2,6,12,3,5,0,1,48,26,9,7,4,0,10,13,5,1,0,0,3,0,23,1,1,4,3,2,1,1,4,3,11,12,10,24,60,33,58,109,6,100,139,0,2,35,43,43,65,32,30,100,81,83,0,4,24,26,25,21,38,0,0,1,1,0,0,0,1,1,6,2,0,1,0,2,0,7,1,1,5,25,128,115,46,35,68,69,0,0,0,0,0,0,0,0,0,0,649,466,637,28,1,1,0,9,289,309,26,0,Glia,CNS glia,Oligodendrocytes,Oligodendrocytes,Goli,24,24,3,34,0,44,70,0,4,0,75,290,469,419,35,29,21,161,9,57,67,0,580,4637.290269151139,Tissue_Thal
22,0,0,2,6,515,0,411,56,0,68,56,1,60,58,52,217,32,8,17,43,5,5,/Users/sten/build_20171205/L4_Oligos.loom,Oligos,NFOL1,0.007011938104328208,22,nan,Newly formed oligodendrocytes (NFOL),CNS,218,"Pvalb,Sst,Meis2",Cnksr3 H2-Ab1 Rras2 Il23a Tmem163 Kif19a,[ 1.  1.  1.  1.  1.  1.],[9 1 1 1 1 1],[ 0.   0.1  0.1  0.1  0.1],1612,,10,0.0,CNS,CNS,4,2,6,6,1,5,3,4,4,1,1,3,0,1,11,7,7,18,15,10,13,18,19,8,8,18,24,2,1,27,22,8,6,3,2,2,4,6,5,0,0,17,22,6,5,2,0,4,1,3,2,2,1,2,0,12,2,1,3,1,1,2,2,6,1,11,6,1,15,63,16,46,98,4,65,109,3,2,49,45,36,51,39,47,61,76,65,1,1,11,11,11,16,18,0,4,1,0,0,0,0,1,0,1,2,0,0,2,2,0,2,0,1,8,7,51,46,18,20,32,34,0,0,0,0,0,0,0,0,0,0,540,392,298,8,1,5,0,6,180,165,17,0,Glia,CNS glia,Oligodendrocytes,Oligodendrocytes,Goli,21,9,8,31,1,25,28,0,4,0,49,254,303,280,17,13,22,80,6,24,53,0,384,4321.448511166253,Tissue_Thal
23,0,0,0,0,1,0,1,90,0,0,88,0,0,0,0,1,0,0,0,0,0,0,/Users/sten/build_20171205/L4_Oligos.loom,Oligos,NFOL2,0.013745267450086307,23,Possible batch effect,"Newly formed oligodendrocytes (NFOL), pons/medulla specific",CNS,217,"Pthlh,Pvalb,C1ql1",Tmem2 Gm26834 Rras2 Itpr2 Sema4d Nckap5,[ 1.  1.  1.  1.  1.  1.],[8 1 1 1 1 1],[ 0.   0.2  0.2  0.2  0.2],181,,11,0.0,Pons/medulla (possible batch effect),CNS,0,0,0,0,0,0,0,0,0,0,0,0,0,0,0,0,0,0,0,0,0,0,0,0,0,0,0,0,0,0,0,0,0,0,0,0,0,0,0,0,0,0,0,0,0,0,0,0,0,0,0,0,0,0,0,0,0,0,0,0,0,0,0,0,0,0,0,0,0,0,0,0,0,0,1,0,0,0,0,0,0,0,0,1,0,0,0,0,0,0,0,0,0,0,0,13,13,10,12,9,5,17,11,5,12,6,7,16,14,16,12,0,0,0,0,1,0,0,0,0,0,0,0,0,0,0,0,0,0,0,0,1,1,179,0,0,0,0,0,0,0,0,0,Glia,CNS glia,Oligodendrocytes,Oligodendrocytes,Goli,0,0,0,0,0,0,0,0,0,0,0,0,2,0,78,0,100,0,0,0,0,0,1,3804.8453038674033,Tissue_Pons
24,0,0,0,0,0,0,1,130,0,0,123,0,0,0,0,0,0,0,0,0,0,0,/Users/sten/build_20171205/L4_Oligos.loom,Oligos,COP2,0.09372318377695277,24,Possible batch effect,"Committed oligodendrocytes cells (COP), pons/medulla specific",CNS,216,"Pvalb,Satb1,Tac1",Tnr Rinl Gpr17 Enpp6 Pdcd4 Vcan,[ 1.  1.  1.  1.  1.  1.],[6 1 1 1 1 1],[ 0.   0.1  0.1  0.1  0.1],254,,12,0.0,Pons/medulla (possible batch effect),CNS,0,0,0,0,0,0,0,0,0,0,0,0,0,0,0,0,0,0,0,0,0,0,0,0,0,0,0,0,0,0,0,0,0,0,0,0,0,0,0,0,0,0,0,0,0,0,0,0,0,0,0,0,0,0,0,0,0,0,0,0,0,0,0,0,0,0,0,0,0,0,0,0,0,0,0,0,0,0,0,0,0,0,1,0,0,0,0,0,0,0,0,0,0,0,0,11,15,16,23,23,5,21,16,10,15,16,10,21,13,26,12,0,0,0,0,0,0,0,0,0,0,0,0,0,0,0,0,0,0,0,0,0,1,253,0,0,0,0,0,0,0,0,0,Glia,CNS glia,Oligodendrocytes,Oligodendrocytes,Goli,0,0,0,0,0,0,0,0,0,0,0,0,1,0,116,0,137,0,0,0,0,0,0,2469.9763779527557,Tissue_Pons
25,0,0,4,12,293,0,343,15,0,164,36,0,112,117,62,132,46,22,54,116,4,0,/Users/sten/build_20171205/L4_Oligos.loom,Oligos,COP1,0.0,25,nan,Committed oligodendrocytes cells (COP),CNS,215,"Sst,Npy,Calb1",Neu4 Brca1 Bmp4 Pak4 Lims2 Pycr1,[ 1.  1.  1.  1.  1.  1.],[6 1 1 1 1 1],[ 0.  1.  1.  1.  1.],1532,,13,0.0,CNS,CNS,22,12,12,14,6,16,7,11,4,1,3,0,0,0,11,11,9,8,3,5,16,46,45,17,10,37,53,8,1,27,26,12,12,6,6,4,8,4,9,0,0,0,2,0,7,3,0,13,6,3,0,0,0,4,0,33,12,0,0,1,3,0,0,10,0,5,25,26,12,55,16,35,60,0,58,35,0,5,9,8,39,39,32,43,40,32,56,0,0,29,37,38,29,31,0,1,0,0,1,0,0,0,0,1,1,1,0,1,0,0,1,0,0,0,0,25,15,31,23,15,23,0,0,0,0,0,0,0,0,0,0,359,281,323,22,0,0,0,34,175,313,25,0,Glia,CNS glia,Oligodendrocytes,Oligodendrocytes,Goli,19,19,14,44,0,21,44,0,16,0,117,138,204,184,21,69,15,197,34,42,53,0,281,2741.6514360313317,Tissue_Thal
26,0,0,0,0,0,0,0,16,0,0,92,0,0,0,0,1,0,0,0,0,0,0,/Users/sten/build_20171205/L4_Brain_CholinergicMonoaminergic.loom,Neurons,HBSER2,3.699607071251274,26,nan,"Serotonergic neurons, hindbrain",Rhombencephalon,79,"Tac1,Penk",Tph2 Slc17a8 Maob Fev Slc22a3 Hs6st2,[ 1.  1.  1.  1.  1.  1.],[17  1  1  1  1  1],[ 0.   0.3  0.4  0.4  0.4],109,"Serotonin, Glutamate (VGLUT3)",4,0.0,"Nucleus raphe Pons (B5, B6)",Pons,0,0,0,0,0,0,0,0,0,0,0,0,0,0,0,0,0,0,0,0,0,0,0,0,0,0,0,0,0,0,0,0,0,0,0,0,0,0,0,0,0,0,0,0,0,0,0,0,0,0,0,0,0,0,0,0,0,0,0,0,0,0,0,0,0,0,0,0,0,0,0,0,0,0,0,0,0,0,0,0,0,0,0,0,0,0,0,0,0,0,0,0,0,0,0,0,0,0,0,2,0,7,7,0,0,0,0,29,25,23,15,0,0,0,0,0,0,1,0,0,0,0,0,0,0,0,0,0,0,0,0,0,0,109,0,0,0,0,0,0,0,0,0,Neurons,CNS neurons,"Cholinergic, monoaminergic and peptidergic neurons",Cholinergic and monoaminergic neurons,Chmn,0,0,0,0,0,0,0,0,0,0,0,0,0,1,0,0,108,0,0,0,0,0,0,9997.477064220184,Tissue_Pons
27,0,0,0,0,0,0,77,14,0,0,5,0,0,0,0,9,0,0,0,0,0,0,/Users/sten/build_20171205/L4_Brain_CholinergicMonoaminergic.loom,Neurons,HBSER1,0.1984470333756605,27,nan,"Serotonergic neurons, hindbrain",Rhombencephalon,78,"Ntng1,Nefm",Slc6a4 Wfdc12 Slc18a2 Fev C130021I20Rik Cryba2,[ 1.  1.  1.  1.  1.  1.],[14  1  1  1  1  1],[ 0.   0.1  0.1  0.1  0.1],105,"Serotonin, Glutamate (VGLUT3)",3,0.0,"Ventral midbrain/isthmic dorsal raphe (B7), caudal linear nucleus (B8), medial lemniscus (B9), isthmic periaqueductal grey (B4?)",Pons,0,0,0,0,0,0,0,0,0,0,0,0,0,0,0,0,0,0,0,0,0,0,0,0,0,0,0,0,0,0,0,0,0,0,0,0,0,0,0,0,0,5,9,0,0,0,0,0,0,0,0,0,0,0,0,0,0,0,0,0,0,1,0,0,0,0,0,0,0,0,0,0,0,0,0,0,0,0,0,0,0,0,0,0,22,20,16,18,0,0,0,0,0,0,0,0,0,0,0,0,0,0,0,0,0,0,0,1,1,1,2,0,0,0,0,0,0,4,5,0,0,0,0,0,0,0,0,0,0,0,0,0,76,15,0,0,0,0,0,14,0,0,0,Neurons,CNS neurons,"Cholinergic, monoaminergic and peptidergic neurons",Cholinergic and monoaminergic neurons,Chmn,0,0,0,0,0,0,0,0,0,0,0,0,0,99,0,0,6,0,0,0,0,0,0,8242.857142857143,Tissue_MBv
28,0,0,0,0,0,0,53,11,0,0,19,2,0,0,0,2,0,0,0,0,0,0,/Users/sten/build_20171205/L4_Brain_CholinergicMonoaminergic.loom,Neurons,HBSER3,1.4033950683032081,28,nan,"Serotonergic neurons, hindbrain",Rhombencephalon,80,"Sst,Tac1",Gchfr Il1r1 Slc18a2 Fev Slc22a3 Cryba2,[ 1.  1.  1.  1.  1.  1.],[10  1  1  1  1  1],[ 0.   0.9  0.9  0.9  0.9],87,Serotonin,2,0.0,"Ventral midbrain, rostral pons",Pons,0,0,0,0,0,0,0,0,0,0,0,0,0,2,0,0,0,0,0,0,0,0,0,0,0,0,0,0,0,0,0,0,0,0,0,0,1,1,2,0,0,5,3,0,0,0,0,0,0,0,0,0,0,0,0,0,0,0,0,0,1,0,0,0,0,0,0,0,0,0,0,0,0,0,0,0,0,0,0,0,0,0,0,0,9,7,14,18,0,0,0,0,0,0,0,0,0,0,0,1,0,1,1,0,0,0,0,5,4,5,5,0,0,0,0,0,0,1,1,0,0,0,0,0,0,0,0,0,0,0,0,0,48,25,0,2,0,0,0,8,0,4,0,Neurons,CNS neurons,"Cholinergic, monoaminergic and peptidergic neurons",Cholinergic and monoaminergic neurons,Chmn,0,0,0,0,0,0,0,0,0,0,0,0,0,58,4,0,25,0,0,0,0,0,0,7458.35632183908,Tissue_MBv
29,0,0,0,0,0,0,2,27,0,0,43,0,0,0,0,0,0,0,0,0,0,0,/Users/sten/build_20171205/L4_Brain_CholinergicMonoaminergic.loom,Neurons,HBSER4,8.44109479889347,29,nan,"Serotonergic neurons, hindbrain",Rhombencephalon,82,"Nos1,Npy,Vip",Trh Pgr15l Slc18a2 Gabre Nkx6-1 Calcr,[ 1.  1.  1.  1.  1.  1.],[21  1  1  1  1  1],[ 0.   0.6  0.6  0.6  0.6],72,"Serotonin, Glutamate (VGLUT3)",0,0.0,"Nucleus raphe medulla (pallidus, oscurus, magnus, B1-3)",Medulla,0,0,0,0,0,0,0,0,0,0,0,0,0,0,0,0,0,0,0,0,0,0,0,0,0,0,0,0,0,0,0,0,0,0,0,0,2,0,0,0,0,0,0,0,0,0,0,0,0,0,0,0,0,0,0,0,0,0,0,0,0,0,0,0,0,0,0,0,0,0,0,0,0,0,0,0,0,0,0,0,0,0,0,0,0,0,0,0,0,0,0,0,0,0,0,1,8,10,5,0,0,0,3,8,11,9,10,2,0,1,2,0,0,0,0,0,0,0,0,0,0,0,0,0,0,0,0,0,0,0,0,0,0,70,0,0,0,0,0,0,0,2,0,Neurons,CNS neurons,"Cholinergic, monoaminergic and peptidergic neurons",Cholinergic and monoaminergic neurons,Chmn,0,0,0,0,0,0,0,0,0,0,0,0,0,0,64,0,8,0,0,0,0,0,0,7915.138888888889,Tissue_Medulla
30,0,0,0,0,0,0,3,26,0,0,35,0,0,0,0,0,0,0,0,0,0,0,/Users/sten/build_20171205/L4_Brain_CholinergicMonoaminergic.loom,Neurons,HBSER5,9.735374999640056,30,nan,"Serotonergic neurons, hindbrain",Rhombencephalon,81,"Nkain4,Col9a2",Tph2 5031425F14Rik Slc18a2 Fev Slc22a3 Calcr,[ 1.  1.  1.  1.  1.  1.],[14  1  1  1  1  1],[ 0.   0.1  0.1  0.1  0.1],64,Serotonin,1,0.0,"Nucleus raphe pons (pallidus, oscurus, magnus, B1-3)",Pons,0,0,0,0,0,0,0,0,0,0,0,0,0,0,0,0,0,0,0,0,0,0,0,0,0,0,0,0,0,0,0,0,0,0,0,0,0,0,1,0,0,0,0,0,0,0,0,0,0,0,0,0,0,0,0,0,0,0,0,0,1,0,0,0,0,0,0,0,0,0,0,0,0,0,0,0,0,0,0,0,0,0,0,0,0,0,0,1,0,0,0,0,0,0,0,3,1,1,5,6,1,4,5,3,2,5,5,6,7,3,4,0,0,0,0,0,0,0,0,0,0,0,0,0,0,0,0,0,0,0,0,0,1,62,0,0,0,0,0,0,0,1,0,Neurons,CNS neurons,"Cholinergic, monoaminergic and peptidergic neurons",Cholinergic and monoaminergic neurons,Chmn,0,0,0,0,0,0,0,0,0,0,0,0,0,1,26,0,37,0,0,0,0,0,0,10451.6875,Tissue_Pons
31,0,0,0,0,0,0,0,51,0,0,26,0,0,0,23,0,76,6,0,4,0,0,/Users/sten/build_20171205/L4_Telencephalon_Excitatory.loom,Neurons,TEGLU15,3.2991760382276856,31,nan,"Excitatory neurons, cerebral cortex",Telencephalon,16,"Pdgfra,Dcn,Lum",Scube1 Tekt5 Fam19a2 Hrk Plcxd2 Gpr26,[ 1.  1.  1.  1.  1.  1.],[8 1 1 1 1 1],[ 0.  1.  1.  1.  1.],186,"Glutamate (VGLUT1,VGLUT2)",2,0.0,Piriform pyramidal,Cortex,0,0,0,0,0,2,2,0,0,0,0,0,0,0,51,14,12,0,0,0,0,0,0,0,0,0,0,0,0,14,9,25,29,4,1,0,0,0,0,0,0,0,0,5,12,0,0,0,0,6,0,0,0,0,0,0,0,0,0,0,0,0,0,0,0,0,0,0,0,0,0,0,0,0,0,0,0,0,0,0,0,0,0,0,0,0,0,0,0,0,0,0,0,0,0,0,0,0,0,0,0,0,0,0,0,0,0,0,0,0,0,0,0,0,0,0,0,0,0,0,0,0,0,0,0,0,0,0,0,0,0,0,0,0,6,0,0,0,0,70,110,0,0,Neurons,CNS neurons,Telencephalon projecting neurons,Telencephalon projecting excitatory neurons,Tpre,0,0,0,4,0,74,80,0,0,0,0,0,0,0,0,5,0,0,0,0,23,0,0,6410.091397849463,Tissue_Ctx3
32,0,0,0,0,0,0,0,2,0,0,15,0,0,0,0,0,42,0,0,1,1,0,/Users/sten/build_20171205/L4_Telencephalon_Excitatory.loom,Neurons,TEGLU16,4.422844688718268,32,nan,"Excitatory neurons, cerebral cortex",Telencephalon,15,"Slc47a1,Lypd2",RP23-231J2.1 Dbpht2 Cdkl4 Nwd2 D630023F18Rik Trps1,[ 1.  1.  1.  1.  1.  1.],[10  1  1  1  1  1],[ 0.   0.4  0.8  0.8  1. ],61,"Glutamate (VGLUT1), Nitric oxide",3,0.0,Piriform pyramidal,Cortex,0,0,0,0,0,1,0,0,0,0,1,0,0,0,0,10,5,0,0,0,0,0,0,0,0,0,0,0,0,0,0,20,22,0,0,0,0,0,0,1,1,0,0,0,0,0,0,0,0,0,0,0,0,0,0,0,0,0,0,0,0,0,0,0,0,0,0,0,0,0,0,0,0,0,0,0,0,0,0,0,0,0,0,0,0,0,0,0,0,0,0,0,0,0,0,0,0,0,0,0,0,0,0,0,0,0,0,0,0,0,0,0,0,0,0,0,0,0,0,0,0,0,0,0,0,0,0,0,0,0,0,0,0,0,0,0,0,0,0,18,43,0,0,Neurons,CNS neurons,Telencephalon projecting neurons,Telencephalon projecting excitatory neurons,Tpre,3,0,0,1,0,0,57,0,0,0,0,0,0,0,0,0,0,0,0,0,0,0,0,6466.163934426229,Tissue_Ctx3
33,0,0,0,0,0,0,0,0,0,0,23,0,1,0,0,0,101,0,0,1,0,0,/Users/sten/build_20171205/L4_Telencephalon_Excitatory.loom,Neurons,TEGLU5,1.281638430469283,33,nan,"Excitatory neurons, cerebral cortex",Telencephalon,14,"Pdgfra,Dcn,Lum",Rxfp1 Fermt1 Cbln4 Cemip Ovol2 Igfbp5,[ 1.  1.  1.  1.  1.  1.],[5 1 1 1 1 1],[ 0.   0.9  1.   1.   1. ],126,"Glutamate (VGLUT1,VGLUT2)",4,0.0,Entorhinal superficial layers,Cortex,0,0,0,0,0,0,0,0,0,0,0,0,0,0,0,14,9,0,0,0,0,0,1,0,0,0,0,0,0,0,0,49,52,0,0,0,0,0,0,0,0,0,0,0,0,0,0,0,0,0,0,0,0,0,0,0,0,0,0,0,0,0,0,0,1,0,0,0,0,0,0,0,0,0,0,0,0,0,0,0,0,0,0,0,0,0,0,0,0,0,0,0,0,0,0,0,0,0,0,0,0,0,0,0,0,0,0,0,0,0,0,0,0,0,0,0,0,0,0,0,0,0,0,0,0,0,0,0,0,0,0,1,0,0,0,0,0,0,0,23,102,0,0,Neurons,CNS neurons,Telencephalon projecting neurons,Telencephalon projecting excitatory neurons,Tpre,1,0,0,0,0,0,124,0,0,0,1,0,0,0,0,0,0,0,0,0,0,0,0,5671.007936507936,Tissue_Ctx3
34,0,0,0,0,0,0,0,37,0,0,132,0,104,0,1,0,186,16,29,149,0,10,/Users/sten/build_20171205/L4_Telencephalon_Excitatory.loom,Neurons,TEGLU4,3.0031802667659826,34,nan,"Excitatory neurons, cerebral cortex",Telencephalon,22,,Fezf2 RP24-134N2.1 Kcng1 Kcnf1 Galnt9 Nos1ap,[ 1.  1.  1.  1.  1.  1.],[11  1  1  1  1  1],[ 0.   0.7  1.   1.   1. ],664,Glutamate (VGLUT1),12,0.0,"Cortex pyramidal layer 5, Cingulate/Retrosplenial area (superficial and deep)",Cortex,5,1,10,14,0,78,64,0,0,0,0,0,0,0,36,80,52,0,0,38,33,17,16,0,0,0,0,0,0,1,0,67,57,5,2,0,0,0,0,1,0,0,0,28,27,0,0,3,5,8,4,3,3,0,0,0,0,0,0,0,0,0,0,0,0,0,5,1,0,0,0,0,0,0,0,0,0,0,0,0,0,0,0,0,0,0,0,0,0,0,0,0,0,0,0,0,0,0,0,0,0,0,0,0,0,0,0,0,0,0,0,0,0,0,0,0,0,0,0,0,0,0,0,0,0,0,0,0,0,0,0,6,0,0,16,0,10,0,6,355,271,0,0,Neurons,CNS neurons,Telencephalon projecting neurons,Telencephalon projecting excitatory neurons,Tpre,1,15,0,213,3,99,256,0,0,0,57,0,0,0,0,13,0,0,6,0,1,0,0,5686.561746987952,Tissue_Ctx3
35,0,0,0,0,0,0,0,147,0,0,4,0,0,0,0,142,17,0,0,557,91,0,/Users/sten/build_20171205/L4_Telencephalon_Excitatory.loom,Neurons,TEGLU22,3.8195168426083703,35,nan,"Excitatory neurons, amygdala",Telencephalon,20,,Lypd1 Prss23 Kcng1 C1ql3 Myh7 Enc1,[ 1.  1.  1.  1.  1.  1.],[12  1  1  1  1  1],[ 0.  1.  1.  1.  1.],958,Glutamate (VGLUT1),11,0.0,Basolateral amygdala,Amygdala,0,0,0,0,0,0,0,0,0,46,45,0,0,0,0,2,2,0,0,0,0,0,0,0,0,0,0,0,0,0,0,10,7,0,0,0,0,0,0,53,94,0,0,0,0,0,0,0,0,0,0,0,0,0,0,0,0,0,0,0,0,0,0,229,69,259,0,0,0,0,0,0,0,0,0,0,0,0,0,0,0,0,0,0,0,0,0,0,0,0,0,0,0,0,0,0,0,0,0,0,0,0,0,0,0,0,0,0,0,0,0,87,55,0,0,0,0,0,0,0,0,0,0,0,0,0,0,0,0,0,0,557,142,0,0,0,0,0,0,151,108,0,0,Neurons,CNS neurons,Telencephalon projecting neurons,Telencephalon projecting excitatory neurons,Tpre,937,0,0,0,0,0,21,0,0,0,0,0,0,0,0,0,0,0,0,0,0,0,0,4246.140918580376,Tissue_Amygd
36,0,0,71,46,0,0,0,10,0,0,1,0,197,0,0,0,2,1,46,83,24,3,/Users/sten/build_20171205/L4_Telencephalon_Excitatory.loom,Neurons,TEGLU23,1.0603981636982747,36,nan,"Excitatory neurons, hippocampus CA3",Telencephalon,24,,Lpl Gm26644 Nr4a3 Nptx1 Rnf182 Slc26a4,[ 1.  1.  1.  1.  1.  1.],[7 1 1 1 1 1],[ 0.   0.9  1.   1.   1. ],484,"Glutamate (VGLUT1), Nitric oxide",5,0.0,CA3,Hippocampus,0,0,26,20,0,0,0,0,0,16,8,0,0,0,0,1,0,0,0,0,0,114,83,0,0,0,0,0,0,0,0,1,0,0,1,0,0,0,0,4,6,0,0,0,0,0,0,1,0,0,0,3,0,71,0,0,46,0,0,0,0,0,0,30,14,39,0,0,0,0,0,0,0,0,0,0,0,0,0,0,0,0,0,0,0,0,0,0,0,0,0,0,0,0,0,0,0,0,0,0,0,0,0,0,0,0,0,0,0,0,0,0,0,0,0,0,0,0,0,0,0,0,0,0,0,0,0,0,0,0,0,83,0,117,1,0,3,0,0,57,223,0,0,Neurons,CNS neurons,Telencephalon projecting neurons,Telencephalon projecting excitatory neurons,Tpre,117,4,0,0,0,0,2,0,117,0,243,0,0,0,0,1,0,0,0,0,0,0,0,6833.49173553719,Tissue_HC
37,0,0,2,4,0,0,0,1,0,0,1,0,1207,0,0,0,4,208,542,0,0,68,/Users/sten/build_20171205/L4_Telencephalon_Excitatory.loom,Neurons,TEGLU24,4.985388551634106,37,nan,"Excitatory neurons, hippocampus CA1",Telencephalon,23,,Spink8 Lefty1 Neurod6 4921539H07Rik Wipf3 Rprml,[ 1.  1.  1.  1.  1.  1.],[13  1  1  1  1  1],[ 0.  1.  1.  1.  1.],2037,"Glutamate (VGLUT1), Nitric oxide",6,0.0,CA1,Hippocampus,0,0,266,276,0,0,0,0,0,0,0,0,28,0,0,1,0,0,0,0,0,595,584,0,0,0,0,0,0,0,0,0,1,2,0,0,0,0,0,0,1,0,0,1,0,0,0,110,98,0,32,36,0,2,0,0,4,0,0,0,0,0,0,0,0,0,0,0,0,0,0,0,0,0,0,0,0,0,0,0,0,0,0,0,0,0,0,0,0,0,0,0,0,0,0,0,0,0,0,0,0,0,0,0,0,0,0,0,0,0,0,0,0,0,0,0,0,0,0,0,0,0,0,0,0,0,0,0,0,0,0,0,0,6,208,0,68,28,0,545,1182,0,0,Neurons,CNS neurons,Telencephalon projecting neurons,Telencephalon projecting excitatory neurons,Tpre,1,304,0,0,0,1,2,0,6,0,1721,0,0,0,0,2,0,0,0,0,0,0,0,4706.260677466863,Tissue_HC
38,0,0,0,5,0,0,0,94,0,0,109,0,42,0,94,8,271,6,2,93,48,12,/Users/sten/build_20171205/L4_Telencephalon_Excitatory.loom,Neurons,TEGLU17,4.000000030110641,38,nan,"Excitatory neurons, cerebral cortex",Telencephalon,17,,Trim54 Slc30a3 Lmo3 Nptxr Fam19a1 Kcnj4,[ 1.  1.  1.  1.  1.  1.],[14  1  1  1  1  1],[ 0.  1.  1.  1.  1.],784,Glutamate (VGLUT1),8,0.0,Piriform pyramidal,Cortex,0,0,1,0,1,21,17,0,0,31,17,0,0,0,77,58,51,0,0,18,24,0,0,0,0,0,0,0,0,51,43,73,55,43,61,0,0,0,0,5,12,0,0,18,21,0,0,0,0,6,0,1,11,0,0,0,0,3,2,0,0,0,0,21,5,20,6,3,0,0,0,0,0,0,0,0,0,0,0,0,0,0,0,0,0,0,0,0,0,0,0,0,0,0,0,0,0,0,0,0,0,0,0,0,0,0,0,0,0,0,0,5,3,0,0,0,0,0,0,0,0,0,0,0,0,0,0,0,0,0,0,55,8,5,6,0,12,0,0,299,399,0,0,Neurons,CNS neurons,Telencephalon projecting neurons,Telencephalon projecting excitatory neurons,Tpre,119,1,0,80,11,122,237,0,0,0,1,0,0,0,0,114,0,0,0,0,99,0,0,5331.350765306122,Tissue_Ctx3
39,0,0,0,1,0,0,0,4,0,0,0,0,0,0,58,1,264,1,8,319,0,1,/Users/sten/build_20171205/L4_Telencephalon_Excitatory.loom,Neurons,TEGLU18,6.999957922075779,39,nan,"Excitatory neurons, cerebral cortex",Telencephalon,18,,Abi3bp 4930426D05Rik Ndst4 Klhl14 Rgs14 Atp2b4,[ 1.  1.  1.  1.  1.  1.],[13  2  1  1  1  1],[ 0.  0.  1.  1.  1.],657,Glutamate (VGLUT1),7,0.0,"Anterior olfactory nucleus, deep layer",Cortex,0,0,0,0,8,46,30,0,0,0,0,0,0,0,1,0,0,0,0,0,0,0,0,0,0,0,0,0,0,31,27,1,0,154,109,0,0,0,0,1,2,0,0,0,0,0,0,1,0,0,0,0,1,0,0,0,0,0,1,0,0,0,0,0,0,0,131,112,0,0,0,0,0,0,0,0,0,0,0,0,0,0,0,0,0,0,0,0,0,0,0,0,0,0,0,0,0,0,0,0,0,0,0,0,0,0,0,0,0,0,0,1,0,0,0,0,0,0,0,0,0,0,0,0,0,0,0,0,0,0,0,243,1,1,1,0,1,0,0,145,265,0,0,Neurons,CNS neurons,Telencephalon projecting neurons,Telencephalon projecting excitatory neurons,Tpre,4,1,0,76,1,1,1,0,0,0,0,0,0,0,0,514,0,0,0,0,59,0,0,5438.523592085236,Tissue_OB
40,0,0,0,1,0,0,0,0,0,0,0,0,2,0,27,1,30,0,0,28,0,0,/Users/sten/build_20171205/L4_Telencephalon_Excitatory.loom,Neurons,TEGLU19,2.1090977431480593,40,nan,"Excitatory neurons, cerebral cortex",Telencephalon,19,,Oxtr Bmp3 Ndst4 C1ql3 Crym Gm10605,[ 1.  1.  1.  1.  1.  1.],[9 1 1 1 1 1],[ 0.   0.1  0.9  0.9  1. ],89,Glutamate (VGLUT1),9,0.0,Anterior olfactory nucleus and ventral striatum,Cortex,0,0,0,0,0,16,7,0,0,0,0,0,0,0,0,0,0,0,0,1,1,0,0,0,0,0,0,0,0,14,13,1,1,16,11,0,0,0,0,0,0,0,0,1,0,0,0,0,0,0,0,0,0,0,0,0,0,1,0,0,0,0,0,0,0,1,0,4,0,0,0,0,0,0,0,0,0,0,0,0,0,0,0,0,0,0,0,0,0,0,0,0,0,0,0,0,0,0,0,0,0,0,0,0,0,0,0,0,0,0,0,1,0,0,0,0,0,0,0,0,0,0,0,0,0,0,0,0,0,0,0,5,1,1,0,0,0,0,0,51,31,0,0,Neurons,CNS neurons,Telencephalon projecting neurons,Telencephalon projecting excitatory neurons,Tpre,2,0,0,25,0,1,2,0,0,0,0,0,0,0,0,31,0,0,0,0,28,0,0,5679.067415730337,Tissue_OB
41,0,0,0,5,0,0,0,12,0,0,90,0,12,0,14,0,105,5,10,6,0,15,/Users/sten/build_20171205/L4_Telencephalon_Excitatory.loom,Neurons,TEGLU2,4.9994805899033805,41,nan,"Excitatory neurons, cerebral cortex",Telencephalon,3,"Hexb, Siglech, Nfkbia, Ccl3, Atf3",Cplx3 Nxph3 Hs3st4 Ipcef1 Mpped1 E130012A19Rik,[ 1.  1.  1.  1.  1.  1.],[12  1  1  1  1  1],[ 0.   0.1  0.3  0.3  1. ],274,Glutamate (VGLUT1),13,0.0,Cortex pyramidal layer 6b,Cortex,9,3,1,0,0,1,2,0,0,0,0,0,6,0,12,58,32,0,0,2,4,0,0,0,0,0,0,0,0,11,3,50,44,3,3,0,0,0,0,0,0,0,0,2,3,0,0,0,1,4,0,0,15,0,0,0,0,1,4,0,0,0,0,0,0,0,0,0,0,0,0,0,0,0,0,0,0,0,0,0,0,0,0,0,0,0,0,0,0,0,0,0,0,0,0,0,0,0,0,0,0,0,0,0,0,0,0,0,0,0,0,0,0,0,0,0,0,0,0,0,0,0,0,0,0,0,0,0,0,0,0,0,0,5,5,0,15,6,12,113,118,0,0,Neurons,CNS neurons,Telencephalon projecting neurons,Telencephalon projecting excitatory neurons,Tpre,0,7,0,9,15,21,184,0,0,0,1,0,0,0,0,6,0,0,12,0,19,0,0,5537.784671532847,Tissue_Ctx3
42,0,0,0,11,0,0,0,219,0,0,418,0,573,0,2,0,963,6,59,460,0,23,/Users/sten/build_20171205/L4_Telencephalon_Excitatory.loom,Neurons,TEGLU3,4.149520308313315,42,nan,"Excitatory neurons, cerebral cortex",Telencephalon,2,"Hexb, Siglech, Nfkbia, Ccl3, Atf3",Rprm Rell1 3110035E14Rik Tbr1 Garnl3 Ephb6,[ 1.  1.  1.  1.  1.  1.],[6 1 1 1 1 1],[ 0.  1.  1.  1.  1.],2734,Glutamate (VGLUT1),16,0.0,Cortex pyramidal layer 6,Cortex,57,39,2,0,0,254,165,0,0,0,0,0,1,0,219,232,186,0,0,282,284,2,4,0,0,0,0,0,0,0,2,307,284,5,4,0,0,0,0,0,0,0,0,198,165,0,0,1,0,5,0,2,21,0,0,0,0,4,7,0,0,0,0,0,0,0,1,1,0,0,0,0,0,0,0,0,0,0,0,0,0,0,0,0,0,0,0,0,0,0,0,0,0,0,0,0,0,0,0,0,0,0,0,0,0,0,0,0,0,0,0,0,0,0,0,0,0,0,0,0,0,0,0,0,0,0,0,0,0,0,0,2,0,11,6,0,23,1,96,1204,1391,0,0,Neurons,CNS neurons,Telencephalon projecting neurons,Telencephalon projecting excitatory neurons,Tpre,0,4,0,985,21,587,1009,0,0,0,8,0,0,0,0,11,0,0,96,0,13,0,0,4192.176664228237,Tissue_Ctx3
43,0,0,0,0,0,0,0,0,0,0,8,0,1,0,0,0,26,0,0,0,0,0,/Users/sten/build_20171205/L4_Telencephalon_Excitatory.loom,Neurons,TEGLU14,5.266807676678127,43,nan,"Excitatory neurons, cerebral cortex",Telencephalon,13,"Pdgfra,Dcn,Lum",Cbln1 Ntsr1 Htr1a Nwd2 Gsg1l Satb1,[ 1.  1.  1.  1.  1.  1.],[9 1 1 1 1 1],[ 0.   0.3  0.3  0.3  0.3],35,Glutamate (VGLUT1),1,0.0,Subiculum,Cortex,0,0,0,0,0,0,0,0,0,0,0,0,1,0,0,5,3,0,0,0,0,0,0,0,0,0,0,0,0,0,0,15,11,0,0,0,0,0,0,0,0,0,0,0,0,0,0,0,0,0,0,0,0,0,0,0,0,0,0,0,0,0,0,0,0,0,0,0,0,0,0,0,0,0,0,0,0,0,0,0,0,0,0,0,0,0,0,0,0,0,0,0,0,0,0,0,0,0,0,0,0,0,0,0,0,0,0,0,0,0,0,0,0,0,0,0,0,0,0,0,0,0,0,0,0,0,0,0,0,0,0,0,0,0,0,0,0,1,0,8,26,0,0,Neurons,CNS neurons,Telencephalon projecting neurons,Telencephalon projecting excitatory neurons,Tpre,0,1,0,0,0,0,34,0,0,0,0,0,0,0,0,0,0,0,0,0,0,0,0,7143.742857142857,Tissue_Ctx3
44,0,0,0,0,0,0,0,0,0,0,35,0,0,0,0,1,91,0,0,0,0,0,/Users/sten/build_20171205/L4_Telencephalon_Excitatory.loom,Neurons,TEGLU13,5.837763675788953,44,nan,"Excitatory neurons, cerebral cortex",Telencephalon,12,"Bmx,Gkn3,Sema3g",Wfs1 RP24-134N2.1 Vwc2l Lhx2 Prkcg Sorcs3,[ 1.  1.  1.  1.  1.  1.],[15  1  1  1  1  1],[ 0.   0.1  0.1  0.9  1. ],127,"Glutamate (VGLUT1,VGLUT2), Nitric oxide",0,0.0,Subiculum,Cortex,0,0,0,0,0,0,0,0,0,0,0,0,0,0,0,12,23,0,0,0,0,0,0,0,0,0,0,0,0,0,0,44,46,0,1,0,0,0,0,0,0,0,0,0,0,0,0,0,0,0,0,0,0,0,0,0,0,0,0,0,0,0,0,0,0,0,0,0,0,0,0,0,0,0,0,0,0,0,0,0,0,0,0,0,0,0,0,0,0,0,0,0,0,0,0,0,0,0,0,0,0,0,0,0,0,0,0,0,0,0,0,1,0,0,0,0,0,0,0,0,0,0,0,0,0,0,0,0,0,0,0,0,1,0,0,0,0,0,0,35,91,0,0,Neurons,CNS neurons,Telencephalon projecting neurons,Telencephalon projecting excitatory neurons,Tpre,1,0,0,0,0,0,125,0,0,0,0,0,0,0,0,1,0,0,0,0,0,0,0,5850.795275590551,Tissue_Ctx3
45,0,0,0,0,0,0,0,3,0,0,32,0,1,0,0,1,64,0,0,1,2,0,/Users/sten/build_20171205/L4_Telencephalon_Excitatory.loom,Neurons,TEGLU21,9.147561044131766,45,nan,"Excitatory neurons, hippocampus CA1",Telencephalon,21,,Nov 4833422C13Rik Baiap2l1 6330403A02Rik Gda Sv2b,[ 1.  1.  1.  1.  1.  1.],[15  1  1  1  1  1],[ 0.   0.9  0.9  0.9  0.9],104,"Glutamate (VGLUT1), Nitric oxide",10,0.0,"CA1 (posterior),subiculum,entorhinal",Hippocampus,0,0,0,0,0,0,1,0,0,2,0,0,0,0,0,18,14,0,0,1,0,0,0,0,0,0,0,0,0,0,0,32,29,2,1,0,0,0,0,2,1,0,0,0,0,0,0,0,0,0,0,0,0,0,0,0,0,0,0,0,0,0,0,0,0,0,0,0,0,0,0,0,0,0,0,0,0,0,0,0,0,0,0,0,0,0,0,0,0,0,0,0,0,0,0,0,0,0,0,0,0,0,0,0,0,0,0,0,0,0,0,1,0,0,0,0,0,0,0,0,0,0,0,0,0,0,0,0,0,0,0,0,1,0,0,0,0,0,0,36,67,0,0,Neurons,CNS neurons,Telencephalon projecting neurons,Telencephalon projecting excitatory neurons,Tpre,6,0,0,2,0,0,93,0,0,0,0,0,0,0,0,3,0,0,0,0,0,0,0,7018.163461538462,Tissue_Ctx3
46,0,0,0,1,0,0,0,83,0,0,99,0,235,0,0,2,258,5,38,131,0,14,/Users/sten/build_20171205/L4_Telencephalon_Excitatory.loom,Neurons,TEGLU10,8.000000018625542,46,nan,"Excitatory neurons, cerebral cortex",Telencephalon,7,"Cldn5,Slc38a5,Serpine1,Cd82",Hs3st2 Vipr1 Pde1a Satb2 Slc17a7 Sv2b,[ 1.  1.  1.  1.  1.  1.],[10  1  1  1  1  1],[ 0.   0.1  0.1  0.1  0.1],866,Glutamate (VGLUT1),18,0.0,Cortical pyramidal layer 5,Cortex,38,10,0,0,0,67,39,0,0,0,0,0,0,0,83,51,48,0,0,110,125,0,0,0,0,0,0,0,0,0,0,63,59,1,0,0,0,0,0,0,0,0,0,60,75,0,0,0,0,5,0,0,14,0,0,0,0,0,1,0,0,0,0,0,0,0,5,10,0,0,0,0,0,0,0,0,0,0,0,0,0,0,0,0,0,0,0,0,0,0,0,0,0,0,0,0,0,0,0,0,0,0,0,0,0,0,0,0,0,0,0,2,0,0,0,0,0,0,0,0,0,0,0,0,0,0,0,0,0,0,0,15,2,1,5,0,14,0,48,340,441,0,0,Neurons,CNS neurons,Telencephalon projecting neurons,Telencephalon projecting excitatory neurons,Tpre,2,0,0,341,14,223,221,0,0,0,0,0,0,0,0,16,0,0,48,0,1,0,0,7121.414549653579,Tissue_Ctx1
47,0,0,1,9,0,0,0,129,0,0,162,0,392,0,3,1,380,1,28,343,1,14,/Users/sten/build_20171205/L4_Telencephalon_Excitatory.loom,Neurons,TEGLU11,4.8884359130965915,47,nan,"Excitatory neurons, cerebral cortex",Telencephalon,5,"Mrc1, Pf4",Igfbp6 C130074G19Rik Rasl10a Satb2 Ovol2 Lingo1,[ 1.  1.  1.  1.  1.  1.],[9 1 1 1 1 1],[ 0.  1.  1.  1.  1.],1464,Glutamate (VGLUT1),17,0.0,Cortical pyramidal (poor markers),Cortex,28,46,0,0,0,176,112,0,0,0,1,0,0,0,126,81,81,0,0,197,195,0,0,0,0,0,0,0,0,1,2,117,89,5,3,0,0,0,0,1,2,0,0,82,84,0,0,0,0,1,0,0,14,1,0,0,0,4,5,0,0,0,0,0,3,0,2,4,0,0,0,0,0,0,0,0,0,0,0,0,0,0,0,0,0,0,0,0,0,0,0,0,0,0,0,0,0,0,0,0,0,0,0,0,0,0,0,0,0,0,0,0,1,0,0,0,0,0,0,0,0,0,0,0,0,0,0,0,0,0,0,9,1,10,1,0,14,0,74,622,733,0,0,Neurons,CNS neurons,Telencephalon projecting neurons,Telencephalon projecting excitatory neurons,Tpre,8,0,0,680,14,293,368,0,1,0,0,0,0,0,0,14,0,0,74,0,12,0,0,5630.662568306011,Tissue_Ctx1
48,0,0,0,4,0,0,0,14,0,0,13,0,3,0,9,0,9,3,0,0,0,0,/Users/sten/build_20171205/L4_Telencephalon_Excitatory.loom,Neurons,TEGLU20,8.00355253456203,48,nan,"Excitatory neurons, cerebral cortex",Telencephalon,4,"Mrc1, Ccl7, Cxcl2",Sulf1 Prss12 1110032F04Rik Cnih3 Ptpru Atp2b4,[ 1.  1.  1.  1.  1.  1.],[8 1 1 1 1 1],[ 0.   0.3  0.4  0.4  0.4],55,Glutamate (VGLUT1),14,0.0,Cortex pyramidal layer 6,Cortex,0,0,0,0,0,0,0,0,0,0,0,0,0,0,14,6,7,0,0,0,3,0,0,0,0,0,0,0,0,2,7,1,1,4,2,0,0,0,0,0,0,0,0,1,0,0,0,0,1,2,0,0,0,0,0,0,0,3,1,0,0,0,0,0,0,0,0,0,0,0,0,0,0,0,0,0,0,0,0,0,0,0,0,0,0,0,0,0,0,0,0,0,0,0,0,0,0,0,0,0,0,0,0,0,0,0,0,0,0,0,0,0,0,0,0,0,0,0,0,0,0,0,0,0,0,0,0,0,0,0,0,0,0,4,3,0,0,0,0,23,25,0,0,Neurons,CNS neurons,Telencephalon projecting neurons,Telencephalon projecting excitatory neurons,Tpre,0,1,0,3,0,17,15,0,0,0,0,0,0,0,0,6,0,0,0,0,13,0,0,5678.727272727273,Tissue_Ctx2
49,0,0,0,3,0,0,0,48,0,0,46,0,61,0,10,0,144,9,5,55,0,5,/Users/sten/build_20171205/L4_Telencephalon_Excitatory.loom,Neurons,TEGLU12,6.213164838690174,49,nan,"Excitatory neurons, cerebral cortex",Telencephalon,6,"Cldn5,Slc38a5",Nr4a2 Col24a1 Oprk1 B3gat2 Kcnv1 Stk32c,[ 1.  1.  1.  1.  1.  1.],[18  1  1  1  1  1],[ 0.  1.  1.  1.  1.],386,"Glutamate (VGLUT1,VGLUT2)",15,0.0,"Lateral cortex layer 6: gustatory, barrel field, auditory",Cortex,4,13,0,1,0,29,13,0,0,0,0,0,0,0,48,18,28,0,0,38,23,0,0,0,0,0,0,0,0,8,2,40,30,1,0,0,0,0,0,0,0,0,0,44,29,0,0,0,0,9,0,0,5,0,0,0,0,1,2,0,0,0,0,0,0,0,0,0,0,0,0,0,0,0,0,0,0,0,0,0,0,0,0,0,0,0,0,0,0,0,0,0,0,0,0,0,0,0,0,0,0,0,0,0,0,0,0,0,0,0,0,0,0,0,0,0,0,0,0,0,0,0,0,0,0,0,0,0,0,0,0,0,0,3,9,0,5,0,17,172,180,0,0,Neurons,CNS neurons,Telencephalon projecting neurons,Telencephalon projecting excitatory neurons,Tpre,0,0,0,103,5,130,116,0,0,0,1,0,0,0,0,1,0,0,17,0,13,0,0,4707.103626943005,Tissue_Ctx2
50,0,0,0,0,0,0,0,21,0,0,23,0,33,0,0,3,105,0,2,14,0,1,/Users/sten/build_20171205/L4_Telencephalon_Excitatory.loom,Neurons,TEGLU9,8.026245542850823,50,nan,"Excitatory neurons, cerebral cortex",Telencephalon,8,"Pth1r,Pdgfrb,Serpine1,Cd82",Dkkl1 Galntl6 Pkib Satb2 Nrep Stx1a,[ 1.  1.  1.  1.  1.  1.],[8 1 1 1 1 1],[ 0.  1.  1.  1.  1.],202,Glutamate (VGLUT1),23,0.0,"Cingulate/Retrosplenial area, layer 5",Cortex,0,0,2,0,0,8,6,0,0,0,0,0,0,0,21,13,10,0,0,18,14,1,0,0,0,0,0,0,0,0,0,23,29,0,0,0,0,0,0,0,0,0,0,30,23,0,0,0,0,0,0,0,1,0,0,0,0,0,0,0,0,0,0,0,0,0,0,0,0,0,0,0,0,0,0,0,0,0,0,0,0,0,0,0,0,0,0,0,0,0,0,0,0,0,0,0,0,0,0,0,0,0,0,0,0,0,0,0,0,0,0,1,2,0,0,0,0,0,0,0,0,0,0,0,0,0,0,0,0,0,0,0,3,0,0,0,1,0,0,92,106,0,0,Neurons,CNS neurons,Telencephalon projecting neurons,Telencephalon projecting excitatory neurons,Tpre,3,0,0,46,1,74,75,0,0,0,3,0,0,0,0,0,0,0,0,0,0,0,0,4881.465346534654,Tissue_Ctx3
51,0,0,0,0,0,0,0,256,0,0,424,0,781,0,1,1,736,28,172,658,1,13,/Users/sten/build_20171205/L4_Telencephalon_Excitatory.loom,Neurons,TEGLU8,8.992846847315937,51,nan,"Excitatory neurons, cerebral cortex",Telencephalon,9,"Pth1r,Pdgfrb",Krt12 Tcap A830036E02Rik Tnnc1 Ovol2 Stx1a,[ 1.  1.  1.  1.  1.  1.],[8 1 1 1 1 1],[ 0.  1.  1.  1.  1.],3071,Glutamate (VGLUT1),20,0.0,Cortical pyramidal layer 4,Cortex,169,287,3,0,0,214,140,0,0,1,0,0,0,0,248,240,184,0,0,363,417,0,1,0,0,0,0,0,0,0,1,283,275,4,4,0,0,0,0,5,3,0,0,67,103,0,0,0,0,28,0,2,11,0,0,0,0,0,0,0,0,0,0,0,2,0,7,8,0,0,0,0,0,0,0,0,0,0,0,0,0,0,0,0,0,0,0,0,0,0,0,0,0,0,0,0,0,0,0,0,0,0,0,0,0,0,0,0,0,0,0,0,1,0,0,0,0,0,0,0,0,0,0,0,0,0,0,0,0,0,0,17,1,0,28,0,13,0,456,960,1596,0,0,Neurons,CNS neurons,Telencephalon projecting neurons,Telencephalon projecting excitatory neurons,Tpre,12,2,0,1134,11,446,982,0,0,0,4,0,0,0,0,23,0,0,456,0,1,0,0,5037.561055030935,Tissue_Ctx1
52,0,0,0,2,0,0,0,11,0,0,264,0,628,0,0,2,578,0,173,767,9,1,/Users/sten/build_20171205/L4_Telencephalon_Excitatory.loom,Neurons,TEGLU7,10.0,52,nan,"Excitatory neurons, cerebral cortex",Telencephalon,10,"Acta2,Tagln",A830009L08Rik Gm12371 Lamp5 Calb1 Dact2 Cacng3,[ 1.  1.  1.  1.  1.  1.],[12  1  1  1  1  1],[ 0.  1.  1.  1.  1.],2435,Glutamate (VGLUT1),19,0.0,Cortical pyramidal layer 2/3,Cortex,173,116,0,0,0,354,266,0,0,4,5,0,0,0,4,146,118,0,0,320,308,0,0,0,0,0,0,0,0,0,0,268,281,14,11,0,0,0,0,4,3,0,0,0,4,0,0,0,0,0,1,0,0,0,0,0,0,0,2,0,0,0,0,0,3,0,17,11,0,0,0,0,0,0,0,0,0,0,0,0,0,0,0,0,0,0,0,0,0,0,0,0,0,0,0,0,0,0,0,0,0,0,0,0,0,0,0,0,0,0,0,1,1,0,0,0,0,0,0,0,0,0,0,0,0,0,0,0,0,0,0,31,2,2,0,0,1,0,289,895,1215,0,0,Neurons,CNS neurons,Telencephalon projecting neurons,Telencephalon projecting excitatory neurons,Tpre,21,1,0,1248,0,8,813,0,0,0,0,0,0,0,0,53,0,0,289,0,2,0,0,5969.336344969199,Tissue_Ctx1
53,0,0,0,0,0,0,0,0,0,0,0,0,577,0,0,0,0,0,1,3,0,0,/Users/sten/build_20171205/L4_Telencephalon_Inhibitory.loom,Neurons,TEINH10,4.081361909089372,53,nan,"R-LM border Cck interneurons, cortex/hippocampus",Telencephalon,60,"Ntrk2low,Ntrk3,Ret,fam19a1",Yjefn3 Hdhd3 Npas1 Cck Trp53i11 Necab2,[ 1.  1.  1.  1.  1.  1.],[15  1  1  1  1  1],[ 0.   0.7  0.7  0.7  0.7],581,"GABA, Glutamate (VGLUT3)",1,0.0,"Hippocampus (sr/slm),Cortex","Hippocampus,Cortex",0,0,1,0,0,2,1,0,0,0,0,0,577,0,0,0,0,0,0,0,0,0,0,0,0,0,0,0,0,0,0,0,0,0,0,0,0,0,0,0,0,0,0,0,0,0,0,0,0,0,0,0,0,0,0,0,0,0,0,0,0,0,0,0,0,0,0,0,0,0,0,0,0,0,0,0,0,0,0,0,0,0,0,0,0,0,0,0,0,0,0,0,0,0,0,0,0,0,0,0,0,0,0,0,0,0,0,0,0,0,0,0,0,0,0,0,0,0,0,0,0,0,0,0,0,0,0,0,0,0,0,0,0,0,0,0,0,577,0,4,0,0,0,Neurons,CNS neurons,Telencephalon interneurons,Telencephalon inhibitory interneurons,Chin,0,577,0,3,0,0,0,0,0,0,1,0,0,0,0,0,0,0,0,0,0,0,0,6089.232358003443,Tissue_CA1
54,0,2,5,5,0,0,0,4,0,0,6,0,34,0,0,1,26,29,12,17,3,516,/Users/sten/build_20171205/L4_Telencephalon_Inhibitory.loom,Neurons,TEINH11,8.17044095898413,54,nan,"R-LM border Cck interneurons, cortex/hippocampus",Telencephalon,61,"Ntrk1,Calca,Kit,Fam19a1high",Col19a1 Slc17a8 Adarb2 Cadps2 Kctd12 Syt6,[ 1.  1.  1.  1.  1.  1.],[9 1 1 1 1 1],[ 0.  1.  1.  1.  1.],660,"GABA,Glutamate (VGLUT3), Nitric oxide",0,0.0,"Hippocampus (sr/slm),Cortex","Hippocampus,Cortex",3,0,4,5,0,5,3,0,0,2,1,0,9,0,3,2,4,0,0,4,6,10,5,0,0,0,0,0,0,0,0,3,9,0,0,0,0,0,0,1,0,0,0,6,8,0,0,6,13,10,220,214,82,5,0,0,3,0,2,0,0,0,0,2,1,6,0,0,0,0,0,0,0,0,0,0,0,0,0,0,0,0,0,0,0,0,0,0,0,0,0,0,0,0,0,0,0,0,0,0,0,0,0,0,0,0,0,0,0,0,0,1,0,0,0,0,0,0,0,0,0,0,0,0,0,0,0,0,1,1,0,9,1,10,29,0,516,9,5,38,43,0,0,Neurons,CNS neurons,Telencephalon interneurons,Telencephalon inhibitory interneurons,Chin,16,462,0,18,82,27,18,0,8,0,24,0,0,0,0,0,0,0,3,0,2,0,0,7803.315151515151,Tissue_CA1
55,0,0,0,0,0,0,0,0,0,0,4,0,12,0,0,0,0,25,1,2,0,236,/Users/sten/build_20171205/L4_Telencephalon_Inhibitory.loom,Neurons,TEINH12,4.0098040916587125,55,nan,"Non-border Cck interneurons, cortex/hippocampus",Telencephalon,58,"Ntrk2,Necab2,Cacna1h",Krt73 Stk32b 5330429C05Rik Egln3 Dlx6os1 Wnt5a,[ 1.  1.  1.  1.  1.  1.],[17  1  1  1  1  1],[ 0.   0.4  0.4  0.4  0.4],280,"GABA,Glutamate (VGLUT3)",3,0.0,"Hippocampus,Cortex","Hippocampus,Cortex",0,0,0,1,0,1,0,0,0,0,0,0,3,0,0,2,2,0,0,0,1,1,7,0,0,0,0,0,0,0,0,0,0,0,0,0,0,0,0,0,0,0,0,0,0,0,0,16,8,1,112,119,5,0,0,0,0,0,0,0,0,0,0,0,0,1,0,0,0,0,0,0,0,0,0,0,0,0,0,0,0,0,0,0,0,0,0,0,0,0,0,0,0,0,0,0,0,0,0,0,0,0,0,0,0,0,0,0,0,0,0,0,0,0,0,0,0,0,0,0,0,0,0,0,0,0,0,0,0,0,0,1,0,0,25,0,236,3,0,6,9,0,0,Neurons,CNS neurons,Telencephalon interneurons,Telencephalon inhibitory interneurons,Chin,1,258,0,2,5,1,4,0,0,0,9,0,0,0,0,0,0,0,0,0,0,0,0,8341.25,Tissue_CA1
56,0,0,0,0,0,0,0,0,0,0,0,0,161,0,0,0,0,0,0,1,0,0,/Users/sten/build_20171205/L4_Telencephalon_Inhibitory.loom,Neurons,TEINH9,3.414603637416091,56,nan,"Non-border Cck interneurons, hippocampus",Telencephalon,59,"Pvalb,Ntrk3,Spp1high,Cntnap2high",Vip Fam181b Gm8797 Egln3 Usp28 Kcnip1,[ 1.  1.  1.  1.  1.  1.],[14  1  1  1  1  1],[ 0.   0.1  0.1  0.1  0.1],162,GABA,2,0.0,Hippocampus,Hippocampus,0,0,0,0,0,1,0,0,0,0,0,0,161,0,0,0,0,0,0,0,0,0,0,0,0,0,0,0,0,0,0,0,0,0,0,0,0,0,0,0,0,0,0,0,0,0,0,0,0,0,0,0,0,0,0,0,0,0,0,0,0,0,0,0,0,0,0,0,0,0,0,0,0,0,0,0,0,0,0,0,0,0,0,0,0,0,0,0,0,0,0,0,0,0,0,0,0,0,0,0,0,0,0,0,0,0,0,0,0,0,0,0,0,0,0,0,0,0,0,0,0,0,0,0,0,0,0,0,0,0,0,0,0,0,0,0,0,161,0,1,0,0,0,Neurons,CNS neurons,Telencephalon interneurons,Telencephalon inhibitory interneurons,Chin,0,161,0,1,0,0,0,0,0,0,0,0,0,0,0,0,0,0,0,0,0,0,0,5486.7962962962965,Tissue_CA1
57,0,0,0,0,0,0,0,0,0,0,0,0,0,0,0,0,20,0,5,31,0,0,/Users/sten/build_20171205/L4_Olfactory_Inhibitory.loom,Neurons,OBINH5,4.176366760583325,57,Likely van Gehuchten cells,"External plexiform layer interneuron, olfactory bulb",Telencephalon,46,,Crh Tcap Pgam2 Pde1c Nxph1 Pygm,[ 1.  1.  1.  1.  1.  1.],[13  1  1  1  1  1],[ 0.   0.3  0.9  1.   1. ],56,GABA,0,0.0,"Olfactory bulb, outer plexiform layer",Olfactory bulb,0,0,0,0,5,0,0,0,0,0,0,0,0,0,0,0,0,0,0,0,0,0,0,0,0,0,0,0,0,0,0,0,0,8,12,0,0,0,0,0,0,0,0,0,0,0,0,0,0,0,0,0,0,0,0,0,0,0,0,0,0,0,0,0,0,0,11,20,0,0,0,0,0,0,0,0,0,0,0,0,0,0,0,0,0,0,0,0,0,0,0,0,0,0,0,0,0,0,0,0,0,0,0,0,0,0,0,0,0,0,0,0,0,0,0,0,0,0,0,0,0,0,0,0,0,0,0,0,0,0,0,31,0,0,0,0,0,0,0,5,20,0,0,Neurons,CNS neurons,Telencephalon interneurons,Olfactory inhibitory neurons,Obin,0,0,0,0,0,0,0,0,0,0,0,0,0,0,0,56,0,0,0,0,0,0,0,2567.6071428571427,Tissue_OB
58,0,0,2,2,0,0,0,8,0,0,8,0,22,0,2,1,30,24,6,19,4,321,/Users/sten/build_20171205/L4_Telencephalon_Inhibitory.loom,Neurons,TEINH5,2.1074574459341666,58,nan,"Interneuron-selective interneurons, cortex/hippocampus",Telencephalon,63,"Ntrk1,Kit,Calca,Tac1,Gfra3,Sstr2,",Vip Tiam1 Myl1 Vwc2 Dlx6os1 Prox1os,[ 1.  1.  1.  1.  1.  1.],[9 1 1 1 1 1],[ 0.   0.7  0.7  0.7  0.7],449,"GABA, Nitric oxide",7,0.0,"Hippocampus,Cortex","Hippocampus,Cortex",0,3,5,1,0,5,6,0,0,4,0,0,0,0,7,2,6,0,0,1,4,8,9,0,0,0,0,0,0,1,1,8,10,0,0,0,0,0,0,0,1,0,0,7,5,0,0,11,7,6,144,151,26,2,0,0,1,1,0,0,0,0,0,1,0,4,0,0,0,0,0,0,0,0,0,0,0,0,0,0,0,0,0,0,0,0,0,0,0,0,0,0,0,0,0,0,0,0,0,0,0,0,0,0,0,0,0,0,0,0,0,0,1,0,0,0,0,0,0,0,0,0,0,0,0,0,0,0,0,0,0,5,1,4,24,0,321,0,3,40,51,0,0,Neurons,CNS neurons,Telencephalon interneurons,Telencephalon inhibitory interneurons,Chin,11,313,0,16,26,25,26,0,3,0,23,0,0,0,0,0,0,0,3,0,3,0,0,2831.54565701559,Tissue_CA1
59,0,0,2,2,0,0,0,1,0,0,0,0,6,0,1,0,1,21,4,1,0,106,/Users/sten/build_20171205/L4_Telencephalon_Inhibitory.loom,Neurons,TEINH6,7.2240071000471895,59,nan,"Interneuron-selective interneurons, cortex/hippocampus",Telencephalon,66,"TrpM8,ASIC1,Tac1,Gfra3",Tac2 Epha7 Npas1 Rgs12 Nr2f2 March1,[ 1.  1.  1.  1.  1.  1.],[7 1 1 1 1 1],[ 0.   0.7  0.7  0.7  0.9],145,GABA,6,0.0,"Hippocampus,Cortex","Hippocampus,Cortex",1,1,2,1,0,0,0,0,0,0,0,0,1,0,0,0,0,0,0,0,0,1,4,0,0,0,0,0,0,1,0,0,0,0,0,0,0,0,0,1,0,0,0,0,1,0,0,11,8,2,54,43,9,2,0,0,2,0,0,0,0,0,0,0,0,0,0,0,0,0,0,0,0,0,0,0,0,0,0,0,0,0,0,0,0,0,0,0,0,0,0,0,0,0,0,0,0,0,0,0,0,0,0,0,0,0,0,0,0,0,0,0,0,0,0,0,0,0,0,0,0,0,0,0,0,0,0,0,0,0,0,0,0,4,21,0,106,1,2,6,5,0,0,Neurons,CNS neurons,Telencephalon interneurons,Telencephalon inhibitory interneurons,Chin,1,117,0,0,9,3,0,0,4,0,8,0,0,0,0,0,0,0,2,0,1,0,0,3250.4689655172415,Tissue_CA1
60,0,0,0,0,0,0,0,0,0,0,0,0,66,0,0,0,0,0,1,0,0,1,/Users/sten/build_20171205/L4_Telencephalon_Inhibitory.loom,Neurons,TEINH7,8.845554255787889,60,nan,"Interneuron-selective interneurons, hippocampus",Telencephalon,65,"Ntrk1,Tac1,Gfra3,lmod1",Htr3a Mns1 Npas1 Qpct Usp28 Stmn1,[ 1.  1.  1.  1.  1.  1.],[11  1  1  1  1  1],[ 0.   0.1  0.1  0.1  0.1],68,GABA,4,0.0,Hippocampus,Hippocampus,0,0,1,0,0,0,0,0,0,0,0,0,66,0,0,0,0,0,0,0,0,0,0,0,0,0,0,0,0,0,0,0,0,0,0,0,0,0,0,0,0,0,0,0,0,0,0,0,0,0,0,0,1,0,0,0,0,0,0,0,0,0,0,0,0,0,0,0,0,0,0,0,0,0,0,0,0,0,0,0,0,0,0,0,0,0,0,0,0,0,0,0,0,0,0,0,0,0,0,0,0,0,0,0,0,0,0,0,0,0,0,0,0,0,0,0,0,0,0,0,0,0,0,0,0,0,0,0,0,0,0,0,0,0,0,0,1,66,0,1,0,0,0,Neurons,CNS neurons,Telencephalon interneurons,Telencephalon inhibitory interneurons,Chin,0,66,0,0,1,0,0,0,0,0,1,0,0,0,0,0,0,0,0,0,0,0,0,4357.588235294118,Tissue_CA1
61,0,0,0,0,0,0,0,0,0,0,0,0,57,0,0,0,0,0,0,0,0,0,/Users/sten/build_20171205/L4_Telencephalon_Inhibitory.loom,Neurons,TEINH8,7.400380689676221,61,nan,"Interneuron-selective interneurons, hippocampus",Telencephalon,64,"Ntrk1,Calca,Kit,Gfra3,Tac1",Vip Ccne1 Myl1 Cidea Usp28 Pcdh8,[ 1.  1.  1.  1.  1.  1.],[12  1  1  1  1  1],[ 0.   0.1  0.2  0.2  0.2],57,GABA,5,0.0,Hippocampus,Hippocampus,0,0,0,0,0,0,0,0,0,0,0,0,57,0,0,0,0,0,0,0,0,0,0,0,0,0,0,0,0,0,0,0,0,0,0,0,0,0,0,0,0,0,0,0,0,0,0,0,0,0,0,0,0,0,0,0,0,0,0,0,0,0,0,0,0,0,0,0,0,0,0,0,0,0,0,0,0,0,0,0,0,0,0,0,0,0,0,0,0,0,0,0,0,0,0,0,0,0,0,0,0,0,0,0,0,0,0,0,0,0,0,0,0,0,0,0,0,0,0,0,0,0,0,0,0,0,0,0,0,0,0,0,0,0,0,0,0,57,0,0,0,0,0,Neurons,CNS neurons,Telencephalon interneurons,Telencephalon inhibitory interneurons,Chin,0,57,0,0,0,0,0,0,0,0,0,0,0,0,0,0,0,0,0,0,0,0,0,3334.7894736842104,Tissue_CA1
62,0,0,1,0,0,0,0,18,0,0,26,0,88,0,2,3,104,50,7,72,1,273,/Users/sten/build_20171205/L4_Telencephalon_Inhibitory.loom,Neurons,TEINH4,7.999839801544788,62,nan,"Interneuron-selective interneurons, cortex/hippocampus",Telencephalon,62,"Ntrk1,Calca,Kit,Gfra3,Tac1,Traf3ip3,,Itk",Vip Gm17750 Cxcl14 Adra1b Dlx6os1 Kcnip1,[ 1.  1.  1.  1.  1.  1.],[12  1  1  1  1  1],[ 0.   0.6  1.   1.   1. ],645,GABA,8,0.0,"Hippocampus,Cortex","Hippocampus,Cortex",4,10,2,1,0,32,23,0,0,1,0,0,38,0,16,13,13,0,0,28,15,3,4,0,0,0,0,0,0,2,0,19,24,0,0,0,0,0,0,1,1,0,0,29,32,0,0,3,8,39,76,71,126,1,0,0,0,0,0,0,0,0,0,2,0,5,0,0,0,0,0,0,0,0,0,0,0,0,0,0,0,0,0,0,0,0,0,0,0,0,0,0,0,0,0,0,0,0,0,0,0,0,0,0,0,0,0,0,0,0,0,2,1,0,0,0,0,0,0,0,0,0,0,0,0,0,0,0,0,0,0,7,3,1,50,0,273,38,14,149,110,0,0,Neurons,CNS neurons,Telencephalon interneurons,Telencephalon inhibitory interneurons,Chin,13,196,0,98,126,116,69,0,1,0,10,0,0,0,0,0,0,0,14,0,2,0,0,2882.9147286821703,Tissue_CA1
63,0,0,2,0,0,0,0,1,0,0,0,0,59,0,0,0,0,19,0,0,0,58,/Users/sten/build_20171205/L4_Telencephalon_Inhibitory.loom,Neurons,TEINH20,7.914377111135989,63,"May also be located to the hilus of the dentate gyrus, based on Slc18a2","Inhibitory interneurons, hippocampus",Telencephalon,56,"Mrgprd,Gfra2,Runx1,Prkcq,Ret",Cyp26b1 Stk32b Chrm2 Tcerg1l Nell1 Grik1,[ 1.  1.  1.  1.  1.  1.],[13  3  1  1  1  1],[ 0.   0.   0.9  0.9  0.9],139,GABA,19,0.0,Hippocampus (sr/slm),Hippocampus,0,0,0,0,0,0,0,0,0,0,0,0,55,0,0,0,0,0,0,0,0,1,3,0,0,0,0,0,0,0,0,0,0,0,0,0,0,0,0,1,0,0,0,0,0,0,0,7,12,0,34,24,0,2,0,0,0,0,0,0,0,0,0,0,0,0,0,0,0,0,0,0,0,0,0,0,0,0,0,0,0,0,0,0,0,0,0,0,0,0,0,0,0,0,0,0,0,0,0,0,0,0,0,0,0,0,0,0,0,0,0,0,0,0,0,0,0,0,0,0,0,0,0,0,0,0,0,0,0,0,0,0,0,2,19,0,58,55,0,1,4,0,0,Neurons,CNS neurons,Telencephalon interneurons,Telencephalon inhibitory interneurons,Chin,1,132,0,0,0,0,0,0,2,0,4,0,0,0,0,0,0,0,0,0,0,0,0,6379.021582733813,Tissue_CA1
64,0,0,0,0,0,0,0,0,0,0,0,0,13,0,0,0,1,12,0,0,0,137,/Users/sten/build_20171205/L4_Telencephalon_Inhibitory.loom,Neurons,TEINH13,10.0,64,nan,"Trilaminar cells, hippocampus",Telencephalon,57,"Zfp521,Ret,Gfra2,Asic1,Slc17a8",Ibsp Cnr1 Ntng1 Rgs8 Arx Unc5d,[ 1.  1.  1.  1.  1.  1.],[7 1 1 1 1 1],[ 0.   0.3  0.5  0.5  0.5],163,"GABA, Glutamate (VGLUT3)",18,0.0,Hippocampus,Hippocampus,0,0,0,0,0,0,0,0,0,0,0,0,8,0,0,0,0,0,0,0,0,4,1,0,0,0,0,0,0,0,0,1,0,0,0,0,0,0,0,0,0,0,0,0,0,0,0,6,6,0,73,64,0,0,0,0,0,0,0,0,0,0,0,0,0,0,0,0,0,0,0,0,0,0,0,0,0,0,0,0,0,0,0,0,0,0,0,0,0,0,0,0,0,0,0,0,0,0,0,0,0,0,0,0,0,0,0,0,0,0,0,0,0,0,0,0,0,0,0,0,0,0,0,0,0,0,0,0,0,0,0,0,0,0,12,0,137,8,0,0,6,0,0,Neurons,CNS neurons,Telencephalon interneurons,Telencephalon inhibitory interneurons,Chin,0,157,0,0,0,0,1,0,0,0,5,0,0,0,0,0,0,0,0,0,0,0,0,6903.6564417177915,Tissue_CA1
65,0,0,0,1,0,0,0,16,0,0,6,0,15,0,1,0,43,37,7,54,0,242,/Users/sten/build_20171205/L4_Telencephalon_Inhibitory.loom,Neurons,TEINH14,6.31208586435435,65,nan,"CGE-derived neurogliaform cells Cxcl14+, cortex/hippocampus",Telencephalon,55,"Mrgprd,Gfra2,Runx1,Prkcq,Ret,P2rx3",Cplx3 Teddm3 Reln Gad2 Parm1 Kcnip1,[ 1.  1.  1.  1.  1.  1.],[5 1 1 1 1 1],[ 0.  1.  1.  1.  1.],422,GABA,17,0.0,"Hippocampus,Cortex","Hippocampus,Cortex",5,11,0,2,0,27,14,0,0,0,0,0,1,0,16,3,3,0,0,2,10,2,0,0,0,0,0,0,0,1,0,10,12,0,0,0,0,0,0,0,0,0,0,13,8,0,0,9,7,21,35,40,167,0,0,0,0,0,1,0,0,0,0,1,0,1,0,0,0,0,0,0,0,0,0,0,0,0,0,0,0,0,0,0,0,0,0,0,0,0,0,0,0,0,0,0,0,0,0,0,0,0,0,0,0,0,0,0,0,0,0,0,0,0,0,0,0,0,0,0,0,0,0,0,0,0,0,0,0,0,0,2,0,1,37,0,242,1,16,71,52,0,0,Neurons,CNS neurons,Telencephalon interneurons,Telencephalon inhibitory interneurons,Chin,2,92,0,53,167,58,28,0,0,0,4,0,0,0,0,0,0,0,16,0,2,0,0,3205.2582938388628,Tissue_Ctx1.5
66,0,0,22,15,0,0,0,5,0,0,2,0,147,0,0,0,4,55,18,8,1,367,/Users/sten/build_20171205/L4_Telencephalon_Inhibitory.loom,Neurons,TEINH16,4.173720501684606,66,nan,"Ivy and MGE-derived neurogliaform cells, cortex/hippocampus",Telencephalon,53,"Mrgpra3,Gfra1,Ret,Calca,P2rx3",Lhx6 Pde11a Hapln1 Ngf Kcns3 Vstm2a,[ 1.  1.  1.  1.  1.  1.],[5 1 1 1 1 1],[ 0.  1.  1.  1.  1.],644,"GABA, Nitric oxide",15,0.0,"Hippocampus,Cortex","Hippocampus,Cortex",0,0,8,10,0,0,1,0,0,0,1,0,133,0,1,0,2,0,0,0,0,8,6,0,0,0,0,0,0,0,0,3,0,0,0,0,0,0,0,3,1,0,0,0,1,0,0,30,24,1,152,191,24,22,0,0,15,0,0,0,0,0,0,4,1,2,0,0,0,0,0,0,0,0,0,0,0,0,0,0,0,0,0,0,0,0,0,0,0,0,0,0,0,0,0,0,0,0,0,0,0,0,0,0,0,0,0,0,0,0,0,0,0,0,0,0,0,0,0,0,0,0,0,0,0,0,0,0,0,0,0,7,0,37,55,0,367,133,0,26,19,0,0,Neurons,CNS neurons,Telencephalon interneurons,Telencephalon inhibitory interneurons,Chin,12,530,0,1,24,3,5,0,37,0,32,0,0,0,0,0,0,0,0,0,0,0,0,4676.883540372671,Tissue_CA1
67,0,0,0,1,0,0,0,22,0,0,20,0,43,1,2,9,78,42,6,106,11,728,/Users/sten/build_20171205/L4_Telencephalon_Inhibitory.loom,Neurons,TEINH15,4.9954303166203875,67,nan,"CGE-derived neurogliaform cells, cortex/hippocampus",Telencephalon,54,"Mrgpra3,Gfra1,Ret",Npy Ptchd2 Pnoc Gad2 Resp18 Arl4c,[ 1.  1.  1.  1.  1.  1.],[6 1 1 1 1 1],[ 0.  1.  1.  1.  1.],1069,"GABA, Nitric oxide",16,0.0,"Hippocampus,Cortex","Hippocampus,Cortex",1,4,1,4,0,50,30,0,0,5,6,0,23,0,10,8,12,0,0,7,13,0,0,0,1,0,0,0,0,0,2,32,21,0,0,0,0,0,0,7,5,0,0,13,12,0,0,7,14,21,71,92,565,0,0,0,1,0,0,0,0,0,0,8,3,11,0,0,0,0,0,0,0,0,0,0,0,0,0,0,0,0,0,0,0,0,0,0,0,0,0,0,0,0,0,0,0,0,0,0,0,0,0,0,0,0,0,0,0,0,0,3,6,0,0,0,0,0,0,0,0,0,0,0,0,0,0,0,0,0,0,22,9,1,42,0,728,23,5,144,95,0,0,Neurons,CNS neurons,Telencephalon interneurons,Telencephalon inhibitory interneurons,Chin,54,207,0,100,565,56,73,0,1,0,5,0,0,0,0,0,0,0,5,1,2,0,0,3397.2263797942,Tissue_Ctx1.5
68,0,0,0,4,0,0,0,5,0,0,8,0,108,0,3,0,2,81,8,4,0,817,/Users/sten/build_20171205/L4_Telencephalon_Inhibitory.loom,Neurons,TEINH19,7.998961928444868,68,nan,"Hippocamposeptal projection, cortex/hippocampus",Telencephalon,51,"Neu4,Bmp4",Sst Ccna1 Elfn1 Lypd6 Lypd6b Rab3b,[ 1.  1.  1.  1.  1.  1.],[7 1 1 1 1 1],[ 0.  1.  1.  1.  1.],1040,GABA,10,0.0,"Hippocampus (so),Cortex","Hippocampus,Cortex",0,2,4,4,0,1,1,0,0,0,0,0,107,0,4,2,6,0,0,0,0,1,0,0,0,0,0,0,0,2,1,2,0,0,0,0,0,0,0,0,1,0,0,0,0,0,0,27,29,25,369,357,91,0,0,0,2,0,2,0,0,0,0,0,0,0,0,0,0,0,0,0,0,0,0,0,0,0,0,0,0,0,0,0,0,0,0,0,0,0,0,0,0,0,0,0,0,0,0,0,0,0,0,0,0,0,0,0,0,0,0,0,0,0,0,0,0,0,0,0,0,0,0,0,0,0,0,0,0,0,0,0,0,4,81,0,817,107,2,22,7,0,0,Neurons,CNS neurons,Telencephalon interneurons,Telencephalon inhibitory interneurons,Chin,1,889,0,2,91,29,10,0,2,0,9,0,0,0,0,0,0,0,2,0,5,0,0,6173.805769230769,Tissue_CA1
69,0,0,0,11,24,0,0,4,0,0,2,0,4,34,57,18,7,4,2,69,6,143,/Users/sten/build_20171205/L4_Telencephalon_Inhibitory.loom,Neurons,TEINH21,8.000043215695385,69,nan,"Sleep-active, long-range projection interneurons, cortex/hippocampus",Telencephalon,52,"Sst,Nppb,,Nts,IL31RA,Osmr,P2rx3",Crhbp Tacr1 Chodl Gm11744 Cygb Klf5,[ 1.  1.  1.  1.  1.  1.],[11  1  1  1  1  1],[ 0.  1.  1.  1.  1.],385,"GABA, Nitric oxide",9,0.0,"Hippocampus,Cortex","Hippocampus,Cortex",1,0,0,1,0,1,3,19,18,1,5,0,0,0,0,1,1,0,0,1,3,0,0,15,19,0,0,0,0,31,26,1,3,0,0,0,0,0,0,1,3,0,0,1,2,0,0,1,2,1,20,11,112,0,0,0,0,5,6,0,0,0,0,12,6,10,0,0,3,6,3,4,0,0,0,0,0,0,6,2,0,0,0,0,0,0,0,0,0,0,0,0,0,0,0,0,0,0,0,0,0,0,0,0,0,0,0,0,0,0,0,5,8,1,4,0,0,0,0,0,0,0,0,0,0,0,0,0,0,0,0,52,18,11,4,0,143,0,1,108,48,0,0,Neurons,CNS neurons,Telencephalon interneurons,Telencephalon inhibitory interneurons,Chin,51,34,0,8,112,4,6,0,0,0,1,29,0,0,0,0,0,0,1,71,68,0,0,4628.405194805195,Tissue_Ctx1.5
70,0,0,0,0,5,0,0,0,0,0,0,0,0,0,0,6,2,0,0,0,0,0,/Users/sten/build_20171205/L4_Hypothalamus_Peptidergic.loom,Neurons,HYPEP7,9.997517661337225,70,nan,"Pmch neurons, hypothalamus",Diencephalon,73,"Fst,Gfra3",Pmch Nkx2-1 Otx1 Klhl13 Fam46a Gstm6,[ 1.  1.  1.  1.  1.  1.],[13  1  1  1  1  1],[ 0.   0.3  0.3  0.5  0.5],13,Glutamate (VGLUT2),0,0.0,Lateral hypothalamic area,Hypothalamus,0,0,0,0,0,0,0,0,0,0,0,0,0,0,0,0,0,0,0,0,0,0,0,0,0,0,0,0,0,0,0,0,0,0,0,0,0,0,0,0,0,0,0,0,0,1,1,0,0,0,0,0,0,0,0,0,0,0,0,0,0,0,0,0,0,0,0,0,0,3,1,0,0,0,0,0,0,0,1,0,0,0,0,0,0,0,0,0,0,0,0,0,0,0,0,0,0,0,0,0,0,0,0,0,0,0,0,0,0,0,0,0,0,2,4,0,0,0,0,0,0,0,0,0,0,0,0,0,0,0,0,5,6,0,0,0,0,0,0,2,0,0,0,Neurons,CNS neurons,"Cholinergic, monoaminergic and peptidergic neurons",Cholinergic and monoaminergic neurons,Chmn,0,0,0,0,0,0,0,0,0,0,0,13,0,0,0,0,0,0,0,0,0,0,0,8738.384615384615,Tissue_Hypoth
71,0,0,0,0,20,0,0,0,0,0,0,0,0,0,0,12,0,0,0,0,0,0,/Users/sten/build_20171205/L4_Diencephalon_Excitatory.loom,Neurons,HYPEP6,9.629235269245292,71,nan,"Orexin-producing neurons, hypothalamus",Diencephalon,74,"Lypd1,Vdr",Hcrt Pdyn Trhr Plagl1 Pcsk1 Nptx2,[ 1.  1.  1.  1.  1.  1.],[9 1 1 1 1 1],[ 0.   0.1  0.1  0.9  1. ],32,Nitric oxide,0,0.0,Dorsomedial nucleus of the hypothalamus,Hypothalamus,0,0,0,0,0,0,0,0,0,0,0,0,0,0,0,0,0,0,0,0,0,0,0,0,0,0,0,0,0,0,0,0,0,0,0,0,0,0,0,0,0,0,0,0,0,0,0,0,0,0,0,0,0,0,0,0,0,0,0,0,0,0,0,0,0,0,0,0,0,5,6,3,1,0,0,0,0,0,4,1,0,0,0,0,0,0,0,0,0,0,0,0,0,0,0,0,0,0,0,0,0,0,0,0,0,0,0,0,0,0,0,0,0,6,6,0,0,0,0,0,0,0,0,0,0,0,0,0,0,0,0,20,12,0,0,0,0,0,0,0,0,0,0,Neurons,CNS neurons,"Cholinergic, monoaminergic and peptidergic neurons",Cholinergic and monoaminergic neurons,Chmn,0,0,0,0,0,0,0,0,0,0,0,31,0,0,0,0,0,0,0,0,0,0,1,6373.1875,Tissue_Hypoth
72,0,0,0,0,94,0,0,0,0,0,0,0,0,0,0,14,10,0,0,0,2,0,/Users/sten/build_20171205/L4_Hypothalamus_Peptidergic.loom,Neurons,DEINH8,2.232612186751661,72,nan,"Inhibitory neurons, hypothalamus",Diencephalon,92,"Prkcd,Socs2",Six6 Rgs16 Pkib Scg2 Rab26os B630019K06Rik,[ 1.  1.  1.  1.  1.  1.],[11  1  1  1  1  1],[ 0.  1.  1.  1.  1.],120,GABA,5,0.0,"Suprachiasmatic nucleus, Medial preoptic nucleus",Hypothalamus,0,0,0,0,0,0,0,0,0,0,0,2,0,0,0,0,0,0,0,0,0,0,0,0,0,0,0,0,0,0,0,0,0,0,0,0,0,0,0,0,0,0,0,0,0,8,2,0,0,0,0,0,0,0,0,0,0,0,0,0,0,0,0,0,0,0,0,0,5,36,11,25,0,0,0,0,0,0,10,7,0,0,0,0,0,0,0,0,0,0,0,0,0,0,0,0,0,0,0,0,0,0,0,0,0,0,0,0,0,0,0,0,0,7,7,0,0,0,0,0,0,0,0,0,0,0,0,0,0,0,0,94,14,0,0,0,0,0,0,10,2,0,0,Neurons,CNS neurons,"Cholinergic, monoaminergic and peptidergic neurons",Peptidergic neurons,Hpep,0,0,0,0,0,0,0,0,0,0,0,120,0,0,0,0,0,0,0,0,0,0,0,1910.6666666666667,Tissue_Hypoth
73,0,0,0,0,0,0,45,8,0,0,0,0,0,0,0,4,0,0,0,0,0,0,/Users/sten/build_20171205/L4_Brain_CholinergicMonoaminergic.loom,Neurons,MBDOP1,7.6349715728855205,73,"Th but very low Slc6a3, neither VGLUT1,2 or 3; no Gad1 or Gad2","Dopaminergic neurons, periaqueductal grey",Mesencephalon,76,"Nmu,Calcb",En1 Npw Ret D930028M14Rik C130021I20Rik Pou2f2,[ 1.  1.  1.  1.  1.  1.],[10  1  1  1  1  1],[ 0.   0.8  0.8  0.8  0.9],57,Dopamine,12,0.0,"Ventral midbrain, periaqueductal grey",Midbrain ventral,0,0,0,0,0,0,0,0,0,0,0,0,0,0,0,0,0,0,0,0,0,0,0,0,0,0,0,0,0,0,0,0,0,0,0,0,0,0,0,0,0,2,6,0,0,0,0,0,0,0,0,0,0,0,0,0,0,0,0,0,0,0,0,0,0,0,0,0,0,0,0,0,0,0,0,0,0,0,0,0,0,0,0,0,5,10,13,17,0,0,0,0,0,0,0,0,0,0,0,0,0,0,0,0,0,0,0,0,0,0,0,0,0,0,0,0,0,2,2,0,0,0,0,0,0,0,0,0,0,0,0,0,45,4,0,0,0,0,0,8,0,0,0,Neurons,CNS neurons,"Cholinergic, monoaminergic and peptidergic neurons",Cholinergic and monoaminergic neurons,Chmn,0,0,0,0,0,0,0,0,0,0,0,0,0,57,0,0,0,0,0,0,0,0,0,3079.6140350877195,Tissue_MBv
74,0,0,0,0,0,0,15,35,0,0,5,0,0,0,0,8,0,0,0,0,0,0,/Users/sten/build_20171205/L4_Brain_CholinergicMonoaminergic.loom,Neurons,MBDOP2,3.261215953838345,74,nan,"Dopaminergic neurons, ventral midbrain (SNc, VTA)",Mesencephalon,77,"Cck,Ucn3",Slc6a3 Chrna6 Chrnb3 Ddc Aldh1a1 Chrna4,[ 1.  1.  1.  1.  1.  1.],[8 1 1 1 1 1],[ 0.   0.6  1.   1.   1. ],63,Dopamine,13,0.0,Ventral tegmental area and subtantia nigra,Midbrain ventral,0,0,0,0,0,0,0,0,0,0,0,0,0,0,0,0,0,0,0,0,0,0,0,0,0,0,0,0,0,0,0,0,0,0,0,0,0,0,0,0,0,22,13,0,0,0,0,0,0,0,0,0,0,0,0,0,0,0,0,0,0,0,0,0,0,0,0,0,0,0,0,0,0,0,0,0,0,0,0,0,0,0,0,0,1,7,4,3,0,0,0,0,0,0,0,0,0,0,0,0,0,0,0,0,0,0,0,0,1,3,1,0,0,0,0,0,0,6,2,0,0,0,0,0,0,0,0,0,0,0,0,0,15,13,0,0,0,0,0,35,0,0,0,Neurons,CNS neurons,"Cholinergic, monoaminergic and peptidergic neurons",Cholinergic and monoaminergic neurons,Chmn,0,0,0,0,0,0,0,0,0,0,0,0,0,58,0,0,5,0,0,0,0,0,0,5379.333333333333,Tissue_MBv
75,0,0,0,0,0,0,34,11,0,0,0,0,0,0,0,2,0,0,0,0,0,0,/Users/sten/build_20171205/L4_Mesencephalon_Excitatory.loom,Neurons,MEGLU14,6.329469003172852,75,https://www.ncbi.nlm.nih.gov/pubmed/18925658,Glutamatergic projection neurons of the raphe nucleus,Mesencephalon,75,Bmp4,Cartpt Ucn Chodl Gm15469 Sdc1 Foxa2,[ 1.  1.  1.  1.  1.  1.],[16  1  1  1  1  1],[ 0.   0.5  1.   1.   1. ],47,Glutamate (VGLUT3),0,0.0,Dorsal raphe nucleus,Midbrain dorsal,0,0,0,0,0,0,0,0,0,0,0,0,0,0,0,0,0,0,0,0,0,0,0,0,0,0,0,0,0,0,0,0,0,0,0,0,0,0,0,0,0,8,3,0,0,0,0,0,0,0,0,0,0,0,0,0,0,0,0,0,0,0,0,0,0,0,0,0,0,0,0,0,0,0,0,0,0,0,0,0,0,0,0,0,8,8,12,6,0,0,0,0,0,0,0,0,0,0,0,0,0,0,0,0,0,0,0,0,0,0,0,0,0,0,0,0,0,2,0,0,0,0,0,0,0,0,0,0,0,0,0,0,34,2,0,0,0,0,0,11,0,0,0,Neurons,CNS neurons,"Cholinergic, monoaminergic and peptidergic neurons",Cholinergic and monoaminergic neurons,Chmn,0,0,0,0,0,0,0,0,0,0,0,0,0,47,0,0,0,0,0,0,0,0,0,6930.170212765957,Tissue_MBv
76,0,0,0,0,0,0,183,1,0,0,35,0,0,0,0,30,0,0,0,0,0,0,/Users/sten/build_20171205/L4_Mesencephalon_Excitatory.loom,Neurons,MEGLU11,3.978270447092053,76,nan,"Excitatory neurons, midbrain",Mesencephalon,129,"Slc17a7,Ramp3",En1 Sema3f Ndst4 Inadl Plcxd2 Mab21l1,[ 1.  1.  1.  1.  1.  1.],[21  2  1  1  1  1],[ 0.   0.   0.1  0.1  0.2],249,Glutamate (VGLUT1),2,0.0,Inferior colliculus,Midbrain dorsal,0,0,0,0,0,0,0,0,0,0,0,0,0,0,0,0,0,21,14,0,0,0,0,0,0,0,0,0,0,0,0,0,0,0,0,0,0,0,0,0,0,1,0,0,0,0,0,0,0,0,0,0,0,0,0,0,0,0,0,0,0,0,0,0,0,0,0,0,0,0,0,0,0,0,0,0,0,0,0,0,52,40,36,50,1,3,1,0,0,0,0,0,0,0,0,0,0,0,0,0,0,0,0,0,0,0,0,0,0,0,0,0,0,0,0,21,7,1,1,0,0,0,0,0,0,0,0,0,0,0,0,0,183,30,0,0,0,0,0,36,0,0,0,Neurons,CNS neurons,Di- and mesencephalon neurons,Di- and mesencephalon excitatory neurons,Dime,0,0,0,0,0,0,0,0,0,0,0,0,241,8,0,0,0,0,0,0,0,0,0,4502.570281124498,Tissue_MBd
77,0,0,0,0,0,0,264,4,0,0,85,0,0,0,0,66,0,0,0,0,0,0,/Users/sten/build_20171205/L4_Mesencephalon_Excitatory.loom,Neurons,MEGLU10,4.201042904901642,77,Poor markers,"Excitatory neurons, midbrain",Mesencephalon,128,"Calca,Cbln1",En1 Ngb Ndst4 AW551984 Zfhx4 Mab21l1,[ 1.  1.  1.  1.  1.  1.],[15  1  1  1  1  1],[ 0.   0.1  0.1  0.1  0.1],419,"Glutamate (VGLUT1), Nitric oxide",3,0.0,Inferior colliculus,Midbrain dorsal,0,0,0,0,0,0,0,0,0,0,0,0,0,0,0,0,0,46,39,0,0,0,0,0,0,0,0,0,0,0,0,0,0,0,0,0,0,0,0,0,0,2,2,0,0,0,0,0,0,0,0,0,0,0,0,0,0,0,0,0,0,0,0,0,0,0,0,0,0,0,0,0,0,0,0,0,0,0,0,0,67,61,57,71,1,5,1,1,0,0,0,0,0,0,0,0,0,0,0,0,0,0,0,0,0,0,0,0,0,0,0,0,0,0,0,37,29,0,0,0,0,0,0,0,0,0,0,0,0,0,0,0,264,66,0,0,0,0,0,89,0,0,0,Neurons,CNS neurons,Di- and mesencephalon neurons,Di- and mesencephalon excitatory neurons,Dime,0,0,0,0,0,0,0,0,0,0,0,0,407,12,0,0,0,0,0,0,0,0,0,4193.035799522673,Tissue_MBd
78,0,0,0,0,0,0,160,7,0,0,36,0,0,0,0,40,0,0,0,0,0,0,/Users/sten/build_20171205/L4_Mesencephalon_Excitatory.loom,Neurons,MEGLU9,1.2738308801269715,78,nan,"Excitatory neurons, midbrain",Mesencephalon,127,"Doc2b,Slc30a3",Tcf7l2 Zfp239 Cbln2 AW551984 Zfhx4 Usp29,[ 1.  1.  1.  1.  1.  1.],[17  1  1  1  1  1],[ 0.   0.1  0.1  0.5  0.5],243,"Glutamate (VGLUT1), Nitric oxide",4,0.0,Mantle of inferior colliculus,Midbrain dorsal,0,0,0,0,0,0,0,0,0,0,0,0,0,0,0,0,0,20,16,0,0,0,0,0,0,0,0,0,0,0,0,0,0,0,0,0,0,0,0,0,0,4,3,0,0,0,0,0,0,0,0,0,0,0,0,0,0,0,0,0,0,0,0,0,0,0,0,0,0,0,0,0,0,0,0,0,0,0,0,0,45,35,21,32,10,7,5,5,0,0,0,0,0,0,0,0,0,0,0,0,0,0,0,0,0,0,0,0,0,0,0,0,0,0,0,18,22,0,0,0,0,0,0,0,0,0,0,0,0,0,0,0,160,40,0,0,0,0,0,43,0,0,0,Neurons,CNS neurons,Di- and mesencephalon neurons,Di- and mesencephalon excitatory neurons,Dime,0,0,0,0,0,0,0,0,0,0,0,0,209,34,0,0,0,0,0,0,0,0,0,3937.2263374485597,Tissue_MBd
79,0,0,0,0,0,0,199,7,0,0,40,0,0,0,0,59,0,0,0,0,0,0,/Users/sten/build_20171205/L4_Mesencephalon_Excitatory.loom,Neurons,MEGLU8,2.019169079406984,79,Poor markers,"Excitatory neurons, midbrain",Mesencephalon,126,"Lypd6b,Inhba",Lhx9 Tfap2d Adcyap1 Fam84a Tmem91 Runx1t1,[ 1.  1.  1.  1.  1.  1.],[22  1  1  1  1  1],[ 0.   0.1  0.1  0.1  0.3],305,"Glutamate (VGLUT1), Nitric oxide",5,0.0,Inferior colliculus,Midbrain dorsal,0,0,0,0,0,0,0,0,0,0,0,0,0,0,0,0,0,14,26,0,0,0,0,0,0,0,0,0,0,0,0,0,0,0,0,0,0,0,0,0,0,4,3,0,0,0,0,0,0,0,0,0,0,0,0,0,0,0,0,0,0,0,0,0,0,0,0,0,0,0,0,0,0,0,0,0,0,0,0,0,42,53,36,53,2,4,6,3,0,0,0,0,0,0,0,0,0,0,0,0,0,0,0,0,0,0,0,0,0,0,0,0,0,0,0,21,37,1,0,0,0,0,0,0,0,0,0,0,0,0,0,0,199,59,0,0,0,0,0,47,0,0,0,Neurons,CNS neurons,Di- and mesencephalon neurons,Di- and mesencephalon excitatory neurons,Dime,0,0,0,0,0,0,0,0,0,0,0,0,282,23,0,0,0,0,0,0,0,0,0,3508.8032786885246,Tissue_MBd
80,0,0,0,0,0,0,27,2,0,0,16,0,0,0,0,93,0,0,0,0,0,0,/Users/sten/build_20171205/L4_Mesencephalon_Excitatory.loom,Neurons,MEGLU7,2.0744940834305403,80,Poor markers,"Excitatory neurons, midbrain",Mesencephalon,125,Spatial mapping,Tcf7l2 Coro6 Tpbg Vstm2b Plk5 Hapln4,[ 1.  1.  1.  1.  1.  1.],[14  1  1  1  1  1],[ 0.   0.4  0.9  0.9  0.9],138,Glutamate (VGLUT1),6,0.0,Inferior colliculus,Midbrain dorsal,0,0,0,0,0,0,0,0,0,0,0,0,0,0,0,0,0,7,9,0,0,0,0,0,0,0,0,0,0,0,0,0,0,0,0,0,0,0,0,0,0,1,1,0,0,0,0,0,0,0,0,0,0,0,0,0,0,0,0,0,0,0,0,0,0,0,0,0,0,0,0,0,0,0,0,0,0,0,0,0,7,4,5,8,0,1,0,2,0,0,0,0,0,0,0,0,0,0,0,0,0,0,0,0,0,0,0,0,0,0,0,0,0,0,0,59,31,2,1,0,0,0,0,0,0,0,0,0,0,0,0,0,27,93,0,0,0,0,0,18,0,0,0,Neurons,CNS neurons,Di- and mesencephalon neurons,Di- and mesencephalon excitatory neurons,Dime,0,0,0,0,0,0,0,0,0,0,0,0,130,8,0,0,0,0,0,0,0,0,0,2899.246376811594,Tissue_MBd
81,0,0,0,0,0,0,59,0,0,0,32,0,0,0,0,52,0,0,0,0,0,0,/Users/sten/build_20171205/L4_Mesencephalon_Excitatory.loom,Neurons,MEGLU6,2.959828202930186,81,nan,"Excitatory neurons, midbrain",Mesencephalon,131,"Tac2,Pou4f1",Npnt Gpc3 Tmem132c Kcnd3 Tpd52l1 Scn3a,[ 1.  1.  1.  1.  1.  1.],[19  2  1  1  1  1],[ 0.   0.   0.2  1.   1. ],143,Glutamate (VGLUT1),13,0.0,"Superior colliculus, sensory related, deep layer",Midbrain dorsal,0,0,0,0,0,0,0,0,0,0,0,0,0,0,0,0,0,12,20,0,0,0,0,0,0,0,0,0,0,0,0,0,0,0,0,0,0,0,0,0,0,0,0,0,0,0,0,0,0,0,0,0,0,0,0,0,0,0,0,0,0,0,0,0,0,0,0,0,0,0,0,0,0,0,0,0,0,0,0,0,14,20,12,13,0,0,0,0,0,0,0,0,0,0,0,0,0,0,0,0,0,0,0,0,0,0,0,0,0,0,0,0,0,0,0,29,23,0,0,0,0,0,0,0,0,0,0,0,0,0,0,0,59,52,0,0,0,0,0,32,0,0,0,Neurons,CNS neurons,Di- and mesencephalon neurons,Di- and mesencephalon excitatory neurons,Dime,0,0,0,0,0,0,0,0,0,0,0,0,143,0,0,0,0,0,0,0,0,0,0,6447.20979020979,Tissue_MBd
82,0,0,0,0,208,0,33,9,0,0,1,0,0,95,0,78,0,0,0,0,2,0,/Users/sten/build_20171205/L4_Diencephalon_Excitatory.loom,Neurons,DEGLU5,7.2342483478080855,82,"doi:10.1007/s00429-011-0348-3Very similar to Thalamus cluster, changed","Excitatory neurons, midbrain",Mesencephalon,123,"Lhfp,Gabrr2",Tcf7l2 Cabp7 Htr2c Gm13205 Gm13629 Chrna4,[ 1.  1.  1.  1.  1.  1.],[13  1  1  1  1  1],[ 0.  1.  1.  1.  1.],426,Glutamate (VGLUT1),7,0.0,Anterior pretectal nucleus,Midbrain dorsal,0,0,0,0,0,0,0,0,0,0,0,2,0,0,0,0,0,1,0,0,0,0,0,0,0,47,48,0,0,0,0,0,0,0,0,0,0,0,0,0,0,2,7,0,0,0,0,0,0,0,0,0,0,0,0,0,0,0,0,0,0,0,0,0,0,0,0,0,1,6,6,9,52,44,39,47,0,0,2,2,2,1,0,3,6,7,13,1,0,0,0,0,0,0,0,0,0,0,0,0,0,0,0,0,0,0,0,0,0,0,0,0,0,2,3,1,1,2,0,38,31,0,0,0,0,0,0,0,0,0,0,208,38,73,0,0,0,0,0,10,97,0,0,Neurons,CNS neurons,Di- and mesencephalon neurons,Di- and mesencephalon excitatory neurons,Dime,0,0,0,0,0,0,0,0,0,0,0,33,9,38,0,0,0,0,0,0,0,0,346,3511.950704225352,Tissue_Thal
83,0,0,0,0,0,0,229,16,0,0,29,0,0,0,0,62,0,0,0,0,0,0,/Users/sten/build_20171205/L4_Mesencephalon_Excitatory.loom,Neurons,MEGLU2,5.124707154865478,83,nan,"Excitatory neurons, midbrain",Mesencephalon,121,"Tnnt1,Tnni3",Tac1 Trim66 Hap1 Cd83 Rasgrf2 Gm28050,[ 1.  1.  1.  1.  1.  1.],[15  1  1  1  1  1],[ 0.   0.3  0.3  0.3  0.3],336,Glutamate (VGLUT1),9,0.0,Periaqueductal grey,Midbrain dorsal,0,0,0,0,0,0,0,0,0,0,0,0,0,0,0,0,0,20,9,0,0,0,0,0,0,0,0,0,0,0,0,0,0,0,0,0,0,0,0,0,0,8,8,0,0,0,0,0,0,0,0,0,0,0,0,0,0,0,0,0,0,0,0,0,0,0,0,0,0,0,0,0,0,0,0,0,0,0,0,0,25,29,22,23,28,41,37,24,0,0,0,0,0,0,0,0,0,0,0,0,0,0,0,0,0,0,0,0,0,0,0,0,0,0,0,27,25,6,4,0,0,0,0,0,0,0,0,0,0,0,0,0,229,62,0,0,0,0,0,45,0,0,0,Neurons,CNS neurons,Di- and mesencephalon neurons,Di- and mesencephalon excitatory neurons,Dime,0,0,0,0,0,0,0,0,0,0,0,0,180,156,0,0,0,0,0,0,0,0,0,4443.669642857143,Tissue_MBd
84,0,0,0,0,0,0,73,7,0,0,30,0,0,0,0,27,0,0,0,0,0,0,/Users/sten/build_20171205/L4_Mesencephalon_Excitatory.loom,Neurons,MEGLU3,5.6368560990231265,84,nan,"Excitatory neurons, midbrain",Mesencephalon,122,"Cbln4,Hopx",Cartpt Pou4f2 Foxp2 Ctxn2 Rnd1 Nptx2,[ 1.  1.  1.  1.  1.  1.],[10  1  1  1  1  1],[ 0.   0.8  0.8  0.8  0.8],137,Glutamate (VGLUT1),10,0.0,Periaqueductal grey,Midbrain dorsal,0,0,0,0,0,0,0,0,0,0,0,0,0,0,0,0,0,19,11,0,0,0,0,0,0,0,0,0,0,0,0,0,0,0,0,0,0,0,0,0,0,4,3,0,0,0,0,0,0,0,0,0,0,0,0,0,0,0,0,0,0,0,0,0,0,0,0,0,0,0,0,0,0,0,0,0,0,0,0,0,18,15,16,8,2,3,5,6,0,0,0,0,0,0,0,0,0,0,0,0,0,0,0,0,0,0,0,0,0,0,0,0,0,0,0,14,10,2,1,0,0,0,0,0,0,0,0,0,0,0,0,0,73,27,0,0,0,0,0,37,0,0,0,Neurons,CNS neurons,Di- and mesencephalon neurons,Di- and mesencephalon excitatory neurons,Dime,0,0,0,0,0,0,0,0,0,0,0,0,111,26,0,0,0,0,0,0,0,0,0,4076.197080291971,Tissue_MBd
85,0,0,0,0,0,0,149,28,0,0,13,0,0,0,0,73,0,0,0,0,0,0,/Users/sten/build_20171205/L4_Mesencephalon_Excitatory.loom,Neurons,MEGLU1,7.095318128172197,85,Should split in two clusters(other side has Cbln1),"Excitatory neurons, midbrain",Mesencephalon,124,"Otx2,Sox14",Syt2 Oscp1 Vamp1 Cd83 Scn1a Nova1,[ 1.  1.  1.  1.  1.  1.],[14  1  1  1  1  1],[ 0.   0.6  0.6  0.7  0.7],263,Glutamate (VGLUT1),8,0.0,"Superior colliculus, red nucleus",Midbrain dorsal,0,0,0,0,0,0,0,0,0,0,0,0,0,0,0,0,0,4,9,0,0,0,0,0,0,0,0,0,0,0,0,0,0,0,0,0,0,0,0,0,0,17,11,0,0,0,0,0,0,0,0,0,0,0,0,0,0,0,0,0,0,0,0,0,0,0,0,0,0,0,0,0,0,0,0,0,0,0,0,0,22,25,16,19,16,24,18,9,0,0,0,0,0,0,0,0,0,0,0,0,0,0,0,0,0,0,0,0,0,0,0,0,0,0,0,25,39,5,4,0,0,0,0,0,0,0,0,0,0,0,0,0,149,73,0,0,0,0,0,41,0,0,0,Neurons,CNS neurons,Di- and mesencephalon neurons,Di- and mesencephalon excitatory neurons,Dime,0,0,0,0,0,0,0,0,0,0,0,0,159,104,0,0,0,0,0,0,0,0,0,4782.946768060837,Tissue_MBd
86,0,0,0,0,0,0,179,1,0,0,36,0,0,0,0,65,0,0,0,0,0,0,/Users/sten/build_20171205/L4_Mesencephalon_Excitatory.loom,Neurons,MEGLU5,5.86553424741845,86,nan,"Excitatory neurons, midbrain",Mesencephalon,132,"Ndnf,Lhx5,Trp73",Barhl1 Myh8 Rorb Col25a1 Cdh7 Gabrg1,[ 1.  1.  1.  1.  1.  1.],[16  2  1  1  1  1],[ 0.   0.   0.8  1.   1. ],281,Glutamate (VGLUT1),12,0.0,"Superior colliculus, sensory related",Midbrain dorsal,0,0,0,0,0,0,0,0,0,0,0,0,0,0,0,0,0,19,17,0,0,0,0,0,0,0,0,0,0,0,0,0,0,0,0,0,0,0,0,0,0,0,1,0,0,0,0,0,0,0,0,0,0,0,0,0,0,0,0,0,0,0,0,0,0,0,0,0,0,0,0,0,0,0,0,0,0,0,0,0,35,54,36,54,0,0,0,0,0,0,0,0,0,0,0,0,0,0,0,0,0,0,0,0,0,0,0,0,0,0,0,0,0,0,0,33,32,0,0,0,0,0,0,0,0,0,0,0,0,0,0,0,179,65,0,0,0,0,0,37,0,0,0,Neurons,CNS neurons,Di- and mesencephalon neurons,Di- and mesencephalon excitatory neurons,Dime,0,0,0,0,0,0,0,0,0,0,0,0,280,1,0,0,0,0,0,0,0,0,0,3892.523131672598,Tissue_MBd
87,0,0,0,0,0,0,98,0,0,0,10,0,0,0,0,28,0,0,0,0,0,0,/Users/sten/build_20171205/L4_Mesencephalon_Excitatory.loom,Neurons,MEGLU4,4.459871163588273,87,nan,"Excitatory neurons, midbrain",Mesencephalon,133,"Hmcn1,Sorcs1",Barhl1 Kcnab1 Sorcs1 Col25a1 Cpne9 Pcdh8,[ 1.  1.  1.  1.  1.  1.],[15  1  1  1  1  1],[ 0.  1.  1.  1.  1.],136,"Glutamate (VGLUT1), Nitric oxide",11,0.0,"Superior colliculus, sensory related",Midbrain dorsal,0,0,0,0,0,0,0,0,0,0,0,0,0,0,0,0,0,7,3,0,0,0,0,0,0,0,0,0,0,0,0,0,0,0,0,0,0,0,0,0,0,0,0,0,0,0,0,0,0,0,0,0,0,0,0,0,0,0,0,0,0,0,0,0,0,0,0,0,0,0,0,0,0,0,0,0,0,0,0,0,27,26,17,28,0,0,0,0,0,0,0,0,0,0,0,0,0,0,0,0,0,0,0,0,0,0,0,0,0,0,0,0,0,0,0,14,14,0,0,0,0,0,0,0,0,0,0,0,0,0,0,0,98,28,0,0,0,0,0,10,0,0,0,Neurons,CNS neurons,Di- and mesencephalon neurons,Di- and mesencephalon excitatory neurons,Dime,0,0,0,0,0,0,0,0,0,0,0,0,136,0,0,0,0,0,0,0,0,0,0,3660.9779411764707,Tissue_MBd
88,0,0,0,0,68,0,0,0,0,0,0,0,0,15,0,18,0,0,0,0,0,0,/Users/sten/build_20171205/L4_Diencephalon_Excitatory.loom,Neurons,DEGLU4,7.969174667575911,88,nan,"Excitatory neurons, thalamus",Diencephalon,140,Spatial mapping,Cbln1 Megf11 Cbln4 Wnt4 Lypd6b Rhbdl3,[ 1.  1.  1.  1.  1.  1.],[14  1  1  1  1  1],[ 0.   0.5  0.5  0.7  0.7],101,Glutamate (VGLUT2),8,0.0,Parafascicular nucleus,Thalamus,0,0,0,0,0,0,0,0,0,0,0,0,0,0,0,0,0,0,0,0,0,0,0,0,0,6,9,0,0,0,0,0,0,0,0,0,0,0,0,0,0,0,0,0,0,0,0,0,0,0,0,0,0,0,0,0,0,0,0,0,0,0,0,0,0,0,0,0,0,1,0,0,18,16,17,16,0,0,0,0,0,0,0,0,0,0,0,0,0,0,0,0,0,0,0,0,0,0,0,0,0,0,0,0,0,0,0,0,0,0,0,0,0,0,0,0,0,0,0,7,11,0,0,0,0,0,0,0,0,0,0,68,0,18,0,0,0,0,0,0,15,0,0,Neurons,CNS neurons,Di- and mesencephalon neurons,Di- and mesencephalon excitatory neurons,Dime,0,0,0,0,0,0,0,0,0,0,0,1,0,0,0,0,0,0,0,0,0,0,100,4607.3267326732675,Tissue_Thal
89,0,0,0,0,929,0,0,0,0,0,0,0,0,64,0,118,1,0,0,0,1,0,/Users/sten/build_20171205/L4_Diencephalon_Excitatory.loom,Neurons,DEGLU3,9.025385862315975,89,nan,"Excitatory neurons, thalamus",Diencephalon,139,"Th,Penk",Slc17a6 Gbx2 Foxp2 Necab1 Cpne7 Rab3c,[ 1.  1.  1.  1.  1.  1.],[10  1  1  1  1  1],[ 0.  1.  1.  1.  1.],1113,Glutamate (VGLUT2),5,0.0,Paraventricular nucleus of the thalamus,Thalamus,0,0,0,0,0,0,0,0,0,0,0,1,0,0,0,0,0,0,0,0,0,0,0,0,0,24,40,0,0,0,0,0,0,0,0,0,0,0,0,0,0,0,0,0,0,1,0,0,0,0,0,0,0,0,0,0,0,0,0,0,0,0,0,0,0,0,0,0,2,8,2,0,210,238,224,235,0,0,5,5,0,0,0,0,0,0,0,0,0,0,0,0,0,0,0,0,0,0,0,0,0,0,0,0,0,0,0,0,0,0,0,0,0,3,0,0,0,0,0,54,61,0,0,0,0,0,0,0,0,0,0,929,3,115,0,0,0,0,0,1,65,0,0,Neurons,CNS neurons,Di- and mesencephalon neurons,Di- and mesencephalon excitatory neurons,Dime,0,0,0,0,0,0,0,0,0,0,0,27,0,0,0,0,0,0,0,0,0,0,1086,4468.221922731356,Tissue_Thal
90,0,0,0,0,0,0,0,0,0,0,0,0,0,0,0,0,60,0,15,64,0,0,/Users/sten/build_20171205/L4_Brain_Neuroblasts.loom,Neurons,OBNBL1,4.369293238454424,90,nan,"Neuroblasts, olfactory",Telencephalon,180,"Nts,Dlk1,Esr1",Doc2g Ms4a15 Cdhr1 Shisa3 Atp6ap1l Tbx21,[ 1.  1.  1.  1.  1.  1.],[12  1  1  1  1  1],[ 0.   0.9  0.9  1.   1. ],139,Glutamate (VGLUT1),0,0.0,"Main olfactory bulb mitral layer, Main olfactory bulb outer plexiform layer",Olfactory bulb,0,0,0,0,15,0,0,0,0,0,0,0,0,0,0,0,0,0,0,0,0,0,0,0,0,0,0,0,0,0,0,0,0,34,26,0,0,0,0,0,0,0,0,0,0,0,0,0,0,0,0,0,0,0,0,0,0,0,0,0,0,0,0,0,0,0,32,32,0,0,0,0,0,0,0,0,0,0,0,0,0,0,0,0,0,0,0,0,0,0,0,0,0,0,0,0,0,0,0,0,0,0,0,0,0,0,0,0,0,0,0,0,0,0,0,0,0,0,0,0,0,0,0,0,0,0,0,0,0,0,0,64,0,0,0,0,0,0,0,15,60,0,0,Neurons,CNS neurons,Immature neural,Glutamatergic neuroblasts,Glnb,0,0,0,0,0,0,0,0,0,0,0,0,0,0,0,139,0,0,0,0,0,0,0,4458.949640287769,Tissue_OB
91,0,0,0,0,0,0,50,9,0,0,0,0,0,0,0,3,0,0,0,0,0,0,/Users/sten/build_20171205/L4_Brain_CholinergicMonoaminergic.loom,Neurons,MBCHO1,4.8398019674273325,91,"Low Chat,Slc5a7 (but see https://www.ncbi.nlm.nih.gov/pubmed/3708316)","Cholinergic neurons, midbrain red nucleus",Mesencephalon,130,"Foxp2,Ano2",Evx1os Gm2694 Drd5 Bnc2 Evx1 Pou3f2,[ 1.  1.  1.  1.  1.  1.],[25  1  1  1  1  1],[ 0.   0.4  0.4  0.4  1. ],62,Acetylcholine,9,0.0,Red nucleus,Midbrain ventral,0,0,0,0,0,0,0,0,0,0,0,0,0,0,0,0,0,0,0,0,0,0,0,0,0,0,0,0,0,0,0,0,0,0,0,0,0,0,0,0,0,5,4,0,0,0,0,0,0,0,0,0,0,0,0,0,0,0,0,0,0,0,0,0,0,0,0,0,0,0,0,0,0,0,0,0,0,0,0,0,0,0,0,0,10,10,17,13,0,0,0,0,0,0,0,0,0,0,0,0,0,0,0,0,0,0,0,0,0,0,0,0,0,0,0,0,0,3,0,0,0,0,0,0,0,0,0,0,0,0,0,0,50,3,0,0,0,0,0,9,0,0,0,Neurons,CNS neurons,Di- and mesencephalon neurons,Di- and mesencephalon excitatory neurons,Dime,0,0,0,0,0,0,0,0,0,0,0,0,0,62,0,0,0,0,0,0,0,0,0,5881.322580645161,Tissue_MBv
92,0,0,0,0,0,0,6,63,0,0,28,0,0,0,0,0,0,0,0,0,0,0,/Users/sten/build_20171205/L4_Hindbrain_Excitatory.loom,Neurons,HBGLU9,2.845496738338884,92,nan,"Excitatory neurons, hindbrain",Rhombencephalon,168,"Gal,Nell2,Necab2",Kcng4 Htr1b Glra1 Scn4b Kcnab3 Ank1,[ 1.  1.  1.  1.  1.  1.],[16  1  1  1  1  1],[ 0.   0.3  0.3  0.8  0.8],97,Glutamate (VGLUT2),7,0.0,Spinal nucleus of the trigeminal ,Medulla,0,0,0,0,0,0,0,0,0,0,0,0,0,0,0,0,0,0,0,0,0,0,0,0,0,0,0,0,0,0,0,0,0,0,0,2,1,1,0,0,0,0,0,0,0,0,0,0,0,0,0,0,0,0,0,0,0,0,0,1,1,0,0,0,0,0,0,0,0,0,0,0,0,0,0,0,0,0,0,0,0,0,0,0,0,0,0,0,0,0,0,0,0,0,0,15,6,11,14,7,1,4,5,5,3,6,10,1,1,2,0,0,0,0,0,0,0,0,0,0,0,0,0,0,0,0,0,0,0,0,0,0,0,93,0,0,0,0,0,0,0,4,0,Neurons,CNS neurons,Hindbrain neurons,Hindbrain neurons,Hind,0,0,0,0,0,0,0,0,0,0,0,0,0,0,75,0,22,0,0,0,0,0,0,5082.8247422680415,Tissue_Medulla
93,0,0,0,0,0,0,18,0,0,34,0,0,0,0,0,0,0,0,0,0,0,0,/Users/sten/build_20171205/L4_SpinalCord_Excitatory.loom,Neurons,SCGLU1,3.1227659766278655,93,correspond to Glut14 in C1 data.,"Excitatory neurons, spinal cord",Spinal cord,108,,Hoxc10 Mab21l2 Glra1 Tlx3 Lhfpl5 Vstm2l,[ 1.  1.  1.  1.  1.  1.],[17  1  1  1  1  1],[ 0.   0.5  0.5  0.7  0.7],52,Glutamate (VGLUT2),4,0.0,Dorsal horn lamina 4-6,Spinal cord,0,0,0,0,0,0,0,0,0,0,0,0,0,0,0,0,0,0,0,0,0,0,0,0,0,0,0,0,0,0,0,0,0,0,0,0,0,0,0,0,0,0,0,0,0,0,0,0,0,0,0,0,0,0,0,18,0,0,0,0,0,0,0,0,0,0,0,0,0,0,0,0,0,0,0,0,0,0,0,0,0,0,0,0,0,0,0,0,6,6,2,9,8,3,0,0,0,0,0,0,0,0,0,0,0,0,0,0,0,0,0,0,0,0,0,0,0,0,0,0,0,0,0,0,0,0,0,0,0,0,0,0,0,34,0,0,0,0,0,0,18,0,0,Neurons,CNS neurons,Spinal cord neurons,Spinal cord excitatory neurons,Scex,0,0,0,0,0,0,0,0,0,0,0,0,0,0,0,0,0,52,0,0,0,0,0,3723.6153846153848,Tissue_SC
94,0,0,0,0,0,0,6,65,0,0,9,0,0,0,0,0,0,0,0,0,0,0,/Users/sten/build_20171205/L4_Hindbrain_Excitatory.loom,Neurons,HBGLU10,1.2586983766616557,94,nan,"Excitatory neurons, hindbrain",Rhombencephalon,118,"Npy,Ttn",Ebf2 Zmym1 Ebf1 Tshz3 Tunar Ccdc184,[ 1.  1.  1.  1.  1.  1.],[21  1  1  1  1  1],[ 0.   0.9  0.9  0.9  0.9],80,Glutamate (VGLUT2),6,0.0,Nucleus of the solitary tract,Medulla,0,0,0,0,0,0,0,0,0,0,0,0,0,0,0,0,0,0,0,0,0,0,0,0,0,0,0,0,0,0,0,0,0,0,0,2,3,0,0,0,0,0,0,0,0,0,0,0,0,0,0,0,0,0,0,0,0,0,0,0,1,0,0,0,0,0,0,0,0,0,0,0,0,0,0,0,0,0,0,0,0,0,0,0,0,0,0,0,0,0,0,0,0,0,0,14,16,15,20,0,0,0,0,4,1,1,3,0,0,0,0,0,0,0,0,0,0,0,0,0,0,0,0,0,0,0,0,0,0,0,0,0,0,75,0,0,0,0,0,0,0,5,0,Neurons,CNS neurons,Spinal cord neurons,Spinal cord excitatory neurons,Scex,0,0,0,0,0,0,0,0,0,0,0,0,0,0,80,0,0,0,0,0,0,0,0,2403.6875,Tissue_Medulla
95,0,0,0,0,0,0,23,0,0,45,0,0,0,0,0,0,0,0,0,0,0,0,/Users/sten/build_20171205/L4_SpinalCord_Excitatory.loom,Neurons,SCGLU10,2.4347261616002993,95,correspond to Glut1 in C1 data. Might include some Glut4.,"Excitatory neurons, spinal cord",Spinal cord,117,"Tcf7l2,Cbln2",Nts Pla2g5 Glra1 C1ql3 Resp18 Vstm2l,[ 1.  1.  1.  1.  1.  1.],[25  1  1  1  1  1],[ 0.   0.7  1.   1.   1. ],68,Glutamate (VGLUT2),3,0.0,Dorsal horn lamina 2-4,Spinal cord,0,0,0,0,0,0,0,0,0,0,0,0,0,0,0,0,0,0,0,0,0,0,0,0,0,0,0,0,0,0,0,0,0,0,0,0,0,0,0,0,0,0,0,0,0,0,0,0,0,0,0,0,0,0,0,23,0,0,0,0,0,0,0,0,0,0,0,0,0,0,0,0,0,0,0,0,0,0,0,0,0,0,0,0,0,0,0,0,4,11,10,10,4,6,0,0,0,0,0,0,0,0,0,0,0,0,0,0,0,0,0,0,0,0,0,0,0,0,0,0,0,0,0,0,0,0,0,0,0,0,0,0,0,45,0,0,0,0,0,0,23,0,0,Neurons,CNS neurons,Spinal cord neurons,Spinal cord excitatory neurons,Scex,0,0,0,0,0,0,0,0,0,0,0,0,0,0,0,0,0,68,0,0,0,0,0,2586.514705882353,Tissue_SC
96,0,0,0,0,0,0,7,141,0,0,52,0,0,0,0,0,0,0,0,0,0,0,/Users/sten/build_20171205/L4_Hindbrain_Excitatory.loom,Neurons,HBGLU2,2.9514422604064334,96,nan,"Excitatory neurons, hindbrain",Rhombencephalon,120,"Fibcd1,Meis1",Slc17a6 Prlr Gprasp2 AW551984 Rab9b Elavl2,[ 1.  1.  1.  1.  1.  1.],[14  1  1  1  1  1],[ 0.   0.4  0.4  0.4  0.4],200,"Glutamate (VGLUT2), Nitric oxide",3,0.0,Nucleus of the solitary tract,Medulla,0,0,0,0,0,0,0,0,0,0,0,0,0,0,0,0,0,0,0,0,0,0,0,0,0,0,0,0,0,0,0,0,0,0,0,2,4,0,0,0,0,0,0,0,0,0,0,0,0,0,0,0,0,0,0,0,0,0,0,0,1,0,0,0,0,0,0,0,0,0,0,0,0,0,0,0,0,0,0,0,0,0,0,0,0,0,0,0,0,0,0,0,0,0,0,37,40,37,27,0,0,0,0,12,13,17,10,0,0,0,0,0,0,0,0,0,0,0,0,0,0,0,0,0,0,0,0,0,0,0,0,0,0,194,0,0,0,0,0,0,0,6,0,Neurons,CNS neurons,Di- and mesencephalon neurons,Di- and mesencephalon excitatory neurons,Dime,0,0,0,0,0,0,0,0,0,0,0,0,0,0,200,0,0,0,0,0,0,0,0,5068.99,Tissue_Medulla
97,0,0,0,0,0,0,7,86,0,0,14,0,0,0,0,0,0,0,0,0,0,0,/Users/sten/build_20171205/L4_Hindbrain_Excitatory.loom,Neurons,HBGLU3,1.2570960779804903,97,nan,"Excitatory neurons, hindbrain",Rhombencephalon,119,"Cck,Tfap2b",Gpr101 Hoxc4 Ebf1 AW551984 Rab9b Hotairm1,[ 1.  1.  1.  1.  1.  1.],[17  1  1  1  1  1],[ 0.   0.1  0.1  0.3  0.3],107,"Glutamate (VGLUT2), Nitric oxide",4,0.0,Nucleus of the solitary tract,Medulla,0,0,0,0,0,0,0,0,0,0,0,0,0,0,0,0,0,0,0,0,0,0,0,0,0,0,0,0,0,0,0,0,0,0,0,4,3,0,0,0,0,0,0,0,0,0,0,0,0,0,0,0,0,0,0,0,0,0,0,0,0,0,0,0,0,0,0,0,0,0,0,0,0,0,0,0,0,0,0,0,0,0,0,0,0,0,0,0,0,0,0,0,0,0,0,21,26,18,21,0,0,0,0,8,3,3,0,0,0,0,0,0,0,0,0,0,0,0,0,0,0,0,0,0,0,0,0,0,0,0,0,0,0,100,0,0,0,0,0,0,0,7,0,Neurons,CNS neurons,Di- and mesencephalon neurons,Di- and mesencephalon excitatory neurons,Dime,0,0,0,0,0,0,0,0,0,0,0,0,0,0,107,0,0,0,0,0,0,0,0,3459.4859813084113,Tissue_Medulla
98,0,0,0,0,0,0,0,16,0,0,7,0,0,0,0,0,0,0,0,0,0,0,/Users/sten/build_20171205/L4_Brain_CholinergicMonoaminergic.loom,Neurons,HBNOR,5.061431908796191,98,nan,Noradrenergic neurons of the medulla,Rhombencephalon,72,"Agrp,Enc1,Ptk2b",Afp Prlh Phox2b Casr Gch1 Cd24a,[ 1.   1.   1.   0.9  0.9  0.9],[17  2  1  1  1  1],[ 0.   0.   0.9  0.9  0.9],23,"Noradrenaline, Nitric oxide",10,0.0,A1-2 noradrenergic cell groups,Medulla,0,0,0,0,0,0,0,0,0,0,0,0,0,0,0,0,0,0,0,0,0,0,0,0,0,0,0,0,0,0,0,0,0,0,0,0,0,0,0,0,0,0,0,0,0,0,0,0,0,0,0,0,0,0,0,0,0,0,0,0,0,0,0,0,0,0,0,0,0,0,0,0,0,0,0,0,0,0,0,0,0,0,0,0,0,0,0,0,0,0,0,0,0,0,0,6,5,4,1,0,0,0,0,4,1,2,0,0,0,0,0,0,0,0,0,0,0,0,0,0,0,0,0,0,0,0,0,0,0,0,0,0,0,23,0,0,0,0,0,0,0,0,0,Neurons,CNS neurons,"Cholinergic, monoaminergic and peptidergic neurons",Cholinergic and monoaminergic neurons,Chmn,0,0,0,0,0,0,0,0,0,0,0,0,0,0,23,0,0,0,0,0,0,0,0,4276.304347826087,Tissue_Medulla
99,0,0,0,0,0,0,10,20,0,0,22,0,0,0,0,0,0,0,0,0,0,0,/Users/sten/build_20171205/L4_Hindbrain_Excitatory.loom,Neurons,HBGLU1,4.0136405126998,99,nan,"Excitatory neurons, hindbrain",Rhombencephalon,136,"Chat,Bnc2,Evx1",Pou4f1 Htr5b Rims4 Gpr88 Gjd2 Gabrg1,[ 1.  1.  1.  1.  1.  1.],[23  1  1  1  1  1],[ 0.   0.1  0.6  0.9  1. ],52,"Glutamate (VGLUT2, VGLUT3)",0,0.0,Inferior olivary complex,Medulla,0,0,0,0,0,0,0,0,0,0,0,0,0,0,0,0,0,0,0,0,0,0,0,0,0,0,0,0,0,0,0,0,0,0,0,1,2,0,0,0,0,0,0,0,0,0,0,0,0,0,0,0,0,0,0,0,0,0,0,4,3,0,0,0,0,0,0,0,0,0,0,0,0,0,0,0,0,0,0,0,0,0,0,0,0,0,0,0,0,0,0,0,0,0,0,3,5,6,6,0,0,0,0,6,7,6,3,0,0,0,0,0,0,0,0,0,0,0,0,0,0,0,0,0,0,0,0,0,0,0,0,0,0,49,0,0,0,0,0,0,0,3,0,Neurons,CNS neurons,Di- and mesencephalon neurons,Di- and mesencephalon excitatory neurons,Dime,0,0,0,0,0,0,0,0,0,0,0,0,0,0,52,0,0,0,0,0,0,0,0,8435.807692307691,Tissue_Medulla
100,0,0,0,0,255,0,0,0,0,0,0,0,0,1,0,1,0,0,0,0,0,0,/Users/sten/build_20171205/L4_Diencephalon_Excitatory.loom,Neurons,DEGLU2,4.372691927249326,100,nan,"Excitatory neurons, hypothalamus",Diencephalon,138,Spatial mapping,Shox2 Aldh3b2 Ramp3 Rasl11a Cfap221 Prkch,[ 1.  1.  1.  1.  1.  1.],[19  1  1  1  1  1],[ 0.   0.1  0.1  0.1  0.1],257,"Glutamate (VGLUT1,VGLUT2)",2,0.0,Subparafascicular nucleus,Hypothalamus,0,0,0,0,0,0,0,0,0,0,0,0,0,0,0,0,0,0,0,0,0,0,0,0,0,1,0,0,0,0,0,0,0,0,0,0,0,0,0,0,0,0,0,0,0,0,0,0,0,0,0,0,0,0,0,0,0,0,0,0,0,0,0,0,0,0,0,0,0,3,1,3,69,49,56,71,0,0,2,1,0,0,0,0,0,0,0,0,0,0,0,0,0,0,0,0,0,0,0,0,0,0,0,0,0,0,0,0,0,0,0,0,0,0,0,0,0,0,0,0,1,0,0,0,0,0,0,0,0,0,0,255,0,1,0,0,0,0,0,0,1,0,0,Neurons,CNS neurons,Di- and mesencephalon neurons,Di- and mesencephalon excitatory neurons,Dime,0,0,0,0,0,0,0,0,0,0,0,10,0,0,0,0,0,0,0,0,0,0,247,8748.04280155642,Tissue_Thal
101,0,0,0,0,712,0,45,2,0,0,2,0,0,73,0,224,0,0,0,0,0,0,/Users/sten/build_20171205/L4_Diencephalon_Excitatory.loom,Neurons,DEGLU1,1.0000000302215992,101,nan,"Excitatory neurons, thalamus",Diencephalon,137,"Vip,Ndnf",Synpo2 Adamts15 Prkcd Ptpn3 Ptpn4 Vav3,[ 1.  1.  1.  1.  1.  1.],[14  1  1  1  1  1],[ 0.   0.7  1.   1.   1. ],1058,"Glutamate (VGLUT1,VGLUT2)",1,0.0,Posterior thalamus,Thalamus,0,0,0,0,0,0,0,0,0,0,0,0,0,0,0,0,0,0,2,0,0,0,0,0,0,35,38,0,0,0,0,0,0,0,0,0,0,0,0,0,0,1,1,0,0,0,0,0,0,0,0,0,0,0,0,0,0,0,0,0,0,0,0,0,0,0,0,0,0,1,0,0,196,128,194,192,0,0,0,1,7,7,3,3,7,11,4,3,0,0,0,0,0,0,0,0,0,0,0,0,0,0,0,0,0,0,0,0,0,0,0,0,0,0,0,0,0,12,12,106,94,0,0,0,0,0,0,0,0,0,0,712,45,224,0,0,0,0,0,4,73,0,0,Neurons,CNS neurons,Di- and mesencephalon neurons,Di- and mesencephalon excitatory neurons,Dime,0,0,0,0,0,0,0,0,0,0,0,2,22,51,0,0,0,0,0,0,0,0,983,5868.547258979206,Tissue_Thal
102,0,0,0,5,0,0,0,1,0,0,0,0,0,835,22,4,0,0,0,2,0,0,/Users/sten/build_20171205/L4_Striatum_MSN.loom,Neurons,MSN1,2.0000000166610334,102,nan,"D1 medium spiny neurons, striatum",Telencephalon,27,"Pdgfra,Cspg4",Drd1 Ido1 Ppp1r1b Rgs9 Syndig1l Nexn,[ 1.  1.  1.  1.  1.  1.],[15  1  1  1  1  1],[ 0.  1.  1.  1.  1.],869,GABA,0,0.0,Striatum dorsal,Striatum dorsal,0,0,0,0,0,0,0,1,1,0,0,0,0,0,0,0,0,0,0,0,0,0,0,420,415,0,0,0,0,13,9,0,0,0,0,0,0,0,0,1,0,0,0,0,0,0,0,0,0,0,0,0,0,0,0,0,0,2,3,0,0,0,0,0,0,0,0,0,0,0,0,0,0,0,0,0,0,0,0,0,0,0,0,0,0,0,0,0,0,0,0,0,0,0,0,0,0,0,0,0,0,0,0,0,0,0,0,0,0,0,0,3,1,0,0,0,0,0,0,0,0,0,0,0,0,0,0,0,0,0,0,0,4,5,0,0,0,0,0,25,835,0,0,Neurons,CNS neurons,Telencephalon projecting neurons,Telencephalon projecting inhibitory neurons,Tpri,5,0,0,0,0,0,0,0,0,0,0,0,0,0,0,0,0,0,0,837,27,0,0,3780.861910241657,Tissue_StriatDor
103,0,0,0,6,0,0,0,1,0,0,0,0,0,1065,15,4,0,0,0,3,0,0,/Users/sten/build_20171205/L4_Striatum_MSN.loom,Neurons,MSN2,0.04664065765394343,103,nan,"D2 medium spiny neurons, striatum",Telencephalon,28,"Npy,Plp1",Adora2a Ido1 Penk Gpr88 Gpr6 Rasd2,[ 1.  1.  1.  1.  1.  1.],[8 1 1 1 1 1],[ 0.   0.8  0.8  0.8  0.8],1094,GABA,5,0.0,Striatum dorsal,Striatum dorsal,0,0,0,0,0,0,0,0,1,0,0,0,0,0,0,0,0,0,0,0,0,0,0,518,547,0,0,0,0,8,7,0,0,0,0,0,0,0,0,1,0,0,0,0,0,0,0,0,0,0,0,0,0,0,0,0,0,1,5,0,0,0,0,1,0,1,0,0,0,0,0,0,0,0,0,0,0,0,0,0,0,0,0,0,0,0,0,0,0,0,0,0,0,0,0,0,0,0,0,0,0,0,0,0,0,0,0,0,0,0,0,3,1,0,0,0,0,0,0,0,0,0,0,0,0,0,0,0,0,0,0,2,4,6,0,0,0,0,0,17,1065,0,0,Neurons,CNS neurons,Telencephalon projecting neurons,Telencephalon projecting inhibitory neurons,Tpri,7,0,0,0,0,0,0,0,0,0,0,0,0,0,0,0,0,0,0,1066,21,0,0,3143.998171846435,Tissue_StriatDor
104,0,0,0,0,0,0,0,0,0,0,0,0,0,9,1087,0,0,0,0,151,0,0,/Users/sten/build_20171205/L4_Striatum_MSN.loom,Neurons,MSN3,1.0000000000245564,104,nan,"D2 medium spiny neurons, striatum",Telencephalon,29,Gdf10,Adora2a Gpr83 Penk Gpr88 Gpr6 Pde10a,[ 1.  1.  1.  1.  1.  1.],[11  1  1  1  1  1],[ 0.  1.  1.  1.  1.],1247,GABA,4,0.0,Striatum ventral,Striatum ventral,0,0,0,0,0,0,0,1,1,0,0,0,0,0,0,0,0,0,0,0,0,0,0,5,4,0,0,0,0,597,490,0,0,0,0,0,0,0,0,0,0,0,0,0,0,0,0,0,0,0,0,0,0,0,0,0,0,0,0,0,0,0,0,60,12,77,0,0,0,0,0,0,0,0,0,0,0,0,0,0,0,0,0,0,0,0,0,0,0,0,0,0,0,0,0,0,0,0,0,0,0,0,0,0,0,0,0,0,0,0,0,0,0,0,0,0,0,0,0,0,0,0,0,0,0,0,0,0,0,0,0,149,0,0,0,0,0,0,0,1089,9,0,0,Neurons,CNS neurons,Telencephalon projecting neurons,Telencephalon projecting inhibitory neurons,Tpri,149,0,0,0,0,0,0,0,0,0,0,0,0,0,0,0,0,0,0,11,1087,0,0,2551.1700080192463,Tissue_StriatVent
105,0,0,0,2,0,0,0,0,0,0,0,0,0,3,351,0,0,0,0,16,0,0,/Users/sten/build_20171205/L4_Striatum_MSN.loom,Neurons,MSN5,1.0131757107124901,105,nan,"Patch D1/D2 neurons, striatum",Telencephalon,31,"Agt,Gfap",Drd1 Lrpprc Foxp2 Gpr88 Rxrg Jsrp1,[ 1.  1.  1.  1.  1.  1.],[9 1 1 1 1 1],[ 0.   0.5  1.   1.   1. ],372,GABA,1,0.0,Striatum ventral,Striatum ventral,0,0,0,0,0,0,0,0,0,0,0,0,0,0,0,0,0,0,0,0,0,0,0,2,1,0,0,0,0,175,176,0,0,0,0,0,0,0,0,0,0,0,0,0,0,0,0,0,0,0,0,0,0,0,0,0,0,1,1,0,0,0,0,8,3,5,0,0,0,0,0,0,0,0,0,0,0,0,0,0,0,0,0,0,0,0,0,0,0,0,0,0,0,0,0,0,0,0,0,0,0,0,0,0,0,0,0,0,0,0,0,0,0,0,0,0,0,0,0,0,0,0,0,0,0,0,0,0,0,0,0,16,0,2,0,0,0,0,0,351,3,0,0,Neurons,CNS neurons,Telencephalon projecting neurons,Telencephalon projecting inhibitory neurons,Tpri,16,0,0,0,0,0,0,0,0,0,0,0,0,0,0,0,0,0,0,3,353,0,0,2354.4865591397847,Tissue_StriatVent
106,0,0,0,0,0,0,0,3,0,0,0,0,0,3,1145,1,0,0,0,432,0,0,/Users/sten/build_20171205/L4_Striatum_MSN.loom,Neurons,MSN4,3.000000002541128,106,nan,"D1 medium spiny neurons, striatum",Telencephalon,30,Myoc,Drd1 Dclk3 Mhrt Rgs9 Rem2 Pde10a,[ 1.  1.  1.  1.  1.  1.],[17  1  1  1  1  1],[ 0.   0.8  0.8  0.8  0.8],1584,GABA,2,0.0,Striatum ventral,Striatum ventral,0,0,0,0,0,0,0,0,0,0,0,0,0,0,0,0,0,0,0,0,0,0,0,2,1,0,0,0,0,593,552,0,0,0,0,0,0,0,0,1,2,0,0,0,0,0,0,0,0,0,0,0,0,0,0,0,0,0,0,0,0,0,0,188,47,197,0,0,0,0,0,0,0,0,0,0,0,0,0,0,0,0,0,0,0,0,0,0,0,0,0,0,0,0,0,0,0,0,0,0,0,0,0,0,0,0,0,0,0,0,0,1,0,0,0,0,0,0,0,0,0,0,0,0,0,0,0,0,0,0,0,432,1,0,0,0,0,0,0,1148,3,0,0,Neurons,CNS neurons,Telencephalon projecting neurons,Telencephalon projecting inhibitory neurons,Tpri,436,0,0,0,0,0,0,0,0,0,0,0,0,0,0,0,0,0,0,3,1145,0,0,2731.5126262626263,Tissue_StriatVent
107,0,1,0,2,0,0,0,2,0,0,0,0,0,0,170,50,0,0,0,291,9,0,/Users/sten/build_20171205/L4_Striatum_MSN.loom,Neurons,MSN6,3.713530140814214e-05,107,"contain markers similar to RGL, might be involve in neurogenesis","Matrix D1 neurons, striatum",Telencephalon,32,"Agt,Gfap",Tac1 Wnt2 Isl1 Rgs9 Pcp4l1 Gpr26,[ 1.  1.  1.  1.  1.  1.],[7 1 1 1 1 1],[ 0.  1.  1.  1.  1.],525,GABA,3,0.0,Striatum ventral,Striatum ventral,0,0,0,0,0,0,0,1,0,5,4,0,0,0,0,0,0,0,0,0,0,0,0,0,0,0,0,0,0,88,82,0,0,0,0,0,0,0,0,2,0,0,0,0,0,0,0,0,0,0,0,0,0,0,0,0,0,1,1,0,0,0,0,114,43,133,0,0,0,0,0,0,0,0,0,0,0,0,0,0,0,0,0,0,0,0,0,0,0,0,0,0,0,0,0,0,0,0,0,0,0,0,0,0,0,0,0,0,0,0,0,26,24,0,0,0,0,0,0,0,0,0,0,0,0,0,0,0,1,0,0,290,50,2,0,0,0,0,1,173,9,0,0,Neurons,CNS neurons,Telencephalon projecting neurons,Telencephalon projecting inhibitory neurons,Tpri,352,0,0,0,0,0,0,0,0,0,0,0,0,0,0,0,0,0,0,1,172,0,0,1460.1638095238095,Tissue_Amygd
108,0,0,0,0,0,0,0,0,0,0,0,0,0,0,0,0,345,0,259,1427,0,0,/Users/sten/build_20171205/L4_Astrocytes.loom,Astrocytes,OEC,9.094947017729282e-12,108,nan,Olfactory ensheathing cells,Neural crest,238,"Adora2a,Penk and dissection region",Prss56 Mgst1 Clca3a1 Fabp7 Ccdc80 Alx3,[ 1.  1.  1.  1.  1.  1.],[5 1 1 1 1 1],[ 0.  1.  1.  1.  1.],2031,,0,0.0,Olfactory bulb,Olfactory bulb,0,0,0,0,259,0,0,0,0,0,0,0,0,0,0,0,0,0,0,0,0,0,0,0,0,0,0,0,0,0,0,0,0,184,161,0,0,0,0,0,0,0,0,0,0,0,0,0,0,0,0,0,0,0,0,0,0,0,0,0,0,0,0,0,0,0,749,678,0,0,0,0,0,0,0,0,0,0,0,0,0,0,0,0,0,0,0,0,0,0,0,0,0,0,0,0,0,0,0,0,0,0,0,0,0,0,0,0,0,0,0,0,0,0,0,0,0,0,0,0,0,0,0,0,0,0,0,0,0,0,0,1427,0,0,0,0,0,0,0,259,345,0,0,Glia,Neural crest-like glia,Neural crest-like glia,Olfactory ensheathing cells,Goec,0,0,0,0,0,0,0,0,0,0,0,0,0,0,0,2031,0,0,0,0,0,0,0,1781.645494830133,Tissue_OB
109,0,0,0,0,0,0,0,0,0,0,0,0,0,7,0,0,0,0,0,0,0,0,/Users/sten/build_20171205/L4_Brain_CholinergicMonoaminergic.loom,Neurons,DETPH,8.137737226312732,109,Tph1,"Neuroblast-like, habenula",Diencephalon,33,"Islr,Islr2",Pde6g Platr17 1700042O10Rik Sag Gnb3 Rbp3,[ 1.  1.  1.  1.  1.  1.],[5 1 1 1 1 1],[ 0.   0.2  0.8  0.8  1. ],7,,14,0.0,Medial habenula,Thalamus,0,0,0,0,0,0,0,0,0,0,0,0,0,0,0,0,0,0,0,0,0,0,0,0,0,3,4,0,0,0,0,0,0,0,0,0,0,0,0,0,0,0,0,0,0,0,0,0,0,0,0,0,0,0,0,0,0,0,0,0,0,0,0,0,0,0,0,0,0,0,0,0,0,0,0,0,0,0,0,0,0,0,0,0,0,0,0,0,0,0,0,0,0,0,0,0,0,0,0,0,0,0,0,0,0,0,0,0,0,0,0,0,0,0,0,0,0,0,0,0,0,0,0,0,0,0,0,0,0,0,0,0,0,0,0,0,0,0,0,0,7,0,0,Neurons,CNS neurons,Immature neural,Non-glutamatergic neuroblasts,Ngnb,0,0,0,0,0,0,0,0,0,0,0,0,0,0,0,0,0,0,0,0,0,0,7,3269.4285714285716,Tissue_Thal
110,0,0,47,110,3,0,0,1,0,0,0,0,92,0,7,2,1,0,58,3,3,0,/Users/sten/build_20171205/L4_Astrocytes.loom,Astrocytes,RGDG,1.9491482280350572,110,nan,Dentate gyrus radial glia-like cells,Telencephalon,229,,E330013P04Rik Hopx Thrsp Hes5 E130114P18Rik Pantr1,[ 1.  1.  1.  1.  1.  1.],[3 1 1 1 1 1],[ 0.   0.7  0.7  0.9  0.9],327,,2,0.0,Dentate gyrus subgranular zone,Dentate gyrus,0,0,18,35,5,0,0,1,0,0,3,0,0,0,0,0,0,0,0,0,0,44,48,0,0,0,0,0,0,4,3,1,0,0,0,0,0,0,0,0,1,0,0,0,0,0,0,0,0,0,0,0,0,47,0,0,109,0,1,0,0,0,0,0,0,1,1,0,0,0,0,0,0,0,0,0,2,1,0,0,0,0,0,0,0,0,0,0,0,0,0,0,0,0,0,0,0,0,0,0,0,0,0,0,0,0,0,0,0,0,0,0,0,1,0,0,0,0,0,1,0,0,0,0,0,0,0,0,0,0,0,5,1,158,0,0,0,0,0,67,96,0,0,Glia,CNS glia,Astroependymal cells,Dentate gyrus radial glia-like cells,Gdgrg,5,0,3,0,0,0,1,0,156,0,145,1,0,0,0,6,0,0,0,1,8,0,1,1341.7584097859328,Tissue_DentGyr
111,0,0,4,41,2,0,6,4,0,0,2,0,23,168,90,15,124,12,88,168,8,1,/Users/sten/build_20171205/L4_Astrocytes.loom,Astrocytes,RGSZ,0.759738509108109,111,nan,Subventricular zone radial glia-like cells,Telencephalon,230,"Cdk1,Pbk",2810459M11Rik Gm14964 Mlc1 Riiad1 E130114P18Rik Slc1a3,[ 1.  1.  1.  1.  1.  1.],[2 1 1 1 1 1],[ 0.  1.  1.  1.  1.],756,,3,0.0,"Striatum, rostral migragtory stream, olfactory bulb","Striatum dorsal,Striatum ventral",1,1,14,12,61,4,2,11,8,6,2,0,0,0,0,2,0,0,0,1,0,16,6,86,80,0,2,2,0,54,34,15,20,47,35,0,0,0,0,1,3,0,0,2,4,1,0,5,7,0,0,1,0,4,0,0,14,14,13,0,0,0,0,5,1,9,64,63,0,0,0,0,0,0,0,1,0,0,1,0,2,1,0,1,0,0,0,2,0,0,0,0,0,0,0,0,0,0,0,0,0,0,0,0,0,0,0,0,0,0,0,4,11,0,0,0,0,0,0,0,0,0,0,0,0,0,0,0,0,0,0,144,21,45,12,0,1,0,2,215,316,0,0,Glia,CNS glia,Astroependymal cells,Subventricular zone radial glia-like cells,Gszrg,42,13,2,7,0,6,37,0,18,0,48,2,4,2,0,270,0,0,2,185,115,0,3,1226.9232804232804,Tissue_OB
112,0,0,18,12,72,0,110,15,0,59,21,0,92,177,44,21,26,15,46,88,0,4,/Users/sten/build_20171205/L4_Oligos.loom,Oligos,OPC,3.572344355981507,112,nan,Oligodendrocytes precursor cells,CNS,239,"Drd1,Tac1 and dissection region",Pdgfra C1ql1 Sapcd2 Emid1 Lhfpl3 Tmem100,[ 1.  1.  1.  1.  1.  1.],[8 1 1 1 1 1],[ 0.  1.  1.  1.  1.],820,,14,0.0,CNS,CNS,39,21,4,2,1,5,3,2,8,0,0,0,0,0,10,6,8,3,3,0,20,28,44,27,31,71,48,1,0,22,21,5,5,6,8,1,0,4,4,0,0,1,0,0,1,1,0,5,9,1,0,4,0,18,0,28,12,0,0,0,0,0,0,6,0,3,20,20,5,14,16,13,10,0,9,3,0,1,1,0,14,12,27,12,4,0,4,0,0,4,10,12,20,13,0,1,0,0,1,0,0,2,0,0,0,0,0,1,0,0,0,0,0,0,1,0,1,3,1,4,11,0,0,0,0,0,0,0,0,0,0,121,74,114,15,0,4,0,60,92,331,9,0,Glia,Neural crest-like glia,Neural crest-like glia,Oligodendrocyte precursor cells,Gopc,9,18,2,28,0,12,24,0,30,0,78,51,72,13,3,55,11,87,60,68,43,0,156,1920.180487804878,Tissue_Thal
113,0,0,18,164,9,0,0,3,0,0,13,0,70,215,265,10,66,9,31,93,3,2,/Users/sten/build_20171205/L4_Brain_Neuroblasts.loom,Neurons,SZNBL,2.0108621191609486,113,nan,Neuronal intermidate progenitor cells,Telencephalon,36,"Riiad1,Urah",2810417H13Rik Cdca7 Rrm2 Ube2c Top2a Lockd,[ 1.  1.  1.  1.  1.  1.],[7 1 1 1 1 1],[ 0.  1.  1.  1.  1.],971,,2,0.0,"Sub ventricular zone, Dentate gyrus","Striatum dorsal, Striatum ventral, Dentate gyrus",0,0,14,16,1,4,3,38,31,3,0,0,0,0,0,13,0,0,0,0,0,34,36,104,111,0,0,0,0,135,130,17,23,13,13,0,0,0,0,2,1,0,0,0,0,0,0,4,5,0,1,1,0,18,0,0,47,54,63,0,0,0,0,3,1,4,5,4,0,0,0,0,0,0,0,0,4,5,0,0,0,0,0,0,0,0,0,0,0,0,0,0,0,0,0,0,0,0,0,0,0,0,0,0,0,0,0,0,0,0,0,7,3,0,0,0,0,0,0,0,0,0,0,0,0,0,0,0,0,0,0,26,10,182,9,0,2,0,0,388,354,0,0,Neurons,CNS neurons,Immature neural,Non-glutamatergic neuroblasts,Ngnb,24,11,9,7,0,0,53,0,65,0,100,0,0,0,0,36,0,0,0,284,382,0,0,2445.9660144181257,Tissue_StriatVent
114,0,0,0,0,1,0,35,0,0,0,12,0,1,3,0,7,6,0,0,0,4,0,/Users/sten/build_20171205/L4_Ependymal.loom,Ependymal,EPMB,5.070307138976003,114,"Gfap high, no Aqp4,Gja1,Foxj1","Ependymal cells, midbrain",Mesencephalon,228,Crabp1,Tnnt3 Cfap126 Mlf1 4933407L21Rik Calml4 Enkur,[ 1.  1.  1.  1.  1.  1.],[4 1 1 1 1 1],[ 0.   0.6  0.9  0.9  1. ],69,,2,0.0,Dorsal midbrain pia,Midbrain dorsal,0,0,0,0,0,0,0,0,0,0,0,4,0,0,0,0,0,7,5,0,0,1,0,0,0,2,1,0,0,0,0,0,0,0,0,0,0,0,0,0,0,0,0,0,0,2,4,0,0,0,0,0,0,0,0,0,0,0,0,0,0,0,0,0,0,0,0,0,0,0,0,0,0,0,0,0,0,0,1,0,10,10,10,4,0,1,0,0,0,0,0,0,0,0,0,0,0,0,0,0,0,0,0,0,0,0,0,0,0,0,0,0,0,1,0,2,4,0,0,0,0,0,0,0,0,0,0,0,0,0,0,1,36,6,0,0,0,0,0,18,8,0,0,Glia,CNS glia,Astroependymal cells,Ependymal cells,Gepe,0,0,0,0,0,0,0,0,0,0,1,12,52,1,0,0,0,0,0,0,0,0,3,1553.8115942028985,Tissue_MBd
115,0,0,0,0,0,0,27,0,0,0,55,0,0,0,0,29,0,0,0,0,0,0,/Users/sten/build_20171205/L4_Ependymal.loom,Ependymal,HYPEN,1.9424017986058228,115,nan,"Hypendymal cell, subcommissural organ",CNS,225,Wnt10a,Spp2 Sspo Wfdc2 Spdef Fam216b Gm12144,[ 1.  1.  1.  1.  1.  1.],[6 1 1 1 1 1],[ 0.  1.  1.  1.  1.],111,,3,0.0,Subcommissural organ,Subcommissural organ,0,0,0,0,0,0,0,0,0,0,0,0,0,0,0,0,0,33,22,0,0,0,0,0,0,0,0,0,0,0,0,0,0,0,0,0,0,0,0,0,0,0,0,0,0,0,0,0,0,0,0,0,0,0,0,0,0,0,0,0,0,0,0,0,0,0,0,0,0,0,0,0,0,0,0,0,0,0,0,0,9,6,6,4,1,0,1,0,0,0,0,0,0,0,0,0,0,0,0,0,0,0,0,0,0,0,0,0,0,0,0,0,0,3,10,11,4,0,1,0,0,0,0,0,0,0,0,0,0,0,0,0,40,16,0,0,0,0,0,55,0,0,0,Glia,CNS glia,Astroependymal cells,Subcommissural organ hypendymal cells,Ghyp,0,0,0,0,0,0,0,0,0,0,0,13,95,3,0,0,0,0,0,0,0,0,0,1757.5675675675675,Tissue_MBd
116,0,0,0,0,0,0,0,0,0,0,0,0,0,0,0,0,176,0,15,90,0,0,/Users/sten/build_20171205/L4_Olfactory_Inhibitory.loom,Neurons,OBDOP2,2.8756859155735555,116,Confusing stainings in Allen ,"Dopaminergic neurons, olfactory nulb",Telencephalon,39,,Scgn Cpne6 Synpr Isoc1 Pcp4l1 Dcx,[ 1.  1.  1.  1.  1.  1.],[5 1 1 1 1 1],[ 0.   0.5  0.5  0.5  0.5],281,"GABA,Dopamine",5,0.0,Olfactory bulb,Olfactory bulb,0,0,0,0,15,0,0,0,0,0,0,0,0,0,0,0,0,0,0,0,0,0,0,0,0,0,0,0,0,0,0,0,0,87,89,0,0,0,0,0,0,0,0,0,0,0,0,0,0,0,0,0,0,0,0,0,0,0,0,0,0,0,0,0,0,0,43,47,0,0,0,0,0,0,0,0,0,0,0,0,0,0,0,0,0,0,0,0,0,0,0,0,0,0,0,0,0,0,0,0,0,0,0,0,0,0,0,0,0,0,0,0,0,0,0,0,0,0,0,0,0,0,0,0,0,0,0,0,0,0,0,90,0,0,0,0,0,0,0,15,176,0,0,Neurons,CNS neurons,Telencephalon interneurons,Olfactory inhibitory neurons,Obin,0,0,0,0,0,0,0,0,0,0,0,0,0,0,0,281,0,0,0,0,0,0,0,1573.6975088967972,Tissue_OB
117,0,0,0,0,0,0,0,0,0,0,0,0,0,0,0,0,765,0,80,955,0,0,/Users/sten/build_20171205/L4_Olfactory_Inhibitory.loom,Neurons,OBINH2,4.12165069806774,117,nan,"Inner horizontal cell, olfactory bulb",Telencephalon,40,,Shisa8 Fam184a Inpp5j Lgr5 Kank3 Syt6,[ 1.  1.  1.  1.  1.  1.],[3 1 1 1 1 1],[ 0.  1.  1.  1.  1.],1800,GABA,2,0.0,"Olfactory bulb, mitral cell layer",Olfactory bulb,0,0,0,0,80,0,0,0,0,0,0,0,0,0,0,0,0,0,0,0,0,0,0,0,0,0,0,0,0,0,0,0,0,382,383,0,0,0,0,0,0,0,0,0,0,0,0,0,0,0,0,0,0,0,0,0,0,0,0,0,0,0,0,0,0,0,485,470,0,0,0,0,0,0,0,0,0,0,0,0,0,0,0,0,0,0,0,0,0,0,0,0,0,0,0,0,0,0,0,0,0,0,0,0,0,0,0,0,0,0,0,0,0,0,0,0,0,0,0,0,0,0,0,0,0,0,0,0,0,0,0,955,0,0,0,0,0,0,0,80,765,0,0,Neurons,CNS neurons,Telencephalon interneurons,Olfactory inhibitory neurons,Obin,0,0,0,0,0,0,0,0,0,0,0,0,0,0,0,1800,0,0,0,0,0,0,0,1641.815,Tissue_OB
118,0,0,0,0,0,0,0,0,0,0,0,0,0,0,0,0,291,0,107,388,0,0,/Users/sten/build_20171205/L4_Olfactory_Inhibitory.loom,Neurons,OBINH3,0.11009092657210595,118,nan,"Inhibitory neurons, olfactory bulb",Telencephalon,41,Sspo,Gpsm1 Col6a1 Meis2 Kcnh3 Pcp4l1 Myo16,[ 1.   1.   1.   1.   1.   0.9],[4 1 1 1 1 1],[ 0.   0.3  0.3  0.3  0.3],786,GABA,3,0.0,Accessory olfactory bulb granular layer,Olfactory bulb,0,0,0,0,107,0,0,0,0,0,0,0,0,0,0,0,0,0,0,0,0,0,0,0,0,0,0,0,0,0,0,0,0,167,124,0,0,0,0,0,0,0,0,0,0,0,0,0,0,0,0,0,0,0,0,0,0,0,0,0,0,0,0,0,0,0,215,173,0,0,0,0,0,0,0,0,0,0,0,0,0,0,0,0,0,0,0,0,0,0,0,0,0,0,0,0,0,0,0,0,0,0,0,0,0,0,0,0,0,0,0,0,0,0,0,0,0,0,0,0,0,0,0,0,0,0,0,0,0,0,0,388,0,0,0,0,0,0,0,107,291,0,0,Neurons,CNS neurons,Telencephalon interneurons,Olfactory inhibitory neurons,Obin,0,0,0,0,0,0,0,0,0,0,0,0,0,0,0,786,0,0,0,0,0,0,0,1422.4554707379134,Tissue_OB
119,0,0,0,0,0,0,0,0,0,0,0,0,0,0,0,0,139,0,37,177,0,0,/Users/sten/build_20171205/L4_Olfactory_Inhibitory.loom,Neurons,OBINH1,4.410946451418799,119,nan,"Inhibitory neurons, olfactory bulb",Telencephalon,38,,Sp9 Ccsap Gng4 Pbx3 Tshz1 Dcx,[ 1.  1.  1.  1.  1.  1.],[5 1 1 1 1 1],[ 0.  1.  1.  1.  1.],353,GABA,4,0.0,Main and accessory olfactory bulb granular layer,Olfactory bulb,0,0,0,0,37,0,0,0,0,0,0,0,0,0,0,0,0,0,0,0,0,0,0,0,0,0,0,0,0,0,0,0,0,84,55,0,0,0,0,0,0,0,0,0,0,0,0,0,0,0,0,0,0,0,0,0,0,0,0,0,0,0,0,0,0,0,92,85,0,0,0,0,0,0,0,0,0,0,0,0,0,0,0,0,0,0,0,0,0,0,0,0,0,0,0,0,0,0,0,0,0,0,0,0,0,0,0,0,0,0,0,0,0,0,0,0,0,0,0,0,0,0,0,0,0,0,0,0,0,0,0,177,0,0,0,0,0,0,0,37,139,0,0,Neurons,CNS neurons,Telencephalon interneurons,Olfactory inhibitory neurons,Obin,0,0,0,0,0,0,0,0,0,0,0,0,0,0,0,353,0,0,0,0,0,0,0,1805.9631728045326,Tissue_OB
120,0,0,0,0,0,0,0,0,0,0,0,0,0,0,0,0,195,0,31,239,0,0,/Users/sten/build_20171205/L4_Olfactory_Inhibitory.loom,Neurons,OBINH4,3.0938191141425815,120,nan,"Inhibitory neurons, olfactory bulb",Telencephalon,42,,Prok2 Trdn Inhba Ppp1r17 Kcnip2 A830018L16Rik,[ 1.  1.  1.  1.  1.  1.],[8 1 1 1 1 1],[ 0.  1.  1.  1.  1.],465,GABA,6,0.0,"Olfactory bulb, inner granular layer",Olfactory bulb,0,0,0,0,31,0,0,0,0,0,0,0,0,0,0,0,0,0,0,0,0,0,0,0,0,0,0,0,0,0,0,0,0,98,97,0,0,0,0,0,0,0,0,0,0,0,0,0,0,0,0,0,0,0,0,0,0,0,0,0,0,0,0,0,0,0,127,112,0,0,0,0,0,0,0,0,0,0,0,0,0,0,0,0,0,0,0,0,0,0,0,0,0,0,0,0,0,0,0,0,0,0,0,0,0,0,0,0,0,0,0,0,0,0,0,0,0,0,0,0,0,0,0,0,0,0,0,0,0,0,0,239,0,0,0,0,0,0,0,31,195,0,0,Neurons,CNS neurons,Telencephalon interneurons,Olfactory inhibitory neurons,Obin,0,0,0,0,0,0,0,0,0,0,0,0,0,0,0,465,0,0,0,0,0,0,0,1225.6774193548388,Tissue_OB
121,0,0,0,0,0,0,0,0,0,0,0,0,0,0,0,0,59,0,2,164,0,0,/Users/sten/build_20171205/L4_Brain_Neuroblasts.loom,Neurons,OBNBL2,1.7436941659006253,121,nan,"Neuroblasts, olfactory bulb",Telencephalon,181,"Penk,Foxp2,Rprm,Gabrq",Ly6g6e Eomes Nmb Casp1 Tmem132d 6430710C18Rik,[ 1.  1.  1.  1.  1.  1.],[6 1 1 1 1 1],[ 0.  1.  1.  1.  1.],225,Glutamate (VGLUT2),1,0.0,"Main olfactory bulb mitral layer, Main olfactory bulb outer plexiform layer",Olfactory bulb,0,0,0,0,2,0,0,0,0,0,0,0,0,0,0,0,0,0,0,0,0,0,0,0,0,0,0,0,0,0,0,0,0,30,29,0,0,0,0,0,0,0,0,0,0,0,0,0,0,0,0,0,0,0,0,0,0,0,0,0,0,0,0,0,0,0,75,89,0,0,0,0,0,0,0,0,0,0,0,0,0,0,0,0,0,0,0,0,0,0,0,0,0,0,0,0,0,0,0,0,0,0,0,0,0,0,0,0,0,0,0,0,0,0,0,0,0,0,0,0,0,0,0,0,0,0,0,0,0,0,0,164,0,0,0,0,0,0,0,2,59,0,0,Neurons,CNS neurons,Immature neural,Glutamatergic neuroblasts,Glnb,0,0,0,0,0,0,0,0,0,0,0,0,0,0,0,225,0,0,0,0,0,0,0,2706.653333333333,Tissue_OB
122,0,0,27,0,0,0,0,7,0,0,178,0,62,0,0,0,297,3,17,7,0,0,/Users/sten/build_20171205/L4_Telencephalon_Excitatory.loom,Neurons,TEGLU6,6.1259332756929625,122,nan,"Excitatory neurons, cerebral cortex",Telencephalon,11,"Pth1r,Pdgfrb",Tshz2 Ddit4l Neurod6 Dkk3 Hlf March1,[ 1.  1.  1.  1.  1.  1.],[7 1 1 1 1 1],[ 0.  1.  1.  1.  1.],598,"Glutamate (VGLUT1,VGLUT2)",22,0.0,"Cingulate/Retrosplenial area, layer 2",Cortex,0,1,8,9,0,2,2,0,0,0,0,0,0,0,5,104,74,0,0,7,7,32,16,0,0,0,0,0,0,0,0,155,140,1,0,0,0,0,0,1,1,0,0,1,0,0,0,3,0,0,0,0,0,27,0,0,0,0,0,0,0,0,0,0,1,1,0,0,0,0,0,0,0,0,0,0,0,0,0,0,0,0,0,0,0,0,0,0,0,0,0,0,0,0,0,0,0,0,0,0,0,0,0,0,0,0,0,0,0,0,0,0,0,0,0,0,0,0,0,0,0,0,0,0,0,0,0,0,0,0,0,2,0,27,3,0,0,0,1,202,363,0,0,Neurons,CNS neurons,Telencephalon projecting neurons,Telencephalon projecting excitatory neurons,Tpre,4,3,0,18,0,6,473,0,27,0,65,0,0,0,0,1,0,0,1,0,0,0,0,2776.777591973244,Tissue_Ctx3
123,0,0,0,3,0,0,0,21,0,0,29,0,109,0,0,0,107,14,14,93,0,12,/Users/sten/build_20171205/L4_Telencephalon_Excitatory.loom,Neurons,TEGLU1,5.600198038606452,123,nan,"Excitatory neurons, cerebral cortex",Telencephalon,1,"Hexb, Siglech",Myl4 Cpne4 Olfm3 Gm11549 Plcxd2 Neto2,[ 1.  1.  1.  1.  1.  1.],[7 1 1 1 1 1],[ 0.   0.5  1.   1.   1. ],402,"Glutamate (VGLUT1, VGLUT3)",24,0.0,"Cingulate/Retrosplenial area, layer 6",Cortex,7,28,4,3,0,41,24,0,0,0,0,0,1,0,18,15,14,0,0,52,40,9,7,0,0,0,0,0,0,0,0,23,25,2,0,0,0,0,0,3,0,0,0,31,26,0,0,3,7,4,1,5,6,0,0,0,0,2,1,0,0,0,0,0,0,0,0,0,0,0,0,0,0,0,0,0,0,0,0,0,0,0,0,0,0,0,0,0,0,0,0,0,0,0,0,0,0,0,0,0,0,0,0,0,0,0,0,0,0,0,0,0,0,0,0,0,0,0,0,0,0,0,0,0,0,0,0,0,0,0,0,0,0,3,14,0,12,1,35,161,176,0,0,Neurons,CNS neurons,Telencephalon projecting neurons,Telencephalon projecting excitatory neurons,Tpre,3,17,0,157,6,79,77,0,0,0,23,0,0,0,0,2,0,0,35,0,3,0,0,3375.542288557214,Tissue_Ctx1
124,0,0,1120,606,7,0,0,0,0,0,0,0,1121,0,9,0,0,2,520,0,0,0,/Users/sten/build_20171205/L4_Brain_Granule.loom,Neurons,DGGRC2,0.9999996852163994,124,nan,"Granule neurons, dentate gyrus",Telencephalon,26,"Mpz,Prx",C1ql2 Nr3c2 Rasl10a Tubgcp2 Ahcyl2 Rab40b,[ 1.  1.  1.  1.  1.  1.],[6 1 1 1 1 1],[ 0.  1.  1.  1.  1.],3385,Glutamate (VGLUT1),1,0.0,Dentate gyrus,Dentate gyrus,0,0,261,259,0,0,0,0,0,0,0,0,0,0,0,0,0,0,0,0,0,537,584,0,0,0,0,8,1,0,0,0,0,0,0,0,0,0,0,0,0,0,0,0,0,0,0,1,1,0,0,0,0,1120,0,0,606,0,0,0,0,0,0,0,0,0,0,0,0,0,0,0,0,0,0,0,5,2,0,0,0,0,0,0,0,0,0,0,0,0,0,0,0,0,0,0,0,0,0,0,0,0,0,0,0,0,0,0,0,0,0,0,0,0,0,0,0,0,0,0,0,0,0,0,0,0,0,0,0,0,0,7,0,1726,2,0,0,0,0,529,1121,0,0,Neurons,CNS neurons,Telencephalon projecting neurons,Dentate gyrus granule neurons,Dggn,0,2,16,0,0,0,0,0,1726,0,1641,0,0,0,0,0,0,0,0,0,0,0,0,2337.056129985229,Tissue_DentGyr
125,0,0,334,244,19,0,0,0,0,0,0,0,334,0,7,0,0,0,45,0,0,0,/Users/sten/build_20171205/L4_Brain_Granule.loom,Neurons,DGGRC1,2.9874279800042562,125,nan,"Granule neuroblasts, dentate gyrus",Telencephalon,25,,Bhlhe22 Tmem114 Ntf3 Islr2 Gabra5 Prox1os,[ 1.  1.  1.  1.  1.  1.],[10  1  1  1  1  1],[ 0.   0.2  0.1  0.1  0.1],983,Glutamate (VGLUT1),2,0.0,Dentate gyrus,Dentate gyrus,0,0,23,22,0,0,0,0,0,0,0,0,0,0,0,0,0,0,0,0,0,164,170,0,0,0,0,6,1,0,0,0,0,0,0,0,0,0,0,0,0,0,0,0,0,0,0,0,0,0,0,0,0,334,0,0,244,0,0,0,0,0,0,0,0,0,0,0,0,0,0,0,0,0,0,0,3,16,0,0,0,0,0,0,0,0,0,0,0,0,0,0,0,0,0,0,0,0,0,0,0,0,0,0,0,0,0,0,0,0,0,0,0,0,0,0,0,0,0,0,0,0,0,0,0,0,0,0,0,0,0,19,0,578,0,0,0,0,0,52,334,0,0,Neurons,CNS neurons,Telencephalon projecting neurons,Dentate gyrus granule neurons,Dggn,0,0,26,0,0,0,0,0,578,0,379,0,0,0,0,0,0,0,0,0,0,0,0,2792.7568667344863,Tissue_DentGyr
126,0,0,37,52,0,0,0,0,0,0,1,0,46,1,1,0,6,4,9,0,2,0,/Users/sten/build_20171205/L4_Brain_Neuroblasts.loom,Neurons,DGNBL1,0.8126095145638986,126,nan,"Granule neuroblasts, dentate gyrus",Telencephalon,35,"Mfge8,Gfap",Igfbpl1 Mfap4 Sox11 Mdk Emx1 Rcor2,[ 1.  1.  1.  1.  1.  1.],[5 1 1 1 1 1],[ 0.  1.  1.  1.  1.],159,,5,0.0,Dentate gyrus,Dentate gyrus,0,0,3,6,0,0,0,0,0,2,0,0,0,0,0,1,0,0,0,0,0,27,19,0,1,0,0,0,0,0,1,5,1,0,0,0,0,0,0,0,0,0,0,0,0,0,0,4,0,0,0,0,0,37,0,0,52,0,0,0,0,0,0,0,0,0,0,0,0,0,0,0,0,0,0,0,0,0,0,0,0,0,0,0,0,0,0,0,0,0,0,0,0,0,0,0,0,0,0,0,0,0,0,0,0,0,0,0,0,0,0,0,0,0,0,0,0,0,0,0,0,0,0,0,0,0,0,0,0,0,0,0,0,89,4,0,0,0,0,11,55,0,0,Neurons,CNS neurons,Immature neural,Non-glutamatergic neuroblasts,Ngnb,2,4,0,0,0,0,7,0,89,0,55,0,0,0,0,0,0,0,0,1,1,0,0,2220.616352201258,Tissue_DentGyr
127,0,0,373,419,5,0,0,0,0,0,2,0,607,0,0,0,4,0,20,15,0,0,/Users/sten/build_20171205/L4_Brain_Neuroblasts.loom,Neurons,DGNBL2,2.0499463684059442,127,nan,"Granule neuroblasts, dentate gyrus",Telencephalon,34,"Mfge8,Gfap",Igfbpl1 Rerg Sox11 Tubb2b Syce2 Ttc28,[ 1.  1.  1.  1.  1.  1.],[7 1 1 1 1 1],[ 0.  1.  1.  1.  1.],1445,,6,0.0,Dentate gyrus,Dentate gyrus,0,0,7,13,0,0,0,0,0,0,0,0,0,0,0,1,1,0,0,0,0,285,322,0,0,0,0,0,0,0,0,1,0,2,1,0,0,0,0,0,0,0,0,0,0,0,0,0,0,0,0,0,0,373,0,0,418,1,0,0,0,0,0,1,1,4,5,4,0,0,0,0,0,0,0,0,3,2,0,0,0,0,0,0,0,0,0,0,0,0,0,0,0,0,0,0,0,0,0,0,0,0,0,0,0,0,0,0,0,0,0,0,0,0,0,0,0,0,0,0,0,0,0,0,0,0,0,0,0,0,0,20,0,792,0,0,0,0,0,22,611,0,0,Neurons,CNS neurons,Immature neural,Non-glutamatergic neuroblasts,Ngnb,6,0,5,0,0,0,3,0,791,0,627,0,0,0,0,12,0,0,0,0,1,0,0,2699.7460207612457,Tissue_DentGyr
128,0,0,0,4,0,0,0,0,0,0,1,0,3,145,88,0,719,0,15,1265,0,0,/Users/sten/build_20171205/L4_Brain_Neuroblasts.loom,Neurons,OBNBL3,1.0182450339570632,128,nan,"Neuroblasts, olfactory bulb",Telencephalon,37,"Tfap2c,Riiad1",Igfbpl1 Tiam2 Dlx2 Dlx1 Dlx6os1 Dcx,[ 1.  1.  1.  1.  1.  1.],[4 1 1 1 1 1],[ 0.  1.  1.  1.  1.],2240,GABA,3,0.0,Olfactory bulb,Olfactory bulb,0,0,0,1,14,4,1,1,2,0,0,0,0,0,0,0,1,0,0,0,0,3,0,73,72,0,0,0,0,41,47,7,5,359,348,0,0,0,0,0,0,0,0,0,0,0,0,0,0,0,0,0,0,0,0,0,0,3,1,0,0,0,0,13,3,21,612,608,0,0,0,0,0,0,0,0,0,0,0,0,0,0,0,0,0,0,0,0,0,0,0,0,0,0,0,0,0,0,0,0,0,0,0,0,0,0,0,0,0,0,0,0,0,0,0,0,0,0,0,0,0,0,0,0,0,0,0,0,0,0,0,1257,0,4,0,0,0,0,0,112,867,0,0,Neurons,CNS neurons,Immature neural,Non-glutamatergic neuroblasts,Ngnb,37,0,0,5,0,0,13,0,0,0,4,0,0,0,0,1941,0,0,0,148,92,0,0,1428.947767857143,Tissue_OB
129,0,0,0,0,105,0,0,0,0,0,0,0,0,0,0,25,13,0,0,0,9,0,/Users/sten/build_20171205/L4_Hypothalamus_Peptidergic.loom,Neurons,HYPEP3,6.003121382325795,129,should be split to Th/GABA and Glut,"Peptidergic neurons, hypothalamus",Diencephalon,87,"Eomes, Doc2g",Fezf1 Baiap3 Hap1 A730017C20Rik Myh7 Nrsn2,[ 1.  1.  1.  1.  1.  1.],[9 1 1 1 1 1],[ 0.   0.3  0.3  0.3  0.3],152,"Glutamate (VGLUT2), Nitric oxide",2,0.0,Ventromedial hypothalamic nucleus,Hypothalamus,0,0,0,0,0,0,0,0,0,0,0,9,0,0,0,0,0,0,0,0,0,0,0,0,0,0,0,0,0,0,0,0,0,0,0,0,0,0,0,0,0,0,0,0,0,7,6,0,0,0,0,0,0,0,0,0,0,0,0,0,0,0,0,0,0,0,0,0,7,29,17,25,0,0,0,0,0,0,11,16,0,0,0,0,0,0,0,0,0,0,0,0,0,0,0,0,0,0,0,0,0,0,0,0,0,0,0,0,0,0,0,0,0,15,10,0,0,0,0,0,0,0,0,0,0,0,0,0,0,0,0,105,25,0,0,0,0,0,0,13,9,0,0,Neurons,CNS neurons,"Cholinergic, monoaminergic and peptidergic neurons",Peptidergic neurons,Hpep,0,0,0,0,0,0,0,0,0,0,0,152,0,0,0,0,0,0,0,0,0,0,0,3865.6118421052633,Tissue_Hypoth
130,0,0,0,0,30,0,0,0,0,0,0,0,0,0,0,9,2,0,0,0,2,0,/Users/sten/build_20171205/L4_Hypothalamus_Peptidergic.loom,Neurons,HYPEP2,7.239845846799955,130,nan,"Peptidergic neurons, hypothalamus",Diencephalon,89,,Ucn3 Baiap3 Pkib Tmie Fam46a Pnmal1,[ 1.  1.  1.  1.  1.  1.],[12  1  1  1  1  1],[ 0.   0.1  0.1  0.1  0.3],43,Nitric oxide,4,0.0,Paraventricular hypothalamic nucleus,Hypothalamus,0,0,0,0,0,0,0,0,0,0,0,2,0,0,0,0,0,0,0,0,0,0,0,0,0,0,0,0,0,0,0,0,0,0,0,0,0,0,0,0,0,0,0,0,0,1,1,0,0,0,0,0,0,0,0,0,0,0,0,0,0,0,0,0,0,0,0,0,2,8,4,7,0,0,0,0,0,0,1,8,0,0,0,0,0,0,0,0,0,0,0,0,0,0,0,0,0,0,0,0,0,0,0,0,0,0,0,0,0,0,0,0,0,3,6,0,0,0,0,0,0,0,0,0,0,0,0,0,0,0,0,30,9,0,0,0,0,0,0,2,2,0,0,Neurons,CNS neurons,"Cholinergic, monoaminergic and peptidergic neurons",Peptidergic neurons,Hpep,0,0,0,0,0,0,0,0,0,0,0,43,0,0,0,0,0,0,0,0,0,0,0,2806.232558139535,Tissue_Hypoth
131,0,0,0,0,139,0,0,0,0,0,0,0,0,0,0,34,9,0,0,0,9,0,/Users/sten/build_20171205/L4_Hypothalamus_Peptidergic.loom,Neurons,HYPEP1,7.005392420910811,131,nan,"Peptidergic neurons, hypothalamus",Diencephalon,88,,Trh Ngb Peg10 Gabre Resp18 Nrsn2,[ 1.  1.  1.  1.  1.  1.],[13  1  1  1  1  1],[ 0.   0.9  1.   1.   1. ],191,Glutamate (VGLUT2),3,0.0,Lateral hypothalamic area,Hypothalamus,0,0,0,0,0,0,0,0,0,0,0,9,0,0,0,0,0,0,0,0,0,0,0,0,0,0,0,0,0,0,0,0,0,0,0,0,0,0,0,0,0,0,0,0,0,7,2,0,0,0,0,0,0,0,0,0,0,0,0,0,0,0,0,0,0,0,0,0,17,40,17,32,0,0,0,0,0,0,14,19,0,0,0,0,0,0,0,0,0,0,0,0,0,0,0,0,0,0,0,0,0,0,0,0,0,0,0,0,0,0,0,0,0,12,22,0,0,0,0,0,0,0,0,0,0,0,0,0,0,0,0,139,34,0,0,0,0,0,0,9,9,0,0,Neurons,CNS neurons,"Cholinergic, monoaminergic and peptidergic neurons",Peptidergic neurons,Hpep,0,0,0,0,0,0,0,0,0,0,0,191,0,0,0,0,0,0,0,0,0,0,0,3285.1204188481674,Tissue_Hypoth
132,0,0,1,1,285,0,0,1,0,0,0,0,1,0,2,0,2,0,0,0,0,0,/Users/sten/build_20171205/L4_Brain_Neuroblasts.loom,Neurons,CBNBL2,1.2752812783166374,132,nan,"Neuroblasts, cerebellum",Rhombencephalon,177,"Unc3, Trh",Neurod1 Mia Pax6 Ppp1r14c Nrep Nfib,[ 1.  1.  1.  1.  1.  1.],[4 1 1 1 1 1],[ 0.  1.  1.  1.  1.],293,,4,0.0,Cerabellum,Cerebellum,0,0,0,0,0,0,0,0,0,0,0,0,0,0,0,0,0,0,0,0,0,1,0,0,0,0,0,2,0,0,0,1,1,0,0,0,0,0,0,0,0,0,0,0,0,0,0,0,0,0,0,0,0,1,0,0,0,0,1,0,0,0,0,0,0,0,0,0,0,0,0,0,0,0,0,0,130,155,0,0,0,0,0,0,0,0,0,0,0,0,0,0,0,0,0,0,0,1,0,0,0,0,0,0,0,0,0,0,0,0,0,0,0,0,0,0,0,0,0,0,0,0,0,0,0,0,0,0,0,0,0,285,0,3,0,0,0,0,0,2,3,0,0,Neurons,CNS neurons,Cerebellum neurons,Cerebellum neurons,Cbnn,0,0,287,0,0,0,2,0,1,0,1,0,0,0,1,0,0,0,0,0,1,0,0,1062.7372013651877,Tissue_CB
133,0,0,4,8,2190,0,0,0,0,0,0,0,21,0,1954,0,0,0,16,0,0,0,/Users/sten/build_20171205/L4_Brain_Granule.loom,Neurons,CBGRC,2.999999999974533,133,Almost half are clearly Calb2-negative,"Granule neurons, cerebellum",Rhombencephalon,176,"Rln3,Calb1",Cbln3 Gabra6 Pax6 Grm4 Nrep Adcy1,[ 1.  1.  1.  1.  1.  1.],[4 1 1 1 1 1],[ 0.  1.  1.  1.  1.],4193,Glutamate (VGLUT1),0,0.0,Cerebellum,Cerebellum,0,0,6,10,0,0,0,0,0,0,0,0,0,0,0,0,0,0,0,0,0,9,12,0,0,0,0,1659,295,0,0,0,0,0,0,0,0,0,0,0,0,0,0,0,0,0,0,0,0,0,0,0,0,4,0,0,8,0,0,0,0,0,0,0,0,0,0,0,0,0,0,0,0,0,0,0,1245,945,0,0,0,0,0,0,0,0,0,0,0,0,0,0,0,0,0,0,0,0,0,0,0,0,0,0,0,0,0,0,0,0,0,0,0,0,0,0,0,0,0,0,0,0,0,0,0,0,0,0,0,0,0,2190,0,12,0,0,0,0,0,1970,21,0,0,Neurons,CNS neurons,Cerebellum neurons,Cerebellum neurons,Cbnn,0,0,4144,0,0,0,0,0,12,0,37,0,0,0,0,0,0,0,0,0,0,0,0,803.5857381349869,Tissue_CB
134,0,0,37,54,0,0,0,6,0,0,0,0,70,0,1,0,5,8,24,17,0,0,/Users/sten/build_20171205/L4_Telencephalon_Excitatory.loom,Neurons,CR,2.988478040968746,134,nan,"Cajal-Retzius cells, hippocampus",Telencephalon,134,"Rorb,Npl",Ndnf Nhlh2 Trp73 Ankrd35 Lhx5 Ramp1,[ 1.  1.  1.  1.  1.  1.],[6 1 1 1 1 1],[ 0.   0.4  1.   1.   1. ],222,Glutamate (VGLUT2),21,0.0,Dentate gyrus molecular layer,Dentate gyrus,0,0,8,15,1,0,0,0,0,0,0,0,0,0,0,0,0,0,0,1,1,28,40,0,0,0,0,0,0,1,0,0,0,2,3,0,0,0,0,3,3,0,0,0,0,0,0,3,5,0,0,0,0,37,0,0,54,0,0,0,0,0,0,2,1,9,3,2,0,0,0,0,0,0,0,0,0,0,0,0,0,0,0,0,0,0,0,0,0,0,0,0,0,0,0,0,0,0,0,0,0,0,0,0,0,0,0,0,0,0,0,0,0,0,0,0,0,0,0,0,0,0,0,0,0,0,0,0,0,0,0,17,0,91,8,0,0,0,0,31,75,0,0,Neurons,CNS neurons,Di- and mesencephalon neurons,Di- and mesencephalon excitatory neurons,Dime,18,8,0,2,0,0,0,0,91,0,91,0,0,0,0,11,0,0,0,0,1,0,0,1917.8783783783783,Tissue_DentGyr
135,0,0,0,0,76,0,5,23,0,0,19,0,0,0,40,0,0,0,0,0,0,0,/Users/sten/build_20171205/L4_Brain_Neuroblasts.loom,Neurons,CBNBL1,7.350145560025634,135,nan,"Neuroblasts, cerebellum",Rhombencephalon,178,"Trh, Asb4",Sln Lmx1a Pkib Inadl Trpc3 Ank1,[ 1.   1.   1.   1.   1.   0.9],[7 1 1 1 1 1],[ 0.   0.5  1.   1.   1. ],163,Glutamate (VGLUT2),9,0.0,"Hindbrain (pons, medulla cerabellum)","Pons,Medullae,Cerebellum",0,0,0,0,0,0,0,0,0,0,0,0,0,0,0,0,0,0,0,0,0,0,0,0,0,0,0,32,8,0,0,0,0,0,0,0,0,0,2,0,0,0,0,0,0,0,0,0,0,0,0,0,0,0,0,0,0,0,0,1,0,1,1,0,0,0,0,0,0,0,0,0,0,0,0,0,39,37,0,0,0,0,0,0,0,0,0,0,0,0,0,0,0,0,0,2,3,3,2,3,0,7,3,1,1,2,1,2,6,2,4,0,0,0,0,0,0,0,0,0,0,0,0,0,0,0,0,0,0,0,0,76,0,45,0,0,0,0,0,40,0,2,0,Neurons,CNS neurons,Immature neural,Glutamatergic neuroblasts,Glnb,0,0,116,0,0,0,0,0,0,0,0,0,0,0,16,0,31,0,0,0,0,0,0,2018.006134969325,Tissue_CB
136,0,0,0,0,0,0,0,0,0,0,0,0,0,22,95,0,0,0,0,0,0,0,/Users/sten/build_20171205/L4_Brain_Neuroblasts.loom,Neurons,SEPNBL,2.918700170474393,136,nan,"Neuroblasts, septum",Telencephalon,179,"Gal,Npnt,Fezf1",Sln Sost Ctxn3 Adgrd1 Fzd7 Eps8,[ 1.  1.  1.  1.  1.  1.],[11  1  1  1  1  1],[ 0.   0.3  0.7  1.   1. ],117,Glutamate (VGLUT1),10,0.0,Triangular nucleus of septum,Pallidum,0,0,0,0,0,0,0,0,0,0,0,0,0,0,0,0,0,0,0,0,0,0,0,0,0,10,12,2,1,51,41,0,0,0,0,0,0,0,0,0,0,0,0,0,0,0,0,0,0,0,0,0,0,0,0,0,0,0,0,0,0,0,0,0,0,0,0,0,0,0,0,0,0,0,0,0,0,0,0,0,0,0,0,0,0,0,0,0,0,0,0,0,0,0,0,0,0,0,0,0,0,0,0,0,0,0,0,0,0,0,0,0,0,0,0,0,0,0,0,0,0,0,0,0,0,0,0,0,0,0,0,0,0,0,0,0,0,0,0,95,22,0,0,Neurons,CNS neurons,Immature neural,Glutamatergic neuroblasts,Glnb,0,0,3,0,0,0,0,0,0,0,0,0,0,0,0,0,0,0,0,0,92,0,22,3124.965811965812,Tissue_StriatVent
137,0,0,0,0,0,0,0,0,0,0,0,0,0,0,0,0,199,0,77,595,0,0,/Users/sten/build_20171205/L4_Brain_Neuroblasts.loom,Neurons,OBNBL5,2.461437309232401,137,nan,"Inhibitory neurons, olfactory bulb",Telencephalon,44,,Nppa Dlx5 Calb2 Apold1 Nxph1 Nrsn1,[ 1.  1.  1.  1.  1.  1.],[8 1 1 1 1 1],[ 0.  1.  1.  1.  1.],871,GABA,8,0.0,"Main olfactory bulb, glomerular layer and Accessory olfactory bulb, granular layer",Olfactory bulb,0,0,0,0,77,0,0,0,0,0,0,0,0,0,0,0,0,0,0,0,0,0,0,0,0,0,0,0,0,0,0,0,0,98,101,0,0,0,0,0,0,0,0,0,0,0,0,0,0,0,0,0,0,0,0,0,0,0,0,0,0,0,0,0,0,2,304,289,0,0,0,0,0,0,0,0,0,0,0,0,0,0,0,0,0,0,0,0,0,0,0,0,0,0,0,0,0,0,0,0,0,0,0,0,0,0,0,0,0,0,0,0,0,0,0,0,0,0,0,0,0,0,0,0,0,0,0,0,0,0,0,595,0,0,0,0,0,0,0,77,199,0,0,Neurons,CNS neurons,Telencephalon interneurons,Olfactory inhibitory neurons,Obin,2,0,0,0,0,0,0,0,0,0,0,0,0,0,0,869,0,0,0,0,0,0,0,1330.51205510907,Tissue_OB
138,0,0,0,0,0,0,0,0,0,0,0,0,0,1,0,0,62,0,7,138,0,0,/Users/sten/build_20171205/L4_Brain_Neuroblasts.loom,Neurons,OBNBL4,3.725942228507343,138,nan,"Inhibitory neurons, olfactory bulb",Telencephalon,43,Klk6,Nppa Nccrp1 Htr1f Id2 Nxph1 Nol4,[ 1.  1.  1.  1.  1.  1.],[6 1 1 1 1 1],[ 0.   0.3  0.3  0.3  0.3],208,GABA,7,0.0,"Main olfactory bulb, glomerular layer",Olfactory bulb,0,0,0,0,7,0,0,0,0,0,0,0,0,0,0,0,0,0,0,0,0,0,0,0,1,0,0,0,0,0,0,0,0,39,23,0,0,0,0,0,0,0,0,0,0,0,0,0,0,0,0,0,0,0,0,0,0,0,0,0,0,0,0,0,0,0,75,63,0,0,0,0,0,0,0,0,0,0,0,0,0,0,0,0,0,0,0,0,0,0,0,0,0,0,0,0,0,0,0,0,0,0,0,0,0,0,0,0,0,0,0,0,0,0,0,0,0,0,0,0,0,0,0,0,0,0,0,0,0,0,0,138,0,0,0,0,0,0,0,7,63,0,0,Neurons,CNS neurons,Telencephalon interneurons,Olfactory inhibitory neurons,Obin,0,0,0,0,0,0,0,0,0,0,0,0,0,0,0,207,0,0,0,1,0,0,0,1196.2596153846155,Tissue_OB
139,0,0,0,0,87,0,0,0,0,0,0,0,0,117,0,3,0,0,0,0,0,0,/Users/sten/build_20171205/L4_Diencephalon_Excitatory.loom,Neurons,DECHO2,3.4606185153819644,139,nan,"Cholinergic neurons, habenula",Diencephalon,135,"Kcnd3,Prex2",Gm5741 Gng8 Lrrc55 Nwd2 Ccdc155 Syt9,[ 1.  1.  1.  1.  1.  1.],[28  1  1  1  1  1],[ 0.   0.1  1.   1.   1. ],207,"Acetylcholine,Glutamate (VGLUT1,VGLUT3)",9,0.0,Habenula,Thalamus,0,0,0,0,0,0,0,0,0,0,0,0,0,0,0,0,0,0,0,0,0,0,0,0,0,51,66,0,0,0,0,0,0,0,0,0,0,0,0,0,0,0,0,0,0,0,0,0,0,0,0,0,0,0,0,0,0,0,0,0,0,0,0,0,0,0,0,0,0,0,0,0,36,14,13,24,0,0,0,0,0,0,0,0,0,0,0,0,0,0,0,0,0,0,0,0,0,0,0,0,0,0,0,0,0,0,0,0,0,0,0,0,0,0,0,0,0,0,0,0,3,0,0,0,0,0,0,0,0,0,0,87,0,3,0,0,0,0,0,0,117,0,0,Neurons,CNS neurons,Di- and mesencephalon neurons,Di- and mesencephalon excitatory neurons,Dime,0,0,0,0,0,0,0,0,0,0,0,0,0,0,0,0,0,0,0,0,0,0,207,3927.159420289855,Tissue_Thal
140,0,1,0,0,127,0,0,0,0,0,0,0,0,0,0,20,24,0,0,0,1,0,/Users/sten/build_20171205/L4_Hypothalamus_Peptidergic.loom,Neurons,HYPEP5,7.186764226980828,140,nan,"Vasopressin-producing cells, hypothalamus",Diencephalon,94,"Lgi2,Hapln1",Avp H2-DMb2 Sim1 Angpt1 Pcsk1 Fkbp11,[ 1.  1.  1.  1.  1.  1.],[12  1  1  1  1  1],[ 0.   0.6  0.6  0.6  0.6],173,Glutamate (VGLUT2),7,0.0,Paraventricular hypothalamic nucleus magnocellular division and/or Diagonal band nucleus,Hypothalamus,0,0,0,0,0,0,0,0,0,0,0,1,0,0,0,0,0,0,0,0,0,0,0,0,0,0,0,0,0,0,0,0,0,0,0,0,0,0,0,0,0,0,0,0,0,10,14,0,0,0,0,0,0,0,0,0,0,0,0,0,0,0,0,0,0,0,0,0,2,31,19,30,0,0,0,0,0,0,18,27,0,0,0,0,0,0,0,0,0,0,0,0,0,0,0,0,0,0,0,0,0,0,0,0,0,0,0,0,0,0,0,0,0,7,13,0,0,0,0,0,0,0,0,0,0,0,1,0,0,0,0,127,20,0,0,0,0,0,1,24,1,0,0,Neurons,CNS neurons,"Cholinergic, monoaminergic and peptidergic neurons",Peptidergic neurons,Hpep,0,0,0,0,0,0,0,0,0,0,0,173,0,0,0,0,0,0,0,0,0,0,0,4569.994219653179,Tissue_Hypoth
141,0,0,0,0,107,0,0,0,0,0,0,0,0,0,0,38,32,0,0,0,5,0,/Users/sten/build_20171205/L4_Hypothalamus_Peptidergic.loom,Neurons,DEINH7,2.373000849821463,141,nan,"Inhibitory neurons, hypothalamus",Diencephalon,93,"Ntn1,Thrsp",Avp Rgs16 Pkib Rasd1 Gadd45g B630019K06Rik,[ 1.  1.  1.  1.  1.  1.],[5 1 1 1 1 1],[ 0.   0.7  0.7  0.7  0.7],182,GABA,6,0.0,"Suprachiasmatic nucleus, Medial preoptic nucleus",Hypothalamus,0,0,0,0,0,0,0,0,0,0,0,5,0,0,0,0,0,0,0,0,0,0,0,0,0,0,0,0,0,0,0,0,0,0,0,0,0,0,0,0,0,0,0,0,0,23,9,0,0,0,0,0,0,0,0,0,0,0,0,0,0,0,0,0,0,0,0,0,6,43,10,19,0,0,0,0,0,0,12,17,0,0,0,0,0,0,0,0,0,0,0,0,0,0,0,0,0,0,0,0,0,0,0,0,0,0,0,0,0,0,0,0,0,21,17,0,0,0,0,0,0,0,0,0,0,0,0,0,0,0,0,107,38,0,0,0,0,0,0,32,5,0,0,Neurons,CNS neurons,"Cholinergic, monoaminergic and peptidergic neurons",Peptidergic neurons,Hpep,0,0,0,0,0,0,0,0,0,0,0,182,0,0,0,0,0,0,0,0,0,0,0,1553.0714285714287,Tissue_Hypoth
142,0,0,0,0,67,0,0,0,0,0,0,0,0,0,0,9,16,0,0,0,6,0,/Users/sten/build_20171205/L4_Diencephalon_Excitatory.loom,Neurons,HYPEP4,4.10620308904785,142,nan,"Oxytocin-producing cells, hypothalamus",Diencephalon,95,"Pvalb,Crabp1",Oxt Fam183b Sim1 Nog Caprin2 Fkbp11,[ 1.   1.   1.   1.   1.   0.9],[10  1  1  1  1  1],[ 0.   0.7  0.7  0.7  0.8],98,Nitric oxide,1,0.0,Dorsomedial nucleus of the hypothalamus. magnocellular neurosecretory cells.,Hypothalamus,0,0,0,0,0,0,0,0,0,0,0,6,0,0,0,0,0,0,0,0,0,0,0,0,0,0,0,0,0,0,0,0,0,0,0,0,0,0,0,0,0,0,0,0,0,6,10,0,0,0,0,0,0,0,0,0,0,0,0,0,0,0,0,0,0,0,0,0,8,21,2,6,0,0,0,0,0,0,12,18,0,0,0,0,0,0,0,0,0,0,0,0,0,0,0,0,0,0,0,0,0,0,0,0,0,0,0,0,0,0,0,0,0,3,5,0,0,0,0,0,1,0,0,0,0,0,0,0,0,0,0,67,8,1,0,0,0,0,0,16,6,0,0,Neurons,CNS neurons,"Cholinergic, monoaminergic and peptidergic neurons",Peptidergic neurons,Hpep,0,0,0,0,0,0,0,0,0,0,0,97,0,0,0,0,0,0,0,0,0,0,1,5320.040816326531,Tissue_Hypoth
143,0,0,0,0,0,0,1,6,0,0,4,0,0,0,0,0,0,0,0,0,0,0,/Users/sten/build_20171205/L4_Hindbrain_Excitatory.loom,Neurons,HBGLU8,8.158857123642699,143,merge with 10,"Excitatory neurons, hindbrain",Rhombencephalon,167,"Gal,Adam33",Spp1 Cyp2s1 Nefh Gm26673 Cpne9 Cdh23,[ 1.  1.  1.  1.  1.  1.],[18  1  1  1  1  1],[ 0.  0.  0.  0.  0.],11,"Glutamate (VGLUT1,VGLUT2), Nitric oxide",11,0.0,Tegmental reticular nucleus,Pons,0,0,0,0,0,0,0,0,0,0,0,0,0,0,0,0,0,0,0,0,0,0,0,0,0,0,0,0,0,0,0,0,0,0,0,0,0,0,1,0,0,0,0,0,0,0,0,0,0,0,0,0,0,0,0,0,0,0,0,0,0,0,0,0,0,0,0,0,0,0,0,0,0,0,0,0,0,0,0,0,0,0,0,0,0,0,0,0,0,0,0,0,0,0,0,0,0,0,0,3,2,1,0,0,0,2,0,1,0,1,0,0,0,0,0,0,0,0,0,0,0,0,0,0,0,0,0,0,0,0,0,0,0,10,0,0,0,0,0,0,0,1,0,Neurons,CNS neurons,Hindbrain neurons,Hindbrain neurons,Hind,0,0,0,0,0,0,0,0,0,0,0,0,0,0,2,0,9,0,0,0,0,0,0,13087.90909090909,Tissue_Pons
144,0,0,0,0,0,0,3,108,0,0,140,1,0,0,0,0,0,0,0,0,0,0,/Users/sten/build_20171205/L4_Hindbrain_Excitatory.loom,Neurons,HBGLU6,3.1225539219427905,144,nan,"Excitatory neurons, hindbrain",Rhombencephalon,165,"Lypd1,Krt17,Calca",Irx2 Hoxc5 Esrrg Rnf152 Sgcg Efr3a,[ 1.  1.  1.  1.  1.  1.],[25  1  1  1  1  1],[ 0.   0.5  0.5  0.8  0.8],252,"Glutamate (VGLUT1,VGLUT2), Nitric oxide",9,0.0,Pontine gray,Pons,0,0,0,0,0,0,0,0,0,0,0,0,0,1,0,0,0,0,0,0,0,0,0,0,0,0,0,0,0,0,0,0,0,0,0,1,1,0,1,0,0,0,0,0,0,0,0,0,0,0,0,0,0,0,0,0,0,0,0,0,0,0,0,0,0,0,0,0,0,0,0,0,0,0,0,0,0,0,0,0,0,0,0,0,0,0,0,0,0,0,0,0,0,0,0,9,6,6,11,25,2,25,24,13,11,13,9,20,24,36,14,0,0,0,0,0,0,0,0,0,0,0,0,0,0,0,0,0,0,0,0,0,0,248,0,1,0,0,0,0,0,3,0,Neurons,CNS neurons,Hindbrain neurons,Hindbrain neurons,Hind,0,0,0,0,0,0,0,0,0,0,0,0,0,0,81,0,171,0,0,0,0,0,0,7893.222222222223,Tissue_Pons
145,0,0,0,0,0,0,3,130,0,0,142,0,0,0,0,0,0,0,0,0,0,0,/Users/sten/build_20171205/L4_Hindbrain_Excitatory.loom,Neurons,HBGLU7,6.107666566972734,145,nan,"Excitatory neurons, hindbrain",Rhombencephalon,166,"Gal,Rspo3",Irx2 Mreg Esrrg Rnf152 Ucma Efr3a,[ 1.  1.  1.  1.  1.  1.],[19  1  1  1  1  1],[ 0.   0.5  0.5  0.5  0.5],275,"Glutamate (VGLUT1,VGLUT2), Nitric oxide",10,0.0,Tegmental reticular nucleus,Pons,0,0,0,0,0,0,0,0,0,0,0,0,0,0,0,0,0,0,0,0,0,0,0,0,0,0,0,0,0,0,0,0,0,0,0,0,0,0,0,0,0,0,0,0,0,0,0,0,0,0,0,0,0,0,0,0,0,0,0,0,3,0,0,0,0,0,0,0,0,0,0,0,0,0,0,0,0,0,0,0,0,0,0,0,0,0,0,0,0,0,0,0,0,0,0,4,2,2,5,30,16,34,37,9,8,5,3,35,33,25,24,0,0,0,0,0,0,0,0,0,0,0,0,0,0,0,0,0,0,0,0,0,0,275,0,0,0,0,0,0,0,0,0,Neurons,CNS neurons,Hindbrain neurons,Hindbrain neurons,Hind,0,0,0,0,0,0,0,0,0,0,0,0,0,0,41,0,234,0,0,0,0,0,0,6936.869090909091,Tissue_Pons
146,0,0,0,0,0,0,126,4,0,0,0,0,0,0,0,0,0,0,0,0,0,0,/Users/sten/build_20171205/L4_Hindbrain_Excitatory.loom,Neurons,HBGLU5,7.5006074176585695,146,nan,"Excitatory neurons, hindbrain",Rhombencephalon,164,"Tac1,Frzb,Chrm3",Irx2 Ly6d Fcmr Fat2 Irx1 Acaa1b,[ 1.  1.  1.  1.  1.  1.],[21  1  1  1  1  1],[ 0.   0.3  0.3  0.3  0.3],130,"Glutamate (VGLUT1), Nitric oxide",8,0.0,"Pontine reticular nucleus, caudal part",Pons,0,0,0,0,0,0,0,0,0,0,0,0,0,0,0,0,0,0,0,0,0,0,0,0,0,0,0,0,0,0,0,0,0,0,0,1,3,33,35,0,0,0,0,0,0,0,0,0,0,0,0,0,0,0,0,0,0,0,0,1,1,25,27,0,0,0,0,0,0,0,0,0,0,0,0,0,0,0,0,0,0,0,0,0,0,0,0,0,0,0,0,0,0,0,0,0,0,0,0,1,2,0,1,0,0,0,0,0,0,0,0,0,0,0,0,0,0,0,0,0,0,0,0,0,0,0,0,0,0,0,0,0,0,58,0,0,0,0,0,0,0,72,0,Neurons,CNS neurons,Hindbrain neurons,Hindbrain neurons,Hind,0,0,0,0,0,0,0,0,0,0,0,0,0,0,6,0,124,0,0,0,0,0,0,7918.9,Tissue_Pons
147,0,0,0,0,0,0,0,1,0,0,6,0,0,0,0,0,0,0,0,0,0,0,/Users/sten/build_20171205/L4_Hindbrain_Excitatory.loom,Neurons,HBGLU4,8.48058679494652,147,nan,"Excitatory neurons, hindbrain",Rhombencephalon,163,"Pvalb,P2yr1,Cplx1 (Crabp1 negative)",Gpx2 Olfm2 Klhl1 Hoxb3 Kctd9 Ipo8,[ 1.  1.  1.  1.  1.  1.],[15  1  1  1  1  1],[ 0.   0.3  0.3  0.4  0.4],7,"Glutamate (VGLUT2), Nitric oxide",2,0.0,Medial vestibular nucleus and Nucleus prepositus,Medulla,0,0,0,0,0,0,0,0,0,0,0,0,0,0,0,0,0,0,0,0,0,0,0,0,0,0,0,0,0,0,0,0,0,0,0,0,0,0,0,0,0,0,0,0,0,0,0,0,0,0,0,0,0,0,0,0,0,0,0,0,0,0,0,0,0,0,0,0,0,0,0,0,0,0,0,0,0,0,0,0,0,0,0,0,0,0,0,0,0,0,0,0,0,0,0,0,0,1,0,0,0,0,0,0,2,2,2,0,0,0,0,0,0,0,0,0,0,0,0,0,0,0,0,0,0,0,0,0,0,0,0,0,0,7,0,0,0,0,0,0,0,0,0,Neurons,CNS neurons,Hindbrain neurons,Hindbrain neurons,Hind,0,0,0,0,0,0,0,0,0,0,0,0,0,0,7,0,0,0,0,0,0,0,0,7780.714285714285,Tissue_Medulla
148,0,0,0,0,0,0,0,17,0,0,5,0,0,0,0,0,0,0,0,0,0,0,/Users/sten/build_20171205/L4_Brain_CholinergicMonoaminergic.loom,Neurons,HBCHO2,6.064916642739631,148,"Low Chat,Slc5a7","Cholinergic neurons, hindbrain",Rhombencephalon,162,"Adamts5,Nr2f1,Lix1",Gpx2 Defa24 AF529169 Hoxb3 Fam131c Zdbf2,[ 1.  1.  1.  1.  1.  1.],[27  1  1  1  1  1],[ 0.   0.   0.   0.1  0.3],22,"Acetylcholine, Glutamate (VGLUT2), Nitric oxide",7,0.0,"Medial pontine nuclei, reticulotegmental nuclei",Pons,0,0,0,0,0,0,0,0,0,0,0,0,0,0,0,0,0,0,0,0,0,0,0,0,0,0,0,0,0,0,0,0,0,0,0,0,0,0,0,0,0,0,0,0,0,0,0,0,0,0,0,0,0,0,0,0,0,0,0,0,0,0,0,0,0,0,0,0,0,0,0,0,0,0,0,0,0,0,0,0,0,0,0,0,0,0,0,0,0,0,0,0,0,0,0,0,0,1,1,0,4,5,6,0,0,0,0,3,1,0,1,0,0,0,0,0,0,0,0,0,0,0,0,0,0,0,0,0,0,0,0,0,0,22,0,0,0,0,0,0,0,0,0,Neurons,CNS neurons,Hindbrain neurons,Hindbrain neurons,Hind,0,0,0,0,0,0,0,0,0,0,0,0,0,0,2,0,20,0,0,0,0,0,0,9240.09090909091,Tissue_Pons
149,0,0,0,0,0,0,0,7,0,0,3,0,0,0,0,0,0,0,0,0,0,0,/Users/sten/build_20171205/L4_Hindbrain_Excitatory.loom,Neurons,HBCHO1,8.64075613093478,149,nan,"Cholinergic neurons, hindbrain",Rhombencephalon,161,"Npy,Ecel1,Gpr101",St8sia6 Adgrg2 Mdga1 Lama1 Spint1 Vwa2,[ 1.  1.  1.  1.  1.  1.],[25  1  1  1  1  1],[ 0.   0.1  0.6  0.6  0.6],10,"Acetylcholine,Glutamate (VGLUT2)",1,0.0,Medulla (several nuclei),Medulla,0,0,0,0,0,0,0,0,0,0,0,0,0,0,0,0,0,0,0,0,0,0,0,0,0,0,0,0,0,0,0,0,0,0,0,0,0,0,0,0,0,0,0,0,0,0,0,0,0,0,0,0,0,0,0,0,0,0,0,0,0,0,0,0,0,0,0,0,0,0,0,0,0,0,0,0,0,0,0,0,0,0,0,0,0,0,0,0,0,0,0,0,0,0,0,1,1,2,3,0,0,0,0,0,1,2,0,0,0,0,0,0,0,0,0,0,0,0,0,0,0,0,0,0,0,0,0,0,0,0,0,0,0,10,0,0,0,0,0,0,0,0,0,Neurons,CNS neurons,Hindbrain neurons,Hindbrain neurons,Hind,0,0,0,0,0,0,0,0,0,0,0,0,0,0,10,0,0,0,0,0,0,0,0,7737.2,Tissue_Medulla
150,0,0,0,0,0,0,0,23,0,0,48,1,0,0,0,0,0,0,0,0,0,0,/Users/sten/build_20171205/L4_Brain_CholinergicMonoaminergic.loom,Neurons,HBCHO3,4.132124774084315,150,nan,Afferent nuclei of cranial nerves VI-XII,Rhombencephalon,70,"Sst,Pdyn,Shox2",Slc5a7 Tbx20 Adcyap1 AW551984 Tmem26 Scn9a,[ 1.  1.  1.  1.  1.  1.],[30  2  1  1  1  1],[ 0.   0.   0.1  0.1  0.1],72,"Acetylcholine, Nitric oxide",5,0.0,Afferent nuclei of cranial nerves VI-XII,Medulla,0,0,0,0,0,0,0,0,0,0,0,0,0,1,0,0,0,0,0,0,0,0,0,0,0,0,0,0,0,0,0,0,0,0,0,0,0,0,0,0,0,0,0,0,0,0,0,0,0,0,0,0,0,0,0,0,0,0,0,0,0,0,0,0,0,0,0,0,0,0,0,0,0,0,0,0,0,0,0,0,0,0,0,0,0,0,0,0,0,0,0,0,0,0,0,5,4,5,1,3,0,2,3,8,11,13,10,0,1,2,3,0,0,0,0,0,0,0,0,0,0,0,0,0,0,0,0,0,0,0,0,0,0,71,0,1,0,0,0,0,0,0,0,Neurons,CNS neurons,"Cholinergic, monoaminergic and peptidergic neurons",Cholinergic and monoaminergic neurons,Chmn,0,0,0,0,0,0,0,0,0,0,0,0,0,0,58,0,14,0,0,0,0,0,0,13440.555555555555,Tissue_Medulla
151,0,0,0,0,0,0,0,28,0,0,10,2,0,0,0,0,0,0,0,0,0,0,/Users/sten/build_20171205/L4_Brain_CholinergicMonoaminergic.loom,Neurons,HBADR,3.0386119684540724,151,nan,Adrenergic cell groups of the medulla,Rhombencephalon,71,"Agrp,Enc1,Ptk2b",Npff Tfap2b Chodl AW551984 Pnmt Mgat4c,[ 1.  1.  1.  1.  1.  1.],[17  2  1  1  1  1],[ 0.   0.   0.8  1.   1. ],40,"Adrenaline, Glutamate (VGLUT3)",11,0.0,"Nucleus of the solitary tract, adrenergic cell groups C1-3",Medulla,0,0,0,0,0,0,0,0,0,0,0,0,0,2,0,0,0,0,0,0,0,0,0,0,0,0,0,0,0,0,0,0,0,0,0,0,0,0,0,0,0,0,0,0,0,0,0,0,0,0,0,0,0,0,0,0,0,0,0,0,0,0,0,0,0,0,0,0,0,0,0,0,0,0,0,0,0,0,0,0,0,0,0,0,0,0,0,0,0,0,0,0,0,0,0,8,5,7,8,0,0,0,0,0,3,3,2,2,0,0,0,0,0,0,0,0,0,0,0,0,0,0,0,0,0,0,0,0,0,0,0,0,0,38,0,2,0,0,0,0,0,0,0,Neurons,CNS neurons,"Cholinergic, monoaminergic and peptidergic neurons",Cholinergic and monoaminergic neurons,Chmn,0,0,0,0,0,0,0,0,0,0,0,0,0,0,38,0,2,0,0,0,0,0,0,5849.8,Tissue_Medulla
152,0,0,0,0,0,0,28,20,0,0,4,0,0,0,0,0,0,0,0,0,0,0,/Users/sten/build_20171205/L4_Brain_CholinergicMonoaminergic.loom,Neurons,HBCHO4,4.171101324238814,152,nan,Afferent nuclei of cranial nerves III-V,Rhombencephalon,69,"Homer2,Rgs6",Slc5a7 Irx4 Slc18a3 Slc10a4 Cygb Fgfr1,[ 1.  1.  1.  1.  1.  1.],[21  1  1  1  1  1],[ 0.   0.3  0.7  0.8  0.8],52,"Acetylcholine, Nitric oxide",6,0.0,Afferent nuclei of cranial nerves III-V,Pons,0,0,0,0,0,0,0,0,0,0,0,0,0,0,0,0,0,0,0,0,0,0,0,0,0,0,0,0,0,0,0,0,0,0,0,0,0,0,1,0,0,3,9,0,0,0,0,0,0,0,0,0,0,0,0,0,0,0,0,0,0,1,0,0,0,0,0,0,0,0,0,0,0,0,0,0,0,0,0,0,0,0,0,0,6,7,6,7,0,0,0,0,0,0,0,0,0,0,0,4,1,1,2,0,0,0,0,1,0,2,1,0,0,0,0,0,0,0,0,0,0,0,0,0,0,0,0,0,0,0,0,0,26,13,0,0,0,0,0,12,0,1,0,Neurons,CNS neurons,"Cholinergic, monoaminergic and peptidergic neurons",Cholinergic and monoaminergic neurons,Chmn,0,0,0,0,0,0,0,0,0,0,0,0,0,38,0,0,14,0,0,0,0,0,0,9855.423076923076,Tissue_MBv
153,0,3,0,7,5,0,0,1,0,0,0,0,0,13,57,8,1,0,0,25,1,0,/Users/sten/build_20171205/L4_Telencephalon_Inhibitory.loom,Neurons,TECHO,2.0782582234164666,153,nan,"Cholinergic interneurons, telencephalon",Telencephalon,67,"TrpM8,Asic1,Tac1",Slc5a7 Slc17a8 Chat Slc10a4 Gm2990 Tpbgl,[ 1.  1.  1.  1.  1.  1.],[18  1  1  1  1  1],[ 0.   0.1  0.1  0.1  0.1],121,"Acetylcholine, Glutamate (VGLUT3), Nitric oxide",16,0.0,"Striatum,Amygdala","Striatum dorsal, Striatum ventral,Amygdala",0,0,0,0,0,0,0,5,2,0,0,1,0,0,0,0,0,0,0,0,0,0,0,6,7,0,0,0,0,40,17,0,0,0,0,0,0,0,0,0,1,0,0,0,0,1,0,0,0,0,0,0,0,0,0,0,0,1,6,0,0,0,0,9,2,7,0,0,0,0,3,1,0,0,0,0,0,0,0,1,0,0,0,0,0,0,0,0,0,0,0,0,0,0,0,0,0,0,0,0,0,0,0,0,0,0,0,0,0,0,0,7,1,0,0,0,0,0,0,0,0,0,0,0,0,0,0,3,0,0,0,23,8,7,0,0,0,0,3,66,14,0,0,Neurons,CNS neurons,"Cholinergic, monoaminergic and peptidergic neurons",Cholinergic and monoaminergic neurons,Chmn,27,0,0,0,0,0,0,0,0,0,0,10,0,0,0,0,0,0,0,20,64,0,0,9066.264462809917,Tissue_StriatVent
154,0,0,0,0,98,0,0,0,0,0,0,0,0,0,0,9,2,0,0,0,5,0,/Users/sten/build_20171205/L4_Brain_CholinergicMonoaminergic.loom,Neurons,DECHO1,1.1642322485581986,154,nan,"Cholinergic neurons, septal nucleus, Meissnert and diagonal band",Diencephalon,68,"TrpM8,Tac1,Asic1,Gfra3,Cidea,Nkd1",Lhx8 Cox6a2 Slc18a3 Ngfr Slc7a14 Pld5,[ 1.  1.  1.  1.  1.  1.],[23  1  1  1  1  1],[ 0.   0.1  0.9  0.9  0.9],114,"Acetylcholine, Glutamate (VGLUT3), Nitric oxide",15,0.0,"Medial septal nuclues, diagonal band nucleus and nucleus basalis of Meissnert",Hypothalamus,0,0,0,0,0,0,0,0,0,0,0,5,0,0,0,0,0,0,0,0,0,0,0,0,0,0,0,0,0,0,0,0,0,0,0,0,0,0,0,0,0,0,0,0,0,0,2,0,0,0,0,0,0,0,0,0,0,0,0,0,0,0,0,0,0,0,0,0,9,18,13,20,0,0,0,0,0,0,14,24,0,0,0,0,0,0,0,0,0,0,0,0,0,0,0,0,0,0,0,0,0,0,0,0,0,0,0,0,0,0,0,0,0,5,4,0,0,0,0,0,0,0,0,0,0,0,0,0,0,0,0,98,9,0,0,0,0,0,0,2,5,0,0,Neurons,CNS neurons,"Cholinergic, monoaminergic and peptidergic neurons",Cholinergic and monoaminergic neurons,Chmn,0,0,0,0,0,0,0,0,0,0,0,114,0,0,0,0,0,0,0,0,0,0,0,11694.315789473685,Tissue_Hypoth
155,0,0,0,0,0,0,5,0,0,13,0,0,0,0,0,0,0,0,0,0,0,0,/Users/sten/build_20171205/L4_SpinalCord_Inhibitory.loom,Neurons,SCINH1,5.854937258443364,155,"correspond to Gaba14,15 in C1 data.","Inhibitory neurons, spinal cord",Spinal cord,171,"Oxt,Sim1",Crabp1 Tnfrsf13c Sall3 Gm5 Kcnab3 Nfatc1,[ 1.  1.  1.  1.  1.  1.],[31  1  1  1  1  1],[ 0.   0.1  0.1  0.6  0.6],18,"GABA, Glycine (GLYT2)",11,0.0,"Dorsal horn, lamina 2-3,6",Spinal cord,0,0,0,0,0,0,0,0,0,0,0,0,0,0,0,0,0,0,0,0,0,0,0,0,0,0,0,0,0,0,0,0,0,0,0,0,0,0,0,0,0,0,0,0,0,0,0,0,0,0,0,0,0,0,0,5,0,0,0,0,0,0,0,0,0,0,0,0,0,0,0,0,0,0,0,0,0,0,0,0,0,0,0,0,0,0,0,0,0,0,3,2,4,4,0,0,0,0,0,0,0,0,0,0,0,0,0,0,0,0,0,0,0,0,0,0,0,0,0,0,0,0,0,0,0,0,0,0,0,0,0,0,0,13,0,0,0,0,0,0,5,0,0,Neurons,CNS neurons,Hindbrain neurons,Hindbrain neurons,Hind,0,0,0,0,0,0,0,0,0,0,0,0,0,0,0,0,0,18,0,0,0,0,0,4377.388888888889,Tissue_SC
156,0,0,0,0,0,0,2,8,0,0,1,0,0,0,0,0,0,0,0,0,0,0,/Users/sten/build_20171205/L4_Hindbrain_Inhibitory.loom,Neurons,HBINH8,7.65615464375996,156,nan,"Inhibitory neurons, hindbrain",Rhombencephalon,170,Gnrh1,Slc6a5 Lingo4 Sall3 Hoxb3 Hcn1 Hs6st2,[ 1.  1.  1.  1.  1.  1.],[32  1  1  1  1  1],[ 0.   0.   0.   0.2  0.2],11,"GABA, Glycine (GLYT1,GLYT2)",4,0.0,Spinal nucleus of the trigeminal ,Medulla,0,0,0,0,0,0,0,0,0,0,0,0,0,0,0,0,0,0,0,0,0,0,0,0,0,0,0,0,0,0,0,0,0,0,0,1,0,0,0,0,0,0,0,0,0,0,0,0,0,0,0,0,0,0,0,0,0,0,0,0,1,0,0,0,0,0,0,0,0,0,0,0,0,0,0,0,0,0,0,0,0,0,0,0,0,0,0,0,0,0,0,0,0,0,0,2,1,4,1,0,0,0,0,1,0,0,0,0,0,0,0,0,0,0,0,0,0,0,0,0,0,0,0,0,0,0,0,0,0,0,0,0,0,10,0,0,0,0,0,0,0,1,0,Neurons,CNS neurons,Hindbrain neurons,Hindbrain neurons,Hind,0,0,0,0,0,0,0,0,0,0,0,0,0,0,11,0,0,0,0,0,0,0,0,5398.0,Tissue_Medulla
157,0,0,0,0,0,0,1,17,0,0,7,0,0,0,0,0,0,0,0,0,0,0,/Users/sten/build_20171205/L4_Hindbrain_Inhibitory.loom,Neurons,HBINH7,7.059594483953873,157,nan,"Inhibitory neurons, hindbrain",Rhombencephalon,169,"Pkd1l2,Pkd2l1",Slc6a5 Stac2 Vamp1 Steap2 Sgpp2 Hapln4,[ 1.  1.  1.  1.  1.  1.],[15  1  1  1  1  1],[ 0.   0.4  0.4  0.4  0.4],25,"GABA, Glycine (GLYT1,GLYT2)",3,0.0,Superior olivary complex,Pons,0,0,0,0,0,0,0,0,0,0,0,0,0,0,0,0,0,0,0,0,0,0,0,0,0,0,0,0,0,0,0,0,0,0,0,0,0,0,1,0,0,0,0,0,0,0,0,0,0,0,0,0,0,0,0,0,0,0,0,0,0,0,0,0,0,0,0,0,0,0,0,0,0,0,0,0,0,0,0,0,0,0,0,0,0,0,0,0,0,0,0,0,0,0,0,2,2,3,2,1,0,5,2,1,0,1,0,0,2,0,3,0,0,0,0,0,0,0,0,0,0,0,0,0,0,0,0,0,0,0,0,0,0,24,0,0,0,0,0,0,0,1,0,Neurons,CNS neurons,Hindbrain neurons,Hindbrain neurons,Hind,0,0,0,0,0,0,0,0,0,0,0,0,0,0,11,0,14,0,0,0,0,0,0,4193.32,Tissue_Pons
158,0,0,0,0,0,0,15,281,0,0,184,0,0,0,0,0,0,0,0,0,0,0,/Users/sten/build_20171205/L4_Hindbrain_Inhibitory.loom,Neurons,HBINH5,8.845841434243738,158,nan,"Inhibitory neurons, hindbrain",Rhombencephalon,150,"Trh,Prkcg",Slc6a5 Pgr Glra1 Ankrd34b Ppargc1a Iglon5,[ 1.  1.  1.  1.  1.  1.],[15  1  1  1  1  1],[ 0.   0.2  0.2  0.2  0.2],480,"GABA, Glycine (GLYT1,GLYT2)",2,0.0,Gigantocellular reticular nucleus,Medulla,0,0,0,0,0,0,0,0,0,0,0,0,0,0,0,0,0,0,0,0,0,0,0,0,0,0,0,0,0,0,0,0,0,0,0,5,5,1,2,0,0,0,0,0,0,0,0,0,0,0,0,0,0,0,0,0,0,0,0,0,1,1,0,0,0,0,0,0,0,0,0,0,0,0,0,0,0,0,0,0,0,0,0,0,0,0,0,0,0,0,0,0,0,0,0,34,34,47,31,39,9,55,32,14,16,15,7,34,37,27,34,0,0,0,0,0,0,0,0,0,0,0,0,0,0,0,0,0,0,0,0,0,0,467,0,0,0,0,0,0,0,13,0,Neurons,CNS neurons,Di- and mesencephalon neurons,Di- and mesencephalon inhibitory neurons,Dimi,0,0,0,0,0,0,0,0,0,0,0,0,0,0,209,0,271,0,0,0,0,0,0,5757.877083333334,Tissue_Pons
159,0,0,0,0,13,0,1,0,0,0,0,0,0,0,3,0,0,0,0,0,0,0,/Users/sten/build_20171205/L4_Hindbrain_Inhibitory.loom,Neurons,CBINH2,8.975264082159999,159,nan,"Granular layer interneurons, cerebellum",Rhombencephalon,172,"Avp,Gal,Nog",Slc6a5 Grm2 Lgi2 Steap2 Nrg1 Cdh4,[ 1.  1.  1.  1.  1.  1.],[15  1  1  1  1  1],[ 0.   0.3  0.5  0.5  0.5],17,"GABA, Glycine (GLYT2)",10,0.0,"Cerebellum, granular layer",Cerebellum,0,0,0,0,0,0,0,0,0,0,0,0,0,0,0,0,0,0,0,0,0,0,0,0,0,0,0,2,1,0,0,0,0,0,0,0,1,0,0,0,0,0,0,0,0,0,0,0,0,0,0,0,0,0,0,0,0,0,0,0,0,0,0,0,0,0,0,0,0,0,0,0,0,0,0,0,5,8,0,0,0,0,0,0,0,0,0,0,0,0,0,0,0,0,0,0,0,0,0,0,0,0,0,0,0,0,0,0,0,0,0,0,0,0,0,0,0,0,0,0,0,0,0,0,0,0,0,0,0,0,0,13,0,0,0,0,0,0,0,3,0,1,0,Neurons,CNS neurons,Cerebellum neurons,Cerebellum neurons,Cbnn,0,0,16,0,0,0,0,0,0,0,0,0,0,0,1,0,0,0,0,0,0,0,0,3547.705882352941,Tissue_CB
160,0,0,0,0,67,0,0,0,0,0,0,0,0,0,17,0,0,0,0,0,0,0,/Users/sten/build_20171205/L4_Hindbrain_Inhibitory.loom,Neurons,CBPC,5.276042957848722,160,nan,Purkinje cells,Rhombencephalon,175,"Npy,Aasb4",Pcp2 Slc1a6 Car8 Ppp1r17 Atp2a3 Itpr1,[ 1.  1.  1.  1.  1.  1.],[10  1  1  1  1  1],[ 0.  1.  1.  1.  1.],84,GABA,11,0.0,"Cerebellum, border of granular layer and molecular layer",Cerebellum,0,0,0,0,0,0,0,0,0,0,0,0,0,0,0,0,0,0,0,0,0,0,0,0,0,0,0,13,4,0,0,0,0,0,0,0,0,0,0,0,0,0,0,0,0,0,0,0,0,0,0,0,0,0,0,0,0,0,0,0,0,0,0,0,0,0,0,0,0,0,0,0,0,0,0,0,32,35,0,0,0,0,0,0,0,0,0,0,0,0,0,0,0,0,0,0,0,0,0,0,0,0,0,0,0,0,0,0,0,0,0,0,0,0,0,0,0,0,0,0,0,0,0,0,0,0,0,0,0,0,0,67,0,0,0,0,0,0,0,17,0,0,0,Neurons,CNS neurons,Cerebellum neurons,Cerebellum neurons,Cbnn,0,0,84,0,0,0,0,0,0,0,0,0,0,0,0,0,0,0,0,0,0,0,0,2578.464285714286,Tissue_CB
161,0,0,0,0,377,0,2,7,0,0,4,0,0,0,272,0,0,0,0,0,0,0,/Users/sten/build_20171205/L4_Hindbrain_Inhibitory.loom,Neurons,CBINH1,4.996450688898658,161,nan,"Molecular layer interneurons, cerebellum",Rhombencephalon,174,"Ppp1r17,Rora,Rorb,Rasl11b,Vip",Pvalb Cnpy1 Clmp Ntn1 Trim67 Grid2,[ 1.  1.  1.  1.  1.  1.],[8 1 1 1 1 1],[ 0.   0.5  0.5  0.5  0.5],662,"GABA, Nitric oxide",9,0.0,"Cerebellum, molecular layer",Cerebellum,0,0,0,0,0,0,0,0,0,0,0,0,0,0,0,0,0,0,0,0,0,0,0,0,0,0,0,226,46,0,0,0,0,0,0,0,0,1,0,0,0,0,0,0,0,0,0,0,0,0,0,0,0,0,0,0,0,0,0,1,0,0,0,0,0,0,0,0,0,0,0,0,0,0,0,0,201,176,0,0,0,0,0,0,0,0,0,0,0,0,0,0,0,0,0,1,1,2,0,0,0,1,2,0,1,0,0,1,1,0,1,0,0,0,0,0,0,0,0,0,0,0,0,0,0,0,0,0,0,0,0,377,0,12,0,0,0,0,0,272,0,1,0,Neurons,CNS neurons,Cerebellum neurons,Cerebellum neurons,Cbnn,0,0,649,0,0,0,0,0,0,0,0,0,0,0,6,0,7,0,0,0,0,0,0,1660.820241691843,Tissue_CB
162,0,0,0,0,0,0,1,42,0,0,0,0,0,0,0,0,0,0,0,0,0,0,/Users/sten/build_20171205/L4_Mesencephalon_Inhibitory.loom,Neurons,MEINH1,3.6999907415922992,162,nan,"Inhibitory neurons, midbrain",Mesencephalon,173,"Ppp1r17,Rora,Rorb,Rasl11b",Pvalb Il22 Kit Sla Hcn1 Eml5,[ 1.  1.  1.  1.  1.  1.],[6 2 1 1 1 1],[ 0.   0.   0.2  0.2  0.6],43,"GABA, Nitric oxide",4,0.0,"VTA, Substantia nigra, central nucleus raphe",Midbrain ventral,0,0,0,0,0,0,0,0,0,0,0,0,0,0,0,0,0,0,0,0,0,0,0,0,0,0,0,0,0,0,0,0,0,0,0,0,0,0,0,0,0,24,18,0,0,0,0,0,0,0,0,0,0,0,0,0,0,0,0,0,0,0,0,0,0,0,0,0,0,0,0,0,0,0,0,0,0,0,0,0,0,0,1,0,0,0,0,0,0,0,0,0,0,0,0,0,0,0,0,0,0,0,0,0,0,0,0,0,0,0,0,0,0,0,0,0,0,0,0,0,0,0,0,0,0,0,0,0,0,0,0,0,1,0,0,0,0,0,0,42,0,0,0,Neurons,CNS neurons,Cerebellum neurons,Cerebellum neurons,Cbnn,0,0,0,0,0,0,0,0,0,0,0,0,1,42,0,0,0,0,0,0,0,0,0,1183.1860465116279,Tissue_MBv
163,0,0,2,9,0,0,0,19,0,0,8,0,39,49,37,10,36,26,6,201,16,217,/Users/sten/build_20171205/L4_Telencephalon_Inhibitory.loom,Neurons,TEINH17,2.2518938572800224,163,nan,"Axo-axonic, cortex/hippocampus",Telencephalon,49,"Tmem2,Itpr2",Pthlh Cox6a2 Igfbp4 Erbb4 Nxph1 Kcnc1,[ 1.  1.  1.  1.  1.  1.],[6 1 1 1 1 1],[ 0.   0.1  0.1  0.9  1. ],675,GABA,13,0.0,"Hippocampus,Cortex","Hippocampus,Cortex",0,0,3,3,0,55,44,19,26,10,6,0,20,0,3,4,4,0,0,6,9,0,4,27,22,0,0,0,0,26,11,10,3,0,0,0,0,0,0,10,6,0,0,12,11,0,0,10,8,8,89,89,39,2,0,0,2,4,3,0,0,0,0,20,5,32,0,0,0,0,0,0,0,0,0,0,0,0,0,0,0,0,0,0,0,0,0,0,0,0,0,0,0,0,0,0,0,0,0,0,0,0,0,0,0,0,0,0,0,0,0,7,3,0,0,0,0,0,0,0,0,0,0,0,0,0,0,0,0,0,0,57,10,11,26,0,217,20,0,234,100,0,0,Neurons,CNS neurons,Telencephalon interneurons,Telencephalon inhibitory interneurons,Chin,99,216,0,114,39,34,21,0,4,0,10,0,0,0,0,0,0,0,0,94,44,0,0,4141.111111111111,Tissue_CA1
164,0,0,1,3,0,0,0,10,0,0,10,0,46,0,4,0,26,79,5,19,1,343,/Users/sten/build_20171205/L4_Telencephalon_Inhibitory.loom,Neurons,TEINH18,2.002070000133082,164,nan,"Basket and bistratified cells, cortex/hippocampus",Telencephalon,50,"Neu4,Bmp4",Rbp4 Cox6a2 Cort Kcnc2 Nxph1 Ifitm10,[ 1.  1.  1.  1.  1.  1.],[13  1  1  1  1  1],[ 0.  1.  1.  1.  1.],547,"GABA, Nitric oxide",14,0.0,"Hippocampus,Cortex","Hippocampus,Cortex",1,0,2,2,0,7,8,0,0,1,0,0,13,0,9,7,3,0,0,12,12,4,5,0,0,0,0,0,0,1,3,5,8,0,0,0,0,0,0,0,1,0,0,7,6,0,0,28,13,38,133,140,70,1,0,0,1,2,0,0,0,0,0,2,0,2,0,0,0,0,0,0,0,0,0,0,0,0,0,0,0,0,0,0,0,0,0,0,0,0,0,0,0,0,0,0,0,0,0,0,0,0,0,0,0,0,0,0,0,0,0,0,0,0,0,0,0,0,0,0,0,0,0,0,0,0,0,0,0,0,0,4,0,4,79,0,343,13,1,47,56,0,0,Neurons,CNS neurons,Telencephalon interneurons,Telencephalon inhibitory interneurons,Chin,6,327,0,39,70,60,23,0,2,0,13,0,0,0,0,0,0,0,1,0,6,0,0,5230.680073126143,Tissue_CA1
165,0,0,0,0,122,0,0,0,0,0,0,0,0,16,0,29,0,0,0,0,0,0,/Users/sten/build_20171205/L4_Diencephalon_Inhibitory.loom,Neurons,DEINH2,1.2067106233443365,165,nan,"Inhibitory neurons, thalamus",Diencephalon,48,"Tmem2,Itpr2",Six3 Gm2115 Esrrg Gad1 Ubash3b AI593442,[ 1.  1.  1.  1.  1.  1.],[18  1  1  1  1  1],[ 0.   0.2  0.2  0.2  0.2],167,GABA,9,0.0,Reticular nucleus of the thalamus,Thalamus,0,0,0,0,0,0,0,0,0,0,0,0,0,0,0,0,0,0,0,0,0,0,0,0,0,4,12,0,0,0,0,0,0,0,0,0,0,0,0,0,0,0,0,0,0,0,0,0,0,0,0,0,0,0,0,0,0,0,0,0,0,0,0,0,0,0,0,0,0,0,1,3,28,40,19,29,0,0,2,0,0,0,0,0,0,0,0,0,0,0,0,0,0,0,0,0,0,0,0,0,0,0,0,0,0,0,0,0,0,0,0,0,0,0,0,0,0,0,0,16,13,0,0,0,0,0,0,0,0,0,0,122,0,29,0,0,0,0,0,0,16,0,0,Neurons,CNS neurons,Telencephalon interneurons,Telencephalon inhibitory interneurons,Chin,0,0,0,0,0,0,0,0,0,0,0,6,0,0,0,0,0,0,0,0,0,0,161,4116.311377245509,Tissue_Thal
166,0,0,0,0,204,0,0,0,0,0,0,0,0,66,0,67,0,0,0,0,2,0,/Users/sten/build_20171205/L4_Diencephalon_Inhibitory.loom,Neurons,DEINH1,2.0011615217696352,166,nan,"Inhibitory neurons, thalamus",Diencephalon,47,,Six3 St8sia4 Esrrg Lancl3 Fign AI593442,[ 1.  1.  1.  1.  1.  1.],[15  1  1  1  1  1],[ 0.   0.8  0.8  0.8  0.8],339,GABA,10,0.0,Reticular nucleus of the thalamus (Sst low),Thalamus,0,0,0,0,0,0,0,0,0,0,0,2,0,0,0,0,0,0,0,0,0,0,0,0,0,28,38,0,0,0,0,0,0,0,0,0,0,0,0,0,0,0,0,0,0,0,0,0,0,0,0,0,0,0,0,0,0,0,0,0,0,0,0,0,0,0,0,0,1,4,4,7,37,41,41,60,0,0,5,4,0,0,0,0,0,0,0,0,0,0,0,0,0,0,0,0,0,0,0,0,0,0,0,0,0,0,0,0,0,0,0,0,0,0,0,0,0,0,0,38,29,0,0,0,0,0,0,0,0,0,0,204,0,67,0,0,0,0,0,0,68,0,0,Neurons,CNS neurons,Telencephalon interneurons,Telencephalon inhibitory interneurons,Chin,0,0,0,0,0,0,0,0,0,0,0,27,0,0,0,0,0,0,0,0,0,0,312,4257.135693215339,Tissue_Thal
167,0,0,0,0,5,0,0,0,0,0,0,0,0,0,0,3,1,0,0,0,3,0,/Users/sten/build_20171205/L4_Diencephalon_Inhibitory.loom,Neurons,DEINH6,7.453076606782252,167,nan,"Peptidergic neurons, hypothalamus",Diencephalon,91,"Pcp2,Col18a1",Otp Cited1 Asb4 Tmie Mboat7 Celf6,[ 1.  1.  1.  1.  1.  1.],[6 1 1 1 1 1],[ 0.   0.7  0.7  0.8  0.9],12,GABA,2,0.0,"Arcuate hypothalamic nucleus (probably, Npy, Agrp cells)",Hypothalamus,0,0,0,0,0,0,0,0,0,0,0,3,0,0,0,0,0,0,0,0,0,0,0,0,0,0,0,0,0,0,0,0,0,0,0,0,0,0,0,0,0,0,0,0,0,1,0,0,0,0,0,0,0,0,0,0,0,0,0,0,0,0,0,0,0,0,0,0,0,1,0,1,0,0,0,0,0,0,2,1,0,0,0,0,0,0,0,0,0,0,0,0,0,0,0,0,0,0,0,0,0,0,0,0,0,0,0,0,0,0,0,0,0,1,2,0,0,0,0,0,0,0,0,0,0,0,0,0,0,0,0,5,3,0,0,0,0,0,0,1,3,0,0,Neurons,CNS neurons,"Cholinergic, monoaminergic and peptidergic neurons",Peptidergic neurons,Hpep,0,0,0,0,0,0,0,0,0,0,0,12,0,0,0,0,0,0,0,0,0,0,0,2838.1666666666665,Tissue_Hypoth
168,0,0,0,0,0,0,55,10,0,0,0,0,0,0,0,5,0,0,0,0,0,0,/Users/sten/build_20171205/L4_Mesencephalon_Inhibitory.loom,Neurons,MEINH13,4.223332515973419,168,nan,"Inhibitory neurons, midbrain",Mesencephalon,154,"Tac2, Nmu",Pax5 Gabrq Asb4 AW551984 Vgf Nrsn2,[ 1.  1.  1.  1.  1.  1.],[8 1 1 1 1 1],[ 0.   0.9  0.9  0.9  1. ],70,GABA,8,0.0,"Ventral/caudal midbrain (SN, VTA, reticular nucleus)",Midbrain ventral,0,0,0,0,0,0,0,0,0,0,0,0,0,0,0,0,0,0,0,0,0,0,0,0,0,0,0,0,0,0,0,0,0,0,0,0,0,0,0,0,0,4,6,0,0,0,0,0,0,0,0,0,0,0,0,0,0,0,0,0,0,0,0,0,0,0,0,0,0,0,0,0,0,0,0,0,0,0,0,0,2,0,1,0,17,9,20,6,0,0,0,0,0,0,0,0,0,0,0,0,0,0,0,0,0,0,0,0,0,0,0,0,0,0,0,0,0,2,3,0,0,0,0,0,0,0,0,0,0,0,0,0,55,5,0,0,0,0,0,10,0,0,0,Neurons,CNS neurons,Di- and mesencephalon neurons,Di- and mesencephalon inhibitory neurons,Dimi,0,0,0,0,0,0,0,0,0,0,0,0,3,67,0,0,0,0,0,0,0,0,0,4229.5142857142855,Tissue_MBv
169,0,0,0,0,0,0,48,9,0,0,6,0,0,0,0,8,0,0,0,0,0,0,/Users/sten/build_20171205/L4_Mesencephalon_Inhibitory.loom,Neurons,MEINH8,3.2889226872462327,169,Mixed cluster should be split in two,"Inhibitory neurons, midbrain",Mesencephalon,155,"Tac1,Penk,Lamp5",Pax7 Gm27199 Asic4 Sphkap A330102I10Rik Kcnip1,[ 1.   1.   1.   1.   1.   0.9],[9 1 1 1 1 1],[ 0.   0.1  1.   1.   1. ],71,GABA,7,0.0,"Superior colliculus superficial grey layer; Erdinger-Westphal nucleus, periaqueductal grey, nucleus of the optic tract",Midbrain dorsal,0,0,0,0,0,0,0,0,0,0,0,0,0,0,0,0,0,4,2,0,0,0,0,0,0,0,0,0,0,0,0,0,0,0,0,0,0,0,0,0,0,6,3,0,0,0,0,0,0,0,0,0,0,0,0,0,0,0,0,0,0,0,0,0,0,0,0,0,0,0,0,0,0,0,0,0,0,0,0,0,11,14,9,12,1,1,0,0,0,0,0,0,0,0,0,0,0,0,0,0,0,0,0,0,0,0,0,0,0,0,0,0,0,0,0,3,0,4,1,0,0,0,0,0,0,0,0,0,0,0,0,0,48,8,0,0,0,0,0,15,0,0,0,Neurons,CNS neurons,Di- and mesencephalon neurons,Di- and mesencephalon inhibitory neurons,Dimi,0,0,0,0,0,0,0,0,0,0,0,0,55,16,0,0,0,0,0,0,0,0,0,2321.3098591549297,Tissue_MBd
170,0,0,0,0,0,0,18,3,0,0,0,0,0,0,0,0,0,0,0,0,0,0,/Users/sten/build_20171205/L4_Mesencephalon_Inhibitory.loom,Neurons,MEINH14,6.020993312386915,170,nan,"Inhibitory neurons, midbrain",Mesencephalon,90,"Calb2,Cbln1",Rln3 Gpx3 Gata3 Nnat Pcdh11x Plcxd3,[ 1.  1.  1.  1.  1.  1.],[6 1 1 1 1 1],[ 0.   0.7  0.7  0.7  0.9],21,GABA,12,0.0,"Midbrain reticular nucleus, Darkschewitz nucleus,",Midbrain ventral,0,0,0,0,0,0,0,0,0,0,0,0,0,0,0,0,0,0,0,0,0,0,0,0,0,0,0,0,0,0,0,0,0,0,0,0,0,0,0,0,0,0,3,0,0,0,0,0,0,0,0,0,0,0,0,0,0,0,0,0,0,0,0,0,0,0,0,0,0,0,0,0,0,0,0,0,0,0,0,0,0,0,0,0,4,1,5,8,0,0,0,0,0,0,0,0,0,0,0,0,0,0,0,0,0,0,0,0,0,0,0,0,0,0,0,0,0,0,0,0,0,0,0,0,0,0,0,0,0,0,0,0,18,0,0,0,0,0,0,3,0,0,0,Neurons,CNS neurons,"Cholinergic, monoaminergic and peptidergic neurons",Peptidergic neurons,Hpep,0,0,0,0,0,0,0,0,0,0,0,0,0,21,0,0,0,0,0,0,0,0,0,3621.904761904762,Tissue_MBv
171,0,0,0,0,48,0,0,0,0,0,0,0,0,0,0,6,2,0,0,0,1,0,/Users/sten/build_20171205/L4_Diencephalon_Inhibitory.loom,Neurons,DEINH4,2.954813389371727,171,nan,"Inhibitory neurons, thalamus",Diencephalon,85,"Ctgf,Ly6g6e",Lhx8 Rmst Dgkk Ppp1r17 RP23-366O14.4 Hpcal1,[ 1.  1.  1.  1.  1.  1.],[14  1  1  1  1  1],[ 0.   0.7  0.7  1.   1. ],57,"GABA, Nitric oxide",7,0.0,Paraventricular nucleus of the thalamus (best fit) but do not fit with Nmu expression,Thalamus,0,0,0,0,0,0,0,0,0,0,0,1,0,0,0,0,0,0,0,0,0,0,0,0,0,0,0,0,0,0,0,0,0,0,0,0,0,0,0,0,0,0,0,0,0,1,1,0,0,0,0,0,0,0,0,0,0,0,0,0,0,0,0,0,0,0,0,0,2,10,10,13,0,0,0,0,0,0,5,8,0,0,0,0,0,0,0,0,0,0,0,0,0,0,0,0,0,0,0,0,0,0,0,0,0,0,0,0,0,0,0,0,0,2,3,0,0,0,0,1,0,0,0,0,0,0,0,0,0,0,0,48,5,1,0,0,0,0,0,2,1,0,0,Neurons,CNS neurons,"Cholinergic, monoaminergic and peptidergic neurons",Peptidergic neurons,Hpep,0,0,0,0,0,0,0,0,0,0,0,56,0,0,0,0,0,0,0,0,0,0,1,3927.5789473684213,Tissue_Hypoth
172,0,0,0,0,209,0,0,0,0,0,0,0,0,5,0,76,14,0,0,0,4,0,/Users/sten/build_20171205/L4_Diencephalon_Inhibitory.loom,Neurons,DEINH5,1.0341032479051282,172,nan,"Peptidergic neurons, hypothalamus",Diencephalon,86,"Reln,Doc2g,Slc17a7",Nts Dlk1 Dgkk AW551984 Zcchc12 Nrsn2,[ 1.  1.  1.  1.  1.  1.],[7 1 1 1 1 1],[ 0.   0.9  0.9  1.   1. ],308,GABA,6,0.0,"Medial preoptic nucleus, Bed nuclei of the stria terminalis anterior division",Hypothalamus,0,0,0,0,0,0,0,0,0,0,0,4,0,0,0,0,0,0,0,0,0,0,0,0,0,4,1,0,0,0,0,0,0,0,0,0,0,0,0,0,0,0,0,0,0,9,5,0,0,0,0,0,0,0,0,0,0,0,0,0,0,0,0,0,0,0,0,0,19,63,17,52,3,1,1,2,0,0,19,32,0,0,0,0,0,0,0,0,0,0,0,0,0,0,0,0,0,0,0,0,0,0,0,0,0,0,0,0,0,0,0,0,0,26,36,0,0,0,0,8,6,0,0,0,0,0,0,0,0,0,0,209,62,14,0,0,0,0,0,14,9,0,0,Neurons,CNS neurons,"Cholinergic, monoaminergic and peptidergic neurons",Peptidergic neurons,Hpep,0,0,0,0,0,0,0,0,0,0,0,282,0,0,0,0,0,0,0,0,0,0,26,3392.1071428571427,Tissue_Hypoth
173,0,0,0,174,0,0,0,3,0,0,0,0,0,2,1125,12,0,0,1,9,12,1,/Users/sten/build_20171205/L4_Telencephalon_Inhibitory.loom,Neurons,TEINH2,0.22844984855789208,173,nan,"Inhibitory neurons, septal nucleus",Telencephalon,84,"Nos1,Npy,Vip,Chat,Neurod6",A230065H16Rik Zic1 Cacna2d2 Arhgap6 Dgkg Atp2b4,[ 1.  1.  1.  1.  1.  1.],[2 1 1 1 1 1],[ 0.  1.  1.  1.  1.],1339,GABA,12,0.0,Septal nucleus,"Striatum dorsal, Striatum ventral",0,0,0,1,0,0,0,0,0,5,7,0,0,0,0,0,0,0,0,0,0,0,0,1,1,0,0,0,0,650,475,0,0,0,0,0,0,0,0,0,3,0,0,0,0,0,0,0,0,0,0,1,0,0,0,0,0,83,91,0,0,0,0,0,3,6,0,0,0,0,0,0,0,0,0,0,0,0,0,0,0,0,0,0,0,0,0,0,0,0,0,0,0,0,0,0,0,0,0,0,0,0,0,0,0,0,0,0,0,0,0,7,5,0,0,0,0,0,0,0,0,0,0,0,0,0,0,0,0,0,0,9,12,174,0,0,1,0,0,1129,14,0,0,Neurons,CNS neurons,"Cholinergic, monoaminergic and peptidergic neurons",Peptidergic neurons,Hpep,36,1,0,0,0,0,0,0,0,0,1,0,0,0,0,0,0,0,0,2,1299,0,0,2844.96713965646,Tissue_StriatVent
174,0,0,0,4,412,0,0,10,0,0,0,0,0,8,23,71,4,0,0,33,11,0,/Users/sten/build_20171205/L4_Diencephalon_Inhibitory.loom,Neurons,TEINH1,5.6848231086426004e-05,174,nan,"Inhibitory neurons, pallidum",Telencephalon,153,"Reln,Npff,Nmur2",Lhx8 Gbx1 Elfn1 Gad2 Vat1l Nrsn2,[ 1.  1.  1.  1.  1.  1.],[11  1  1  1  1  1],[ 0.   0.5  0.5  0.5  0.5],576,GABA,4,0.0,Medial septal nucleus and Magnocellular nucleus,Pallidum,0,0,0,0,0,0,0,0,0,3,2,6,0,0,0,0,0,0,0,0,0,0,0,0,0,1,7,0,0,12,11,0,0,0,0,0,0,0,0,4,6,0,0,0,0,2,2,0,0,0,0,0,0,0,0,0,0,1,3,0,0,0,0,19,1,13,0,0,26,122,62,77,2,8,8,6,0,0,43,58,0,0,0,0,0,0,0,0,0,0,0,0,0,0,0,0,0,0,0,0,0,0,0,0,0,0,0,0,0,0,0,6,4,24,26,0,0,0,0,5,6,0,0,0,0,0,0,0,0,0,0,445,60,15,0,0,0,0,0,37,19,0,0,Neurons,CNS neurons,Di- and mesencephalon neurons,Di- and mesencephalon inhibitory neurons,Dimi,58,0,0,0,0,0,0,0,0,0,0,448,0,0,0,0,0,0,0,0,27,0,43,4972.875,Tissue_Hypoth
175,0,0,0,0,0,0,4,58,0,0,13,0,0,0,0,0,0,0,0,0,0,0,/Users/sten/build_20171205/L4_Hindbrain_Inhibitory.loom,Neurons,HBINH4,2.1102272946079594,175,should be very posterior in medulla because of Hox genes,"Inhibitory neurons, hindbrain",Rhombencephalon,158,"Elavl4,Gal,Meis2",Ebf3 Sema3a Esrrg Hoxa3 Tmtc4 Vav3,[ 1.  1.  1.  1.  1.  1.],[14  1  1  1  1  1],[ 0.   0.2  0.4  0.8  1. ],75,"GABA, Glycine (GLYT1,GLYT2)",7,0.0,Paragigantocellular reticular nucleus,Medulla,0,0,0,0,0,0,0,0,0,0,0,0,0,0,0,0,0,0,0,0,0,0,0,0,0,0,0,0,0,0,0,0,0,0,0,0,2,0,0,0,0,0,0,0,0,0,0,0,0,0,0,0,0,0,0,0,0,0,0,0,2,0,0,0,0,0,0,0,0,0,0,0,0,0,0,0,0,0,0,0,0,0,0,0,0,0,0,0,0,0,0,0,0,0,0,6,10,10,12,9,2,4,5,2,2,3,2,2,1,0,1,0,0,0,0,0,0,0,0,0,0,0,0,0,0,0,0,0,0,0,0,0,0,73,0,0,0,0,0,0,0,2,0,Neurons,CNS neurons,Hindbrain neurons,Hindbrain neurons,Hind,0,0,0,0,0,0,0,0,0,0,0,0,0,0,51,0,24,0,0,0,0,0,0,3595.786666666667,Tissue_Medulla
176,0,0,0,0,1,0,5,105,0,0,16,0,0,0,0,0,0,0,0,0,0,0,/Users/sten/build_20171205/L4_Hindbrain_Inhibitory.loom,Neurons,HBINH3,1.2778105103304753,176,should be very posterior in medulla because of Hox genes,"Inhibitory neurons, hindbrain",Rhombencephalon,157,"Ecel1,Elavl4,Bcl11b,Chrna4",Hoxb5 Nhlh2 Zic4 Abhd11os Hoxb4 Rbms3,[ 1.  1.  1.  1.  1.  1.],[3 1 1 1 1 1],[ 0.   0.6  1.   1.   1. ],127,"GABA, Glycine (GLYT1,GLYT2)",8,0.0,Paragigantocellular reticular nucleus,Medulla,0,0,0,0,0,0,0,0,0,0,0,0,0,0,0,0,0,0,0,0,0,0,0,0,0,0,0,0,0,0,0,0,0,0,0,2,1,0,0,0,0,0,0,0,0,0,0,0,0,0,0,0,0,0,0,0,0,0,0,1,1,0,0,0,0,0,0,0,0,0,0,0,0,0,0,0,1,0,0,0,0,0,0,0,0,0,0,0,0,0,0,0,0,0,0,24,24,23,29,1,0,1,3,6,2,4,2,2,0,0,0,0,0,0,0,0,0,0,0,0,0,0,0,0,0,0,0,0,0,0,0,1,0,123,0,0,0,0,0,0,0,3,0,Neurons,CNS neurons,Hindbrain neurons,Hindbrain neurons,Hind,0,0,1,0,0,0,0,0,0,0,0,0,0,0,119,0,7,0,0,0,0,0,0,2497.4015748031497,Tissue_Medulla
177,0,0,0,0,0,0,0,1,0,0,12,0,0,0,0,0,0,0,0,0,0,0,/Users/sten/build_20171205/L4_Brain_CholinergicMonoaminergic.loom,Neurons,HBINH1,6.9200101951462125,177,nan,"Inhibitory neurons, hindbrain",Rhombencephalon,156,"Qrfpr,Cadps2",Chrna2 Nos1 Sv2c Egfr Cacng5 Pdzd2,[ 1.   1.   1.   0.9  0.9  0.9],[5 1 1 1 1 1],[ 0.   0.7  0.9  0.9  0.9],13,"GABA, Nitric oxide",8,0.0,"Pons, interpeduncular and tegmental nuclei in rh1",Pons,0,0,0,0,0,0,0,0,0,0,0,0,0,0,0,0,0,0,0,0,0,0,0,0,0,0,0,0,0,0,0,0,0,0,0,0,0,0,0,0,0,0,0,0,0,0,0,0,0,0,0,0,0,0,0,0,0,0,0,0,0,0,0,0,0,0,0,0,0,0,0,0,0,0,0,0,0,0,0,0,0,0,0,0,0,0,0,0,0,0,0,0,0,0,0,0,0,0,0,1,0,0,0,0,0,0,0,4,2,3,3,0,0,0,0,0,0,0,0,0,0,0,0,0,0,0,0,0,0,0,0,0,0,13,0,0,0,0,0,0,0,0,0,Neurons,CNS neurons,Di- and mesencephalon neurons,Di- and mesencephalon inhibitory neurons,Dimi,0,0,0,0,0,0,0,0,0,0,0,0,0,0,0,0,13,0,0,0,0,0,0,2181.4615384615386,Tissue_Pons
178,0,0,0,0,0,0,3,0,0,47,0,0,0,0,0,0,0,0,0,0,0,0,/Users/sten/build_20171205/L4_SpinalCord_Inhibitory.loom,Neurons,SCINH11,1.7047888206898194,178,nan,"Central canal neurons, spinal cord",Spinal cord,97,"Slc5a6,Inhbb",Pkd2l1 Pdzk1ip1 Pkd1l2 Espn Crct1 Abcc3,[ 1.  1.  1.  1.  1.  1.],[13  1  1  1  1  1],[ 0.   0.1  0.1  0.1  0.2],50,GABA,0,0.0,Spinal Cord central canal,Spinal cord,0,0,0,0,0,0,0,0,0,0,0,0,0,0,0,0,0,0,0,0,0,0,0,0,0,0,0,0,0,0,0,0,0,0,0,0,0,0,0,0,0,0,0,0,0,0,0,0,0,0,0,0,0,0,0,3,0,0,0,0,0,0,0,0,0,0,0,0,0,0,0,0,0,0,0,0,0,0,0,0,0,0,0,0,0,0,0,0,4,11,9,8,9,6,0,0,0,0,0,0,0,0,0,0,0,0,0,0,0,0,0,0,0,0,0,0,0,0,0,0,0,0,0,0,0,0,0,0,0,0,0,0,0,47,0,0,0,0,0,0,3,0,0,Neurons,CNS neurons,"Cholinergic, monoaminergic and peptidergic neurons",Peptidergic neurons,Hpep,0,0,0,0,0,0,0,0,0,0,0,0,0,0,0,0,0,50,0,0,0,0,0,2940.98,Tissue_SC
179,0,0,0,0,0,0,169,37,0,0,29,0,0,0,0,23,0,0,0,0,0,0,/Users/sten/build_20171205/L4_Mesencephalon_Inhibitory.loom,Neurons,MEINH3,0.12480173914994863,179,nan,"Inhibitory neurons, midbrain",Mesencephalon,149,"Pvalb,Maf,Lmo1",Tal1 Trim66 Gata3 Gad2 Vgf Amn,[ 1.  1.  1.  1.  1.  1.],[12  1  1  1  1  1],[ 0.   0.4  0.5  0.5  0.5],258,GABA,2,0.0,"Dorsal midbrain, medial geniculate nucleus, anteroventral midbrain",Midbrain dorsal,0,0,0,0,0,0,0,0,0,0,0,0,0,0,0,0,0,18,11,0,0,0,0,0,0,0,0,0,0,0,0,0,0,0,0,0,0,0,0,0,0,18,19,0,0,0,0,0,0,0,0,0,0,0,0,0,0,0,0,0,0,0,0,0,0,0,0,0,0,0,0,0,0,0,0,0,0,0,0,0,10,9,7,13,41,33,29,27,0,0,0,0,0,0,0,0,0,0,0,0,0,0,0,0,0,0,0,0,0,0,0,0,0,0,0,10,5,4,4,0,0,0,0,0,0,0,0,0,0,0,0,0,169,23,0,0,0,0,0,66,0,0,0,Neurons,CNS neurons,Di- and mesencephalon neurons,Di- and mesencephalon inhibitory neurons,Dimi,0,0,0,0,0,0,0,0,0,0,0,0,83,175,0,0,0,0,0,0,0,0,0,4550.957364341085,Tissue_MBv
180,0,0,0,0,0,0,104,13,0,0,21,0,0,0,0,24,0,0,0,0,0,0,/Users/sten/build_20171205/L4_Mesencephalon_Inhibitory.loom,Neurons,MEINH4,0.1464215682846539,180,nan,"Inhibitory neurons, midbrain",Mesencephalon,148,Th,Lhx1os Emx2 Gata3 Gad2 Asic1 Amn,[ 1.  1.  1.  1.  1.  1.],[9 1 1 1 1 1],[ 0.   0.1  0.1  0.1  0.7],162,"GABA, Nitric oxide",3,0.0,Anterior pretectal nucleus,Midbrain dorsal,0,0,0,0,0,0,0,0,0,0,0,0,0,0,0,0,0,11,10,0,0,0,0,0,0,0,0,0,0,0,0,0,0,0,0,0,0,0,0,0,0,8,5,0,0,0,0,0,0,0,0,0,0,0,0,0,0,0,0,0,0,0,0,0,0,0,0,0,0,0,0,0,0,0,0,0,0,0,0,0,11,22,13,13,10,15,15,5,0,0,0,0,0,0,0,0,0,0,0,0,0,0,0,0,0,0,0,0,0,0,0,0,0,0,0,6,6,8,4,0,0,0,0,0,0,0,0,0,0,0,0,0,104,24,0,0,0,0,0,34,0,0,0,Neurons,CNS neurons,Di- and mesencephalon neurons,Di- and mesencephalon inhibitory neurons,Dimi,0,0,0,0,0,0,0,0,0,0,0,0,92,70,0,0,0,0,0,0,0,0,0,4306.277777777777,Tissue_MBd
181,0,1,0,0,223,0,0,0,0,0,0,0,0,46,0,48,0,0,0,0,5,0,/Users/sten/build_20171205/L4_Diencephalon_Inhibitory.loom,Neurons,DEINH3,0.2773206187235808,181,nan,"Inhibitory neurons, hypothalamus",Diencephalon,152,"Ucn3, Cck,Cpne4",Syt2 Nfatc2 Smim17 Slc32a1 Tmem130 Nova1,[ 1.  1.  1.  1.  1.  1.],[10  1  1  1  1  1],[ 0.   0.9  1.   1.   1. ],323,GABA,5,0.0,Subthalamic nucleus,Hypothalamus,0,0,0,0,0,0,0,0,0,0,0,5,0,0,0,0,0,0,0,0,0,0,0,0,0,17,29,0,0,0,0,0,0,0,0,0,0,0,0,0,0,0,0,0,0,0,0,0,0,0,0,0,0,0,0,0,0,0,0,0,0,0,0,0,0,0,0,0,5,28,16,20,33,25,35,29,0,0,13,19,0,0,0,0,0,0,0,0,0,0,0,0,0,0,0,0,0,0,0,0,0,0,0,0,0,0,0,0,0,0,0,0,0,3,9,0,0,0,0,25,11,0,0,0,0,0,1,0,0,0,0,223,12,36,0,0,0,0,1,0,51,0,0,Neurons,CNS neurons,Di- and mesencephalon neurons,Di- and mesencephalon inhibitory neurons,Dimi,0,0,0,0,0,0,0,0,0,0,0,119,0,0,0,0,0,0,0,0,0,0,204,4523.173374613003,Tissue_Thal
182,0,0,0,0,0,0,311,44,0,0,31,0,0,0,0,75,0,0,0,0,0,0,/Users/sten/build_20171205/L4_Mesencephalon_Inhibitory.loom,Neurons,MEINH2,0.09432983921725702,182,Magnocellular because they are huge,"Inhibitory neurons, midbrain",Mesencephalon,151,"Rorb, Cck,Cpne4",Syt2 Nrtn Smim17 Slc32a1 Kcnab3 Ccdc184,[ 1.  1.  1.  1.  1.  1.],[13  1  1  1  1  1],[ 0.   0.1  0.1  0.1  0.1],461,GABA,1,0.0,Midbrain,"Midbrain dorsal,Midbrain ventral",0,0,0,0,0,0,0,0,0,0,0,0,0,0,0,0,0,17,14,0,0,0,0,0,0,0,0,0,0,0,0,0,0,0,0,0,0,0,0,0,0,29,15,0,0,0,0,0,0,0,0,0,0,0,0,0,0,0,0,0,0,0,0,0,0,0,0,0,0,0,0,0,0,0,0,0,0,0,0,0,54,35,35,41,33,38,36,39,0,0,0,0,0,0,0,0,0,0,0,0,0,0,0,0,0,0,0,0,0,0,0,0,0,0,0,19,23,22,11,0,0,0,0,0,0,0,0,0,0,0,0,0,311,75,0,0,0,0,0,75,0,0,0,Neurons,CNS neurons,Di- and mesencephalon neurons,Di- and mesencephalon inhibitory neurons,Dimi,0,0,0,0,0,0,0,0,0,0,0,0,238,223,0,0,0,0,0,0,0,0,0,4820.548806941431,Tissue_MBd
183,0,0,0,0,0,0,54,0,0,0,9,0,0,0,0,6,0,0,0,0,0,0,/Users/sten/build_20171205/L4_Mesencephalon_Inhibitory.loom,Neurons,MEINH7,1.8395173771761688,183,nan,"Inhibitory neurons, midbrain",Mesencephalon,147,"Tac1,Biap3",Pax7 Tfap2b Cdhr1 Rnf152 Zfhx4 Amn,[ 1.  1.  1.  1.  1.  1.],[14  2  1  1  1  1],[ 0.   0.   0.5  0.5  0.5],69,GABA,5,0.0,Superior colliculus,Midbrain dorsal,0,0,0,0,0,0,0,0,0,0,0,0,0,0,0,0,0,5,4,0,0,0,0,0,0,0,0,0,0,0,0,0,0,0,0,0,0,0,0,0,0,0,0,0,0,0,0,0,0,0,0,0,0,0,0,0,0,0,0,0,0,0,0,0,0,0,0,0,0,0,0,0,0,0,0,0,0,0,0,0,13,21,9,11,0,0,0,0,0,0,0,0,0,0,0,0,0,0,0,0,0,0,0,0,0,0,0,0,0,0,0,0,0,0,0,2,4,0,0,0,0,0,0,0,0,0,0,0,0,0,0,0,54,6,0,0,0,0,0,9,0,0,0,Neurons,CNS neurons,Di- and mesencephalon neurons,Di- and mesencephalon inhibitory neurons,Dimi,0,0,0,0,0,0,0,0,0,0,0,0,69,0,0,0,0,0,0,0,0,0,0,2923.7971014492755,Tissue_MBd
184,0,0,0,0,0,0,105,0,0,0,17,0,0,0,0,32,0,0,0,0,0,0,/Users/sten/build_20171205/L4_Mesencephalon_Inhibitory.loom,Neurons,MEINH5,0.06482270053951045,184,nan,"Inhibitory neurons, midbrain",Mesencephalon,145,"Ngb,Tac1",Tnnt1 Tnni3 Gata3 Lhx1 Uncx Cox6b2,[ 1.  1.  1.  1.  1.  1.],[15  1  1  1  1  1],[ 0.   0.1  1.   1.   1. ],154,GABA,6,0.0,Superior colliculus (sparse),Midbrain dorsal,0,0,0,0,0,0,0,0,0,0,0,0,0,0,0,0,0,14,3,0,0,0,0,0,0,0,0,0,0,0,0,0,0,0,0,0,0,0,0,0,0,0,0,0,0,0,0,0,0,0,0,0,0,0,0,0,0,0,0,0,0,0,0,0,0,0,0,0,0,0,0,0,0,0,0,0,0,0,0,0,26,30,28,20,0,0,1,0,0,0,0,0,0,0,0,0,0,0,0,0,0,0,0,0,0,0,0,0,0,0,0,0,0,0,0,17,15,0,0,0,0,0,0,0,0,0,0,0,0,0,0,0,105,32,0,0,0,0,0,17,0,0,0,Neurons,CNS neurons,Di- and mesencephalon neurons,Di- and mesencephalon inhibitory neurons,Dimi,0,0,0,0,0,0,0,0,0,0,0,0,153,1,0,0,0,0,0,0,0,0,0,3097.12987012987,Tissue_MBd
185,0,0,0,0,0,0,35,0,0,0,7,0,0,0,0,7,0,0,0,0,0,0,/Users/sten/build_20171205/L4_Mesencephalon_Inhibitory.loom,Neurons,MEINH12,1.776365559388398,185,No good stainings in ABA,"Inhibitory neurons, midbrain",Mesencephalon,141,Spatial mapping,Lhx1os Galnt14 Lmo1 Col25a1 Ralyl Nhs,[ 1.  1.  1.  1.  1.  1.],[7 1 1 1 1 1],[ 0.   0.3  0.6  0.6  0.6],49,GABA,11,0.0,Superior colliculus,Midbrain dorsal,0,0,0,0,0,0,0,0,0,0,0,0,0,0,0,0,0,6,1,0,0,0,0,0,0,0,0,0,0,0,0,0,0,0,0,0,0,0,0,0,0,0,0,0,0,0,0,0,0,0,0,0,0,0,0,0,0,0,0,0,0,0,0,0,0,0,0,0,0,0,0,0,0,0,0,0,0,0,0,0,10,7,4,12,0,0,1,1,0,0,0,0,0,0,0,0,0,0,0,0,0,0,0,0,0,0,0,0,0,0,0,0,0,0,0,2,5,0,0,0,0,0,0,0,0,0,0,0,0,0,0,0,35,7,0,0,0,0,0,7,0,0,0,Neurons,CNS neurons,Di- and mesencephalon neurons,Di- and mesencephalon inhibitory neurons,Dimi,0,0,0,0,0,0,0,0,0,0,0,0,47,2,0,0,0,0,0,0,0,0,0,3557.734693877551,Tissue_MBd
186,0,1,0,0,44,0,0,0,0,0,0,0,0,34,0,22,0,0,0,0,0,0,/Users/sten/build_20171205/L4_Diencephalon_Inhibitory.loom,Neurons,MEINH11,0.3370404146073488,186,nan,"Inhibitory neurons, midbrain",Mesencephalon,142,"Ret,Cbln1",Sox14 Dmbx1 Chrnb3 Rpp25 Unc13c Pcbp3,[ 1.  1.  1.  1.  1.  1.],[9 1 1 1 1 1],[ 0.   0.1  0.1  0.2  0.2],101,"GABA, Nitric oxide",3,0.0,Superior colliculus superficial gray layer,Midbrain dorsal,0,0,0,0,0,0,0,0,0,0,0,0,0,0,0,0,0,0,0,0,0,0,0,0,0,16,18,0,0,0,0,0,0,0,0,0,0,0,0,0,0,0,0,0,0,0,0,0,0,0,0,0,0,0,0,0,0,0,0,0,0,0,0,0,0,0,0,0,0,0,0,0,19,3,9,12,0,0,0,1,0,0,0,0,0,0,0,0,0,0,0,0,0,0,0,0,0,0,0,0,0,0,0,0,0,0,0,0,0,0,0,0,0,0,0,0,0,0,0,10,12,0,0,0,0,0,0,0,0,0,1,44,0,22,0,0,0,0,1,0,34,0,0,Neurons,CNS neurons,Di- and mesencephalon neurons,Di- and mesencephalon inhibitory neurons,Dimi,0,0,0,0,0,0,0,0,0,0,0,1,0,0,0,0,0,0,0,0,0,0,100,2909.841584158416,Tissue_Thal
187,0,0,0,0,0,0,220,0,0,0,64,0,0,0,0,116,0,0,0,0,0,0,/Users/sten/build_20171205/L4_Mesencephalon_Inhibitory.loom,Neurons,MEINH9,0.00042176823464490365,187,nan,"Inhibitory neurons, midbrain",Mesencephalon,144,Tac2,Otx2 Rd3l Cbln4 Lypd6 Tmem108 Pdzd2,[ 1.  1.  1.  1.  1.  1.],[13  1  1  1  1  1],[ 0.   0.5  0.5  0.5  1. ],400,GABA,10,0.0,Dorsal midbrain scattered,Midbrain dorsal,0,0,0,0,0,0,0,0,0,0,0,0,0,0,0,0,0,39,25,0,0,0,0,0,0,0,0,0,0,0,0,0,0,0,0,0,0,0,0,0,0,0,0,0,0,0,0,0,0,0,0,0,0,0,0,0,0,0,0,0,0,0,0,0,0,0,0,0,0,0,0,0,0,0,0,0,0,0,0,0,48,63,49,59,0,0,0,1,0,0,0,0,0,0,0,0,0,0,0,0,0,0,0,0,0,0,0,0,0,0,0,0,0,0,0,55,61,0,0,0,0,0,0,0,0,0,0,0,0,0,0,0,220,116,0,0,0,0,0,64,0,0,0,Neurons,CNS neurons,Di- and mesencephalon neurons,Di- and mesencephalon inhibitory neurons,Dimi,0,0,0,0,0,0,0,0,0,0,0,0,399,1,0,0,0,0,0,0,0,0,0,2683.195,Tissue_MBd
188,0,0,0,0,0,0,446,4,0,0,93,0,0,0,0,249,0,0,0,0,0,0,/Users/sten/build_20171205/L4_Mesencephalon_Inhibitory.loom,Neurons,MEINH10,0.8066245131031003,188,nan,"Inhibitory neurons, midbrain",Mesencephalon,143,C1ql2,Otx2 Gabrr2 Cdhr1 Rpp25 Igsf3 Pcbp3,[ 1.  1.  1.  1.  1.  1.],[14  1  1  1  1  1],[ 0.  1.  1.  1.  1.],792,"GABA, Nitric oxide",9,0.0,Superior colliculus superficial grey layer,Midbrain dorsal,0,0,0,0,0,0,0,0,0,0,0,0,0,0,0,0,0,51,42,0,0,0,0,0,0,0,0,0,0,0,0,0,0,0,0,0,0,0,0,0,0,2,2,0,0,0,0,0,0,0,0,0,0,0,0,0,0,0,0,0,0,0,0,0,0,0,0,0,0,0,0,0,0,0,0,0,0,0,0,0,117,127,71,120,4,4,3,0,0,0,0,0,0,0,0,0,0,0,0,0,0,0,0,0,0,0,0,0,0,0,0,0,0,0,0,132,115,2,0,0,0,0,0,0,0,0,0,0,0,0,0,0,446,249,0,0,0,0,0,97,0,0,0,Neurons,CNS neurons,Di- and mesencephalon neurons,Di- and mesencephalon inhibitory neurons,Dimi,0,0,0,0,0,0,0,0,0,0,0,0,775,17,0,0,0,0,0,0,0,0,0,3814.010101010101,Tissue_MBd
189,0,0,0,0,0,0,41,0,0,0,3,0,0,0,0,3,0,0,0,0,0,0,/Users/sten/build_20171205/L4_Mesencephalon_Inhibitory.loom,Neurons,MEINH6,2.7585046654672203,189,nan,"Inhibitory neurons, midbrain",Mesencephalon,146,"Tac1,Biap3",Fibcd1 Mgarp Lmo1 Vwc2 Npffr1 Ccdc184,[ 1.  1.  1.  1.  1.  1.],[20  2  1  1  1  1],[ 0.   0.   0.5  0.5  0.5],47,GABA,0,0.0,Superior colliculus,Midbrain dorsal,0,0,0,0,0,0,0,0,0,0,0,0,0,0,0,0,0,2,1,0,0,0,0,0,0,0,0,0,0,0,0,0,0,0,0,0,0,0,0,0,0,0,0,0,0,0,0,0,0,0,0,0,0,0,0,0,0,0,0,0,0,0,0,0,0,0,0,0,0,0,0,0,0,0,0,0,0,0,0,0,16,8,8,9,0,0,0,0,0,0,0,0,0,0,0,0,0,0,0,0,0,0,0,0,0,0,0,0,0,0,0,0,0,0,0,1,1,0,1,0,0,0,0,0,0,0,0,0,0,0,0,0,41,3,0,0,0,0,0,3,0,0,0,Neurons,CNS neurons,Di- and mesencephalon neurons,Di- and mesencephalon inhibitory neurons,Dimi,0,0,0,0,0,0,0,0,0,0,0,0,46,1,0,0,0,0,0,0,0,0,0,4320.085106382979,Tissue_MBd
190,0,0,0,0,0,0,5,35,0,0,22,0,0,0,0,0,0,0,0,0,0,0,/Users/sten/build_20171205/L4_Hindbrain_Inhibitory.loom,Neurons,HBINH6,1.0325044303457376,190,nan,"Inhibitory neurons, hindbrain",Rhombencephalon,159,"Pvalb,Syt2,Kcna1 (Cplx1 negative)",Nxph4 Tmem72 Gpr139 Igf1 Nkx6-1 Plcxd3,[ 1.  1.  1.  1.  1.  1.],[17  1  1  1  1  1],[ 0.   0.4  0.4  0.4  0.4],62,"GABA, Glycine (GLYT1)",1,0.0,Koelliker-Fuse subnucleus,Pons,0,0,0,0,0,0,0,0,0,0,0,0,0,0,0,0,0,0,0,0,0,0,0,0,0,0,0,0,0,0,0,0,0,0,0,3,1,0,0,0,0,0,0,0,0,0,0,0,0,0,0,0,0,0,0,0,0,0,0,0,0,0,1,0,0,0,0,0,0,0,0,0,0,0,0,0,0,0,0,0,0,0,0,0,0,0,0,0,0,0,0,0,0,0,0,3,2,1,1,12,1,10,5,2,2,1,2,4,1,4,6,0,0,0,0,0,0,0,0,0,0,0,0,0,0,0,0,0,0,0,0,0,0,58,0,0,0,0,0,0,0,4,0,Neurons,CNS neurons,Hindbrain neurons,Hindbrain neurons,Hind,0,0,0,0,0,0,0,0,0,0,0,0,0,0,18,0,44,0,0,0,0,0,0,6253.548387096775,Tissue_Pons
191,0,0,0,0,0,0,0,13,0,0,9,0,0,0,0,0,0,0,0,0,0,0,/Users/sten/build_20171205/L4_Hindbrain_Inhibitory.loom,Neurons,HBINH2,5.851149087899676,191,nan,"Inhibitory neurons, hindbrain",Rhombencephalon,160,"Zic1,Hoxa5",Irs4 Tfap2b Cbln4 Amigo2 1700003F12Rik Glra2,[ 1.  1.  1.  1.  1.  1.],[27  1  1  1  1  1],[ 0.   0.1  0.1  0.1  0.1],22,"GABA, Glycine (GLYT1), Nitric oxide",0,0.0,Nucleus of the solitary tract,Medulla,0,0,0,0,0,0,0,0,0,0,0,0,0,0,0,0,0,0,0,0,0,0,0,0,0,0,0,0,0,0,0,0,0,0,0,0,0,0,0,0,0,0,0,0,0,0,0,0,0,0,0,0,0,0,0,0,0,0,0,0,0,0,0,0,0,0,0,0,0,0,0,0,0,0,0,0,0,0,0,0,0,0,0,0,0,0,0,0,0,0,0,0,0,0,0,3,2,2,3,1,2,0,0,2,3,2,0,0,1,1,0,0,0,0,0,0,0,0,0,0,0,0,0,0,0,0,0,0,0,0,0,0,0,22,0,0,0,0,0,0,0,0,0,Neurons,CNS neurons,Hindbrain neurons,Hindbrain neurons,Hind,0,0,0,0,0,0,0,0,0,0,0,0,0,0,17,0,5,0,0,0,0,0,0,10066.772727272728,Tissue_Medulla
192,0,0,0,0,0,0,13,0,0,2,0,0,0,0,0,0,0,0,0,0,0,0,/Users/sten/build_20171205/L4_SpinalCord_Excitatory.loom,Neurons,SCGLU8,6.4817376599503564,192,correspond to Glut2 in C1 data.,"Excitatory neurons, spinal cord",Spinal cord,115,"Scn4b,Nefh",Pcp2 Lbx1 Hoxb6 Relt Tunar Khdrbs2,[ 1.  1.  1.  1.  1.  1.],[17  1  1  1  1  1],[ 0.   0.4  0.6  0.9  0.9],15,Glutamate (VGLUT2),0,0.0,Dorsal horn lamina 2-5,Spinal cord,0,0,0,0,0,0,0,0,0,0,0,0,0,0,0,0,0,0,0,0,0,0,0,0,0,0,0,0,0,0,0,0,0,0,0,0,0,0,0,0,0,0,0,0,0,0,0,0,0,0,0,0,0,0,0,13,0,0,0,0,0,0,0,0,0,0,0,0,0,0,0,0,0,0,0,0,0,0,0,0,0,0,0,0,0,0,0,0,0,1,1,0,0,0,0,0,0,0,0,0,0,0,0,0,0,0,0,0,0,0,0,0,0,0,0,0,0,0,0,0,0,0,0,0,0,0,0,0,0,0,0,0,0,2,0,0,0,0,0,0,13,0,0,Neurons,CNS neurons,Spinal cord neurons,Spinal cord excitatory neurons,Scex,0,0,0,0,0,0,0,0,0,0,0,0,0,0,0,0,0,15,0,0,0,0,0,3227.733333333333,Tissue_SC
193,0,0,0,0,0,0,36,0,0,118,0,0,0,0,0,0,0,0,0,0,0,0,/Users/sten/build_20171205/L4_SpinalCord_Excitatory.loom,Neurons,SCGLU9,0.16950944010470625,193,correspond to Glut3 in C1 data.,"Excitatory neurons, spinal cord",Spinal cord,116,"Slc5a6,Slc30a3",Nts Pde11a Prrxl1 Tlx3 Cpne8 Ccdc184,[ 1.  1.  1.  1.  1.  1.],[26  1  1  1  1  1],[ 0.   0.9  0.9  0.9  0.9],154,Glutamate (VGLUT2),2,0.0,Dorsal horn lamina 3,Spinal cord,0,0,0,0,0,0,0,0,0,0,0,0,0,0,0,0,0,0,0,0,0,0,0,0,0,0,0,0,0,0,0,0,0,0,0,0,0,0,0,0,0,0,0,0,0,0,0,0,0,0,0,0,0,0,0,36,0,0,0,0,0,0,0,0,0,0,0,0,0,0,0,0,0,0,0,0,0,0,0,0,0,0,0,0,0,0,0,0,4,27,22,18,22,25,0,0,0,0,0,0,0,0,0,0,0,0,0,0,0,0,0,0,0,0,0,0,0,0,0,0,0,0,0,0,0,0,0,0,0,0,0,0,0,118,0,0,0,0,0,0,36,0,0,Neurons,CNS neurons,Spinal cord neurons,Spinal cord excitatory neurons,Scex,0,0,0,0,0,0,0,0,0,0,0,0,0,0,0,0,0,154,0,0,0,0,0,2316.1428571428573,Tissue_SC
194,0,0,0,0,0,0,9,0,0,21,0,0,0,0,0,0,0,0,0,0,0,0,/Users/sten/build_20171205/L4_SpinalCord_Excitatory.loom,Neurons,SCGLU7,3.7791700034682307,194,correspond to subpopulation of Glut2 in C1 data.,"Excitatory neurons, spinal cord",Spinal cord,114,Pax6,Ucn3 Nppc Glra1 Rapsn Pde4d Chgb,[ 1.  1.  1.  1.  1.  1.],[14  1  1  1  1  1],[ 0.   0.9  0.9  1.   1. ],30,Glutamate (VGLUT2),1,0.0,Dorsal horn lamina 2-5,Spinal cord,0,0,0,0,0,0,0,0,0,0,0,0,0,0,0,0,0,0,0,0,0,0,0,0,0,0,0,0,0,0,0,0,0,0,0,0,0,0,0,0,0,0,0,0,0,0,0,0,0,0,0,0,0,0,0,9,0,0,0,0,0,0,0,0,0,0,0,0,0,0,0,0,0,0,0,0,0,0,0,0,0,0,0,0,0,0,0,0,5,2,3,6,4,1,0,0,0,0,0,0,0,0,0,0,0,0,0,0,0,0,0,0,0,0,0,0,0,0,0,0,0,0,0,0,0,0,0,0,0,0,0,0,0,21,0,0,0,0,0,0,9,0,0,Neurons,CNS neurons,Spinal cord neurons,Spinal cord excitatory neurons,Scex,0,0,0,0,0,0,0,0,0,0,0,0,0,0,0,0,0,30,0,0,0,0,0,2127.4666666666667,Tissue_SC
195,0,0,0,0,0,0,35,0,0,98,0,0,0,0,0,0,0,0,0,0,0,0,/Users/sten/build_20171205/L4_SpinalCord_Excitatory.loom,Neurons,SCGLU2,1.0498551511001897,195,correspond to Glut13 in C1 data.,"Excitatory neurons, spinal cord",Spinal cord,109,,Hoxb8 Card10 Hoxa7 Hoxa10 Doc2a C1qtnf4,[ 1.  1.  1.  1.  1.  1.],[18  1  1  1  1  1],[ 0.   0.9  0.9  0.9  0.9],133,Glutamate (VGLUT2),5,0.0,Dorsal horn lamina 4-6,Spinal cord,0,0,0,0,0,0,0,0,0,0,0,0,0,0,0,0,0,0,0,0,0,0,0,0,0,0,0,0,0,0,0,0,0,0,0,0,0,0,0,0,0,0,0,0,0,0,0,0,0,0,0,0,0,0,0,35,0,0,0,0,0,0,0,0,0,0,0,0,0,0,0,0,0,0,0,0,0,0,0,0,0,0,0,0,0,0,0,0,21,20,14,9,20,14,0,0,0,0,0,0,0,0,0,0,0,0,0,0,0,0,0,0,0,0,0,0,0,0,0,0,0,0,0,0,0,0,0,0,0,0,0,0,0,98,0,0,0,0,0,0,35,0,0,Neurons,CNS neurons,Spinal cord neurons,Spinal cord excitatory neurons,Scex,0,0,0,0,0,0,0,0,0,0,0,0,0,0,0,0,0,133,0,0,0,0,0,3557.4736842105262,Tissue_SC
196,0,0,0,0,0,0,15,0,0,47,0,0,0,0,0,0,0,0,0,0,0,0,/Users/sten/build_20171205/L4_SpinalCord_Excitatory.loom,Neurons,SCGLU3,3.8424501365074217,196,correspond to Glut12 in C1 data. Break to have only Cadps2>0 cells.,"Excitatory neurons, spinal cord",Spinal cord,110,"Itpr1,Pdzd2",Hoxc8 RP24-236C17.2 Hoxc9 Hoxa10 Ap1s2 Pnck,[ 1.  1.  1.  1.  1.  1.],[24  1  1  1  1  1],[ 0.   0.2  0.2  0.2  0.4],62,Glutamate (VGLUT2),6,0.0,Dorsal horn lamina 1-3,Spinal cord,0,0,0,0,0,0,0,0,0,0,0,0,0,0,0,0,0,0,0,0,0,0,0,0,0,0,0,0,0,0,0,0,0,0,0,0,0,0,0,0,0,0,0,0,0,0,0,0,0,0,0,0,0,0,0,15,0,0,0,0,0,0,0,0,0,0,0,0,0,0,0,0,0,0,0,0,0,0,0,0,0,0,0,0,0,0,0,0,0,10,12,7,9,9,0,0,0,0,0,0,0,0,0,0,0,0,0,0,0,0,0,0,0,0,0,0,0,0,0,0,0,0,0,0,0,0,0,0,0,0,0,0,0,47,0,0,0,0,0,0,15,0,0,Neurons,CNS neurons,Spinal cord neurons,Spinal cord excitatory neurons,Scex,0,0,0,0,0,0,0,0,0,0,0,0,0,0,0,0,0,62,0,0,0,0,0,3924.2741935483873,Tissue_SC
197,0,0,0,0,0,0,54,0,0,126,0,0,0,0,0,0,0,0,0,0,0,0,/Users/sten/build_20171205/L4_SpinalCord_Excitatory.loom,Neurons,SCGLU4,1.9792485283802868,197,"correspond to Glut10,11 in C1 data. Lamp5 high is Glut11.","Excitatory neurons, spinal cord",Spinal cord,111,"Sst,Dcn,Epyc,Postn",Hoxb8 Vsig8 Hoxa9 Hoxa10 D630023F18Rik Otof,[ 1.  1.  1.  1.  1.  1.],[28  1  1  1  1  1],[ 0.   0.7  0.7  0.7  0.7],180,"Glutamate (VGLUT2), Nitric oxide",7,0.0,Dorsal horn lamina 2-3,Spinal cord,0,0,0,0,0,0,0,0,0,0,0,0,0,0,0,0,0,0,0,0,0,0,0,0,0,0,0,0,0,0,0,0,0,0,0,0,0,0,0,0,0,0,0,0,0,0,0,0,0,0,0,0,0,0,0,54,0,0,0,0,0,0,0,0,0,0,0,0,0,0,0,0,0,0,0,0,0,0,0,0,0,0,0,0,0,0,0,0,5,25,23,17,31,25,0,0,0,0,0,0,0,0,0,0,0,0,0,0,0,0,0,0,0,0,0,0,0,0,0,0,0,0,0,0,0,0,0,0,0,0,0,0,0,126,0,0,0,0,0,0,54,0,0,Neurons,CNS neurons,Spinal cord neurons,Spinal cord excitatory neurons,Scex,0,0,0,0,0,0,0,0,0,0,0,0,0,0,0,0,0,180,0,0,0,0,0,3384.0555555555557,Tissue_SC
198,0,0,0,0,0,0,30,0,0,110,0,0,0,0,0,0,0,0,0,0,0,0,/Users/sten/build_20171205/L4_SpinalCord_Excitatory.loom,Neurons,SCGLU6,3.9530897165485595,198,"correstpond to Glut8,9 in C1 data. Npff is Glut9 and Nmur2 is Glut8.","Excitatory neurons, spinal cord",Spinal cord,113,"Gbx1,Elfn1,Bcl11b",Grp Mrap2 Hoxa7 Tlx3 Spint2 Car12,[ 1.  1.  1.  1.  1.  1.],[19  1  1  1  1  1],[ 0.  1.  1.  1.  1.],140,Glutamate (VGLUT2),9,0.0,Dorsal horn lamina 1-2,Spinal cord,0,0,0,0,0,0,0,0,0,0,0,0,0,0,0,0,0,0,0,0,0,0,0,0,0,0,0,0,0,0,0,0,0,0,0,0,0,0,0,0,0,0,0,0,0,0,0,0,0,0,0,0,0,0,0,30,0,0,0,0,0,0,0,0,0,0,0,0,0,0,0,0,0,0,0,0,0,0,0,0,0,0,0,0,0,0,0,0,13,22,16,23,18,18,0,0,0,0,0,0,0,0,0,0,0,0,0,0,0,0,0,0,0,0,0,0,0,0,0,0,0,0,0,0,0,0,0,0,0,0,0,0,0,110,0,0,0,0,0,0,30,0,0,Neurons,CNS neurons,Spinal cord neurons,Spinal cord excitatory neurons,Scex,0,0,0,0,0,0,0,0,0,0,0,0,0,0,0,0,0,140,0,0,0,0,0,2191.042857142857,Tissue_SC
199,0,0,0,0,0,0,68,0,0,184,0,0,0,0,0,0,0,0,0,0,0,0,/Users/sten/build_20171205/L4_SpinalCord_Excitatory.loom,Neurons,SCGLU5,0.8992898225833273,199,"correspond to Glut5,6,7 in C1 data. Mylk is Glut6 and Nmu (high) is Glut6-7.","Excitatory neurons, spinal cord",Spinal cord,112,"Pax5,En1",Nmu Hoxb7 Hoxb6 Tlx3 Hoxb2 F2rl2,[ 1.  1.  1.  1.  1.  1.],[32  1  1  1  1  1],[ 0.   0.4  0.7  0.7  0.7],252,Glutamate (VGLUT2),10,0.0,"Dorsal horn, lamina 2-3",Spinal cord,0,0,0,0,0,0,0,0,0,0,0,0,0,0,0,0,0,0,0,0,0,0,0,0,0,0,0,0,0,0,0,0,0,0,0,0,0,0,0,0,0,0,0,0,0,0,0,0,0,0,0,0,0,0,0,68,0,0,0,0,0,0,0,0,0,0,0,0,0,0,0,0,0,0,0,0,0,0,0,0,0,0,0,0,0,0,0,0,28,17,27,37,36,39,0,0,0,0,0,0,0,0,0,0,0,0,0,0,0,0,0,0,0,0,0,0,0,0,0,0,0,0,0,0,0,0,0,0,0,0,0,0,0,184,0,0,0,0,0,0,68,0,0,Neurons,CNS neurons,Spinal cord neurons,Spinal cord excitatory neurons,Scex,0,0,0,0,0,0,0,0,0,0,0,0,0,0,0,0,0,252,0,0,0,0,0,3003.190476190476,Tissue_SC
200,0,0,0,0,0,0,11,0,0,33,0,0,0,0,0,0,0,0,0,0,0,0,/Users/sten/build_20171205/L4_SpinalCord_Inhibitory.loom,Neurons,SCINH5,3.747986501254342,200,correspond to Gaba13 in C1 data.,"Inhibitory neurons, spinal cord",Spinal cord,103,"Gpx2,Insrr",Serpinb1b Gbx1 Hoxb6 Gm5 P2ry1 Syt10,[ 1.  1.  1.  1.  1.  1.],[28  1  1  1  1  1],[ 0.   0.2  0.2  0.2  0.2],44,"GABA, Glycine (GLYT2)",10,0.0,"Dorsal horn, lamina 2-6",Spinal cord,0,0,0,0,0,0,0,0,0,0,0,0,0,0,0,0,0,0,0,0,0,0,0,0,0,0,0,0,0,0,0,0,0,0,0,0,0,0,0,0,0,0,0,0,0,0,0,0,0,0,0,0,0,0,0,11,0,0,0,0,0,0,0,0,0,0,0,0,0,0,0,0,0,0,0,0,0,0,0,0,0,0,0,0,0,0,0,0,2,6,4,10,8,3,0,0,0,0,0,0,0,0,0,0,0,0,0,0,0,0,0,0,0,0,0,0,0,0,0,0,0,0,0,0,0,0,0,0,0,0,0,0,0,33,0,0,0,0,0,0,11,0,0,Neurons,CNS neurons,Spinal cord neurons,Spinal cord inhibitory neurons,Scin,0,0,0,0,0,0,0,0,0,0,0,0,0,0,0,0,0,44,0,0,0,0,0,6012.068181818182,Tissue_SC
201,0,0,0,0,0,0,26,0,0,61,0,0,0,0,0,0,0,0,0,0,0,0,/Users/sten/build_20171205/L4_SpinalCord_Inhibitory.loom,Neurons,SCINH6,1.6116692141050128,201,correspond to Gaba9 in C1 data.,"Inhibitory neurons, spinal cord",Spinal cord,102,"Ly6d,Il11ra1",Hoxb8 Pcsk5 Hoxb6 Frzb Hoxb2 Vsnl1,[ 1.  1.  1.  1.  1.  1.],[29  1  1  1  1  1],[ 0.   0.1  0.1  0.1  0.1],87,GABA,9,0.0,"Dorsal horn, lamina 2-4",Spinal cord,0,0,0,0,0,0,0,0,0,0,0,0,0,0,0,0,0,0,0,0,0,0,0,0,0,0,0,0,0,0,0,0,0,0,0,0,0,0,0,0,0,0,0,0,0,0,0,0,0,0,0,0,0,0,0,26,0,0,0,0,0,0,0,0,0,0,0,0,0,0,0,0,0,0,0,0,0,0,0,0,0,0,0,0,0,0,0,0,2,6,10,16,16,11,0,0,0,0,0,0,0,0,0,0,0,0,0,0,0,0,0,0,0,0,0,0,0,0,0,0,0,0,0,0,0,0,0,0,0,0,0,0,0,61,0,0,0,0,0,0,26,0,0,Neurons,CNS neurons,Spinal cord neurons,Spinal cord inhibitory neurons,Scin,0,0,0,0,0,0,0,0,0,0,0,0,0,0,0,0,0,87,0,0,0,0,0,4832.9655172413795,Tissue_SC
202,0,0,0,0,0,0,10,0,0,61,0,0,0,0,0,0,0,0,0,0,0,0,/Users/sten/build_20171205/L4_SpinalCord_Inhibitory.loom,Neurons,SCINH7,1.363614255459547,202,correspond to Gaba8 in C1 data.,"Inhibitory neurons, spinal cord",Spinal cord,101,"Reln,Sgcg",Krt17 Nrl Hoxb6 Lhx1 Slc16a11 Plpp4,[ 1.  1.  1.  1.  1.  1.],[23  1  1  1  1  1],[ 0.   0.4  0.4  0.9  0.9],71,GABA,8,0.0,"Dorsal horn, lamina 2-6",Spinal cord,0,0,0,0,0,0,0,0,0,0,0,0,0,0,0,0,0,0,0,0,0,0,0,0,0,0,0,0,0,0,0,0,0,0,0,0,0,0,0,0,0,0,0,0,0,0,0,0,0,0,0,0,0,0,0,10,0,0,0,0,0,0,0,0,0,0,0,0,0,0,0,0,0,0,0,0,0,0,0,0,0,0,0,0,0,0,0,0,18,8,9,9,8,9,0,0,0,0,0,0,0,0,0,0,0,0,0,0,0,0,0,0,0,0,0,0,0,0,0,0,0,0,0,0,0,0,0,0,0,0,0,0,0,61,0,0,0,0,0,0,10,0,0,Neurons,CNS neurons,Spinal cord neurons,Spinal cord inhibitory neurons,Scin,0,0,0,0,0,0,0,0,0,0,0,0,0,0,0,0,0,71,0,0,0,0,0,3275.478873239437,Tissue_SC
203,0,0,0,0,1,0,16,66,0,0,15,0,0,0,0,0,0,0,0,0,0,0,/Users/sten/build_20171205/L4_Hindbrain_Inhibitory.loom,Neurons,HBINH9,0.7753995413991658,203,should be very posterior in medulla because of Hox genes,"Inhibitory neurons, hindbrain",Rhombencephalon,106,"Postn,Vip",Pax2 Nyap2 Hoxb6 Tmem255a Unc13c Fstl5,[ 1.  1.  1.  1.  1.  1.],[27  1  1  1  1  1],[ 0.   0.1  0.1  0.9  0.9],98,"GABA, Glycine (GLYT1,GLYT2)",6,0.0,Paragigantocellular reticular nucleus,Medulla,0,0,0,0,0,0,0,0,0,0,0,0,0,0,0,0,0,0,0,0,0,0,0,0,0,0,0,0,0,0,0,0,0,0,0,5,5,0,0,0,0,0,0,0,0,0,0,0,0,0,0,0,0,0,0,0,0,0,0,1,4,0,1,0,0,0,0,0,0,0,0,0,0,0,0,0,1,0,0,0,0,0,0,0,0,0,0,0,0,0,0,0,0,0,0,17,12,20,15,1,0,0,1,2,5,3,4,0,1,0,0,0,0,0,0,0,0,0,0,0,0,0,0,0,0,0,0,0,0,0,0,1,0,87,0,0,0,0,0,0,0,10,0,Neurons,CNS neurons,Spinal cord neurons,Spinal cord inhibitory neurons,Scin,0,0,1,0,0,0,0,0,0,0,0,0,0,0,93,0,4,0,0,0,0,0,0,3712.7448979591836,Tissue_Medulla
204,0,0,0,0,0,0,37,0,0,80,0,0,0,0,0,0,0,0,0,0,0,0,/Users/sten/build_20171205/L4_SpinalCord_Inhibitory.loom,Neurons,SCINH2,0.15599412965132908,204,correspond to Gaba13 (most similar but not sure since Cplx1 negative) in C1 data.,"Inhibitory neurons, spinal cord",Spinal cord,107,"Synpr,Calb2",Hoxb8 Kcnk3 Glra1 Hoxc6 Hoxb2 C1qtnf4,[ 1.  1.  1.  1.  1.  1.],[30  1  1  1  1  1],[ 0.   0.6  0.7  0.9  0.8],117,"GABA, Glycine (GLYT2)",1,0.0,"Dorsal horn, lamina 2-6",Spinal cord,0,0,0,0,0,0,0,0,0,0,0,0,0,0,0,0,0,0,0,0,0,0,0,0,0,0,0,0,0,0,0,0,0,0,0,0,0,0,0,0,0,0,0,0,0,0,0,0,0,0,0,0,0,0,0,37,0,0,0,0,0,0,0,0,0,0,0,0,0,0,0,0,0,0,0,0,0,0,0,0,0,0,0,0,0,0,0,0,18,5,12,17,17,11,0,0,0,0,0,0,0,0,0,0,0,0,0,0,0,0,0,0,0,0,0,0,0,0,0,0,0,0,0,0,0,0,0,0,0,0,0,0,0,80,0,0,0,0,0,0,37,0,0,Neurons,CNS neurons,Spinal cord neurons,Spinal cord inhibitory neurons,Scin,0,0,0,0,0,0,0,0,0,0,0,0,0,0,0,0,0,117,0,0,0,0,0,3803.196581196581,Tissue_SC
205,0,0,0,0,0,0,19,0,0,18,0,0,0,0,0,0,0,0,0,0,0,0,/Users/sten/build_20171205/L4_SpinalCord_Inhibitory.loom,Neurons,SCINH4,3.622243141768693,205,correspond to Gaba10 in C1 data. Might be proken to Eya2 and Adamts5.,"Inhibitory neurons, spinal cord",Spinal cord,104,Cabp7,Hoxb8 Kcnmb2 Hoxb6 Lhx1 Nxph1 Kcnip1,[ 1.  1.  1.  1.  1.  1.],[17  1  1  1  1  1],[ 0.   0.3  0.3  0.5  1. ],37,GABA,3,0.0,"Dorsal horn, lamina 3-6",Spinal cord,0,0,0,0,0,0,0,0,0,0,0,0,0,0,0,0,0,0,0,0,0,0,0,0,0,0,0,0,0,0,0,0,0,0,0,0,0,0,0,0,0,0,0,0,0,0,0,0,0,0,0,0,0,0,0,19,0,0,0,0,0,0,0,0,0,0,0,0,0,0,0,0,0,0,0,0,0,0,0,0,0,0,0,0,0,0,0,0,2,3,4,4,3,2,0,0,0,0,0,0,0,0,0,0,0,0,0,0,0,0,0,0,0,0,0,0,0,0,0,0,0,0,0,0,0,0,0,0,0,0,0,0,0,18,0,0,0,0,0,0,19,0,0,Neurons,CNS neurons,Spinal cord neurons,Spinal cord inhibitory neurons,Scin,0,0,0,0,0,0,0,0,0,0,0,0,0,0,0,0,0,37,0,0,0,0,0,3063.891891891892,Tissue_SC
206,0,0,0,0,0,0,14,0,0,52,0,0,0,0,0,0,0,0,0,0,0,0,/Users/sten/build_20171205/L4_SpinalCord_Inhibitory.loom,Neurons,SCINH3,1.7591836625454387,206,correspond to Gaba5-7in C1 data. Might be proken to Trh and Gpr101.,"Inhibitory neurons, spinal cord",Spinal cord,105,"Chat,Slc5a7",Serpinb1b Pax8 Glra1 Rspo1 Plch1 Cd24a,[ 1.  1.  1.  1.  1.  1.],[24  1  1  1  1  1],[ 0.   0.6  0.6  1.   1. ],66,"GABA, Glycine (GLYT2)",4,0.0,"Dorsal horn, lamina 2-6",Spinal cord,0,0,0,0,0,0,0,0,0,0,0,0,0,0,0,0,0,0,0,0,0,0,0,0,0,0,0,0,0,0,0,0,0,0,0,0,0,0,0,0,0,0,0,0,0,0,0,0,0,0,0,0,0,0,0,14,0,0,0,0,0,0,0,0,0,0,0,0,0,0,0,0,0,0,0,0,0,0,0,0,0,0,0,0,0,0,0,0,9,10,3,7,17,6,0,0,0,0,0,0,0,0,0,0,0,0,0,0,0,0,0,0,0,0,0,0,0,0,0,0,0,0,0,0,0,0,0,0,0,0,0,0,0,52,0,0,0,0,0,0,14,0,0,Neurons,CNS neurons,Spinal cord neurons,Spinal cord inhibitory neurons,Scin,0,0,0,0,0,0,0,0,0,0,0,0,0,0,0,0,0,66,0,0,0,0,0,4171.090909090909,Tissue_SC
207,0,0,0,0,0,0,15,0,0,50,0,0,0,0,0,0,0,0,0,0,0,0,/Users/sten/build_20171205/L4_SpinalCord_Inhibitory.loom,Neurons,SCINH10,1.6547628493678046,207,correspond to Gaba2 in C1 data.,"Inhibitory neurons, spinal cord",Spinal cord,98,Rorb,Hoxb9 Tacr3 Pnoc Aard 1500009L16Rik Eepd1,[ 1.  1.  1.  1.  1.  1.],[24  1  1  1  1  1],[ 0.   0.2  0.2  0.9  0.9],65,"GABA, Glycine (GLYT2), Nitric oxide",5,0.0,"Dorsal horn, lamina 2-6",Spinal cord,0,0,0,0,0,0,0,0,0,0,0,0,0,0,0,0,0,0,0,0,0,0,0,0,0,0,0,0,0,0,0,0,0,0,0,0,0,0,0,0,0,0,0,0,0,0,0,0,0,0,0,0,0,0,0,15,0,0,0,0,0,0,0,0,0,0,0,0,0,0,0,0,0,0,0,0,0,0,0,0,0,0,0,0,0,0,0,0,3,8,10,11,12,6,0,0,0,0,0,0,0,0,0,0,0,0,0,0,0,0,0,0,0,0,0,0,0,0,0,0,0,0,0,0,0,0,0,0,0,0,0,0,0,50,0,0,0,0,0,0,15,0,0,Neurons,CNS neurons,Spinal cord neurons,Spinal cord inhibitory neurons,Scin,0,0,0,0,0,0,0,0,0,0,0,0,0,0,0,0,0,65,0,0,0,0,0,3546.876923076923,Tissue_SC
208,0,0,0,0,0,0,26,0,0,58,0,0,0,0,0,0,0,0,0,0,0,0,/Users/sten/build_20171205/L4_SpinalCord_Inhibitory.loom,Neurons,SCINH9,3.6137893053937304,208,correspond to Gaba2-3 in C1 data. Probably a mix of Gaba2 and 3.,"Inhibitory neurons, spinal cord",Spinal cord,99,,Serpinb1b Hoxb5os Skor1 Sstr2 Lgals9 Eepd1,[ 1.  1.  1.  1.  1.  1.],[19  1  1  1  1  1],[ 0.   0.   0.   0.1  0.1],84,GABA,6,0.0,"Dorsal horn, lamina 2-6",Spinal cord,0,0,0,0,0,0,0,0,0,0,0,0,0,0,0,0,0,0,0,0,0,0,0,0,0,0,0,0,0,0,0,0,0,0,0,0,0,0,0,0,0,0,0,0,0,0,0,0,0,0,0,0,0,0,0,26,0,0,0,0,0,0,0,0,0,0,0,0,0,0,0,0,0,0,0,0,0,0,0,0,0,0,0,0,0,0,0,0,16,7,7,13,7,8,0,0,0,0,0,0,0,0,0,0,0,0,0,0,0,0,0,0,0,0,0,0,0,0,0,0,0,0,0,0,0,0,0,0,0,0,0,0,0,58,0,0,0,0,0,0,26,0,0,Neurons,CNS neurons,Spinal cord neurons,Spinal cord inhibitory neurons,Scin,0,0,0,0,0,0,0,0,0,0,0,0,0,0,0,0,0,84,0,0,0,0,0,2632.6071428571427,Tissue_SC
209,0,0,0,0,0,0,28,0,0,59,0,0,0,0,0,0,0,0,0,0,0,0,/Users/sten/build_20171205/L4_SpinalCord_Inhibitory.loom,Neurons,SCINH8,0.35060722904661024,209,correspond to Gaba3 in C1 data.,"Inhibitory neurons, spinal cord",Spinal cord,100,"Igfbp5,Hapln1",Serpinb1b Rspo3 Hoxb6 B3gat2 Fam159b Adsl,[ 1.  1.  1.  1.  1.  1.],[17  2  1  1  1  1],[ 0.   0.   0.2  0.2  0.2],87,GABA,7,0.0,"Dorsal horn, lamina 2-6",Spinal cord,0,0,0,0,0,0,0,0,0,0,0,0,0,0,0,0,0,0,0,0,0,0,0,0,0,0,0,0,0,0,0,0,0,0,0,0,0,0,0,0,0,0,0,0,0,0,0,0,0,0,0,0,0,0,0,28,0,0,0,0,0,0,0,0,0,0,0,0,0,0,0,0,0,0,0,0,0,0,0,0,0,0,0,0,0,0,0,0,6,11,9,9,10,14,0,0,0,0,0,0,0,0,0,0,0,0,0,0,0,0,0,0,0,0,0,0,0,0,0,0,0,0,0,0,0,0,0,0,0,0,0,0,0,59,0,0,0,0,0,0,28,0,0,Neurons,CNS neurons,Spinal cord neurons,Spinal cord inhibitory neurons,Scin,0,0,0,0,0,0,0,0,0,0,0,0,0,0,0,0,0,87,0,0,0,0,0,2883.1724137931033,Tissue_SC
210,0,0,0,0,91,0,0,0,0,0,0,0,0,0,0,36,11,0,0,0,7,0,/Users/sten/build_20171205/L4_Diencephalon_Inhibitory.loom,Neurons,TEINH3,2.2328607293265925,210,nan,"Inhibitory neurons, telencephalon",Telencephalon,83,"Nos1,Npy,Vip",Ecel1 Tmem215 Peg10 Amigo2 Adra2a Thsd7b,[ 1.   1.   1.   1.   1.   0.9],[11  1  1  1  1  1],[ 0.  1.  1.  1.  1.],145,GABA,8,0.0,Bed nuclei of the stria terminalis posterior division ,Pallidum,0,0,0,0,0,0,0,0,0,0,0,7,0,0,0,0,0,0,0,0,0,0,0,0,0,0,0,0,0,0,0,0,0,0,0,0,0,0,0,0,0,0,0,0,0,4,7,0,0,0,0,0,0,0,0,0,0,0,0,0,0,0,0,0,0,0,0,0,3,21,12,22,0,0,0,0,0,0,18,15,0,0,0,0,0,0,0,0,0,0,0,0,0,0,0,0,0,0,0,0,0,0,0,0,0,0,0,0,0,0,0,0,0,15,21,0,0,0,0,0,0,0,0,0,0,0,0,0,0,0,0,91,36,0,0,0,0,0,0,11,7,0,0,Neurons,CNS neurons,"Cholinergic, monoaminergic and peptidergic neurons",Peptidergic neurons,Hpep,0,0,0,0,0,0,0,0,0,0,0,145,0,0,0,0,0,0,0,0,0,0,0,4083.793103448276,Tissue_Hypoth
211,0,0,0,0,0,0,0,0,0,0,0,0,0,0,0,0,99,0,21,251,0,0,/Users/sten/build_20171205/L4_Olfactory_Inhibitory.loom,Neurons,OBDOP1,0.292823599570912,211,http://www.sciencedirect.com/science/article/pii/0306452295005676,"Dopaminergic periglomerular interneuron, olfactory bulb",Telencephalon,45,,Trh Th Pax6 Lgr5 Syndig1l 9330158H04Rik,[ 1.  1.  1.  1.  1.  1.],[11  1  1  1  1  1],[ 0.   0.1  1.   1.   1. ],371,"GABA,Dopamine",1,0.0,"Olfactory bulb, periglomerular layer",Olfactory bulb,0,0,0,0,21,0,0,0,0,0,0,0,0,0,0,0,0,0,0,0,0,0,0,0,0,0,0,0,0,0,0,0,0,57,42,0,0,0,0,0,0,0,0,0,0,0,0,0,0,0,0,0,0,0,0,0,0,0,0,0,0,0,0,0,0,0,130,121,0,0,0,0,0,0,0,0,0,0,0,0,0,0,0,0,0,0,0,0,0,0,0,0,0,0,0,0,0,0,0,0,0,0,0,0,0,0,0,0,0,0,0,0,0,0,0,0,0,0,0,0,0,0,0,0,0,0,0,0,0,0,0,251,0,0,0,0,0,0,0,21,99,0,0,Neurons,CNS neurons,Telencephalon interneurons,Olfactory inhibitory neurons,Obin,0,0,0,0,0,0,0,0,0,0,0,0,0,0,0,371,0,0,0,0,0,0,0,2317.5471698113206,Tissue_OB
212,0,0,0,0,9,0,0,0,0,0,0,0,0,0,0,5,1,0,0,0,0,0,/Users/sten/build_20171205/L4_Diencephalon_Inhibitory.loom,Neurons,HYPEP8,7.323973386428193,212,nan,"Peptidergic neurons, hypothalamus",Diencephalon,96,Crabp1,Gnrh1 Gng8 Smim22 Acbd7 Fam92b A930003A15Rik,[ 1.  1.  1.  1.  1.  1.],[9 1 1 1 1 1],[ 0.   0.5  0.5  0.6  0.9],15,Glutamate (VGLUT2),0,0.0,Anteroventral periventricular continue along midline to Medial septal nucleus,Hypothalamus,0,0,0,0,0,0,0,0,0,0,0,0,0,0,0,0,0,0,0,0,0,0,0,0,0,0,0,0,0,0,0,0,0,0,0,0,0,0,0,0,0,0,0,0,0,0,1,0,0,0,0,0,0,0,0,0,0,0,0,0,0,0,0,0,0,0,0,0,0,2,2,2,0,0,0,0,0,0,3,0,0,0,0,0,0,0,0,0,0,0,0,0,0,0,0,0,0,0,0,0,0,0,0,0,0,0,0,0,0,0,0,0,0,4,1,0,0,0,0,0,0,0,0,0,0,0,0,0,0,0,0,9,5,0,0,0,0,0,0,1,0,0,0,Neurons,CNS neurons,"Cholinergic, monoaminergic and peptidergic neurons",Peptidergic neurons,Hpep,0,0,0,0,0,0,0,0,0,0,0,15,0,0,0,0,0,0,0,0,0,0,0,5157.266666666666,Tissue_Hypoth
213,0,0,0,0,2,0,0,11,0,0,5,0,1,0,1,43,24,0,37,13,0,0,/Users/sten/build_20171205/L4_Vascular.loom,Vascular,ABC,2.089136967298656,213,"Have Dcn,Gjb2,Ptgds. Lack Vtn,Cldn5,Lum,Col1a1 (neural crest origin is uncertain)",Vascular leptomeningeal cells,Neural crest,251,"Penk, Fign",Mgp Slc47a1 Dapl1 Lypd2 Thbd Foxc2,[ 1.  1.  1.  1.  1.  1.],[16  1  1  1  1  1],[ 0.   0.5  1.   1.   1. ],137,,11,0.0,Pia/meninges surface,CNS,30,4,0,0,7,0,1,0,0,0,0,0,0,0,6,1,0,0,0,1,0,0,0,0,0,0,0,1,0,0,0,5,2,7,7,0,0,0,0,0,1,0,0,2,1,0,0,0,0,0,0,0,0,0,0,0,0,0,0,0,0,0,0,0,0,0,4,4,0,0,0,0,0,0,0,0,0,2,0,0,0,0,0,0,0,0,0,0,0,0,0,0,0,0,0,0,0,0,0,1,1,1,1,0,0,0,2,1,0,0,1,1,0,0,0,26,16,0,0,0,0,0,0,0,0,0,0,0,0,0,0,10,1,50,0,0,0,0,34,14,28,0,0,Vascular cells,Vascular cells,Vascular cells,Vascular and leptomeningeal cells,Vlmc,2,0,3,2,0,9,8,0,0,0,0,0,42,0,2,29,6,0,34,0,0,0,0,4166.445255474453,Tissue_MBd
214,0,0,7,11,24,0,236,51,0,0,62,1,21,5,14,43,49,4,47,78,8,1,/Users/sten/build_20171205/L4_Vascular.loom,Vascular,VLMC2,2.0291289782091915,214,"Enriched in Crapbp2,Slc13a3,Ptgds,Slc13a4,Aldh1a2 (neural crest origin is uncertain)",Vascular leptomeningeal cells,Neural crest,252,"Rxfp1, Cbln4",Slc6a13 Ptgds Gjb2 Slc22a6 Aldh1a2 Slc6a20a,[ 1.  1.  1.  1.  1.  1.],[9 1 1 1 1 1],[ 0.   0.2  0.2  0.2  0.2],662,,12,0.0,Olfactory bulb-enriched,CNS,19,3,2,3,23,2,1,0,0,3,4,1,0,1,2,3,1,18,16,0,1,7,13,0,0,0,5,1,2,7,4,12,3,19,15,1,3,0,1,1,0,8,0,0,0,0,0,1,1,2,0,0,1,7,0,0,7,3,1,2,3,5,2,3,0,2,30,37,0,1,0,0,1,0,0,1,7,14,0,0,50,51,34,38,12,5,15,14,0,0,0,0,0,0,0,4,4,7,4,5,2,4,10,3,5,2,5,3,1,3,2,17,9,1,1,7,5,0,0,3,0,0,0,0,0,0,0,0,0,0,0,96,247,109,4,1,1,0,22,92,85,5,0,Vascular cells,Vascular cells,Vascular cells,Vascular and leptomeningeal cells,Vlmc,39,2,24,4,1,4,19,0,14,0,25,4,219,54,44,124,38,0,22,0,15,0,10,2787.9214501510573,Tissue_MBd
215,0,0,2,6,57,0,225,50,0,9,68,1,15,33,37,83,38,4,19,39,16,0,/Users/sten/build_20171205/L4_Vascular.loom,Vascular,VLMC1,1.8192573172279602,215,"Enriched in Lama1,Msc,Clo13a1,Col15a1 (neural crest origin is uncertain)",Vascular leptomeningeal cells,Neural crest,253,"Fn1, Htr1a",Dcn Fam180a Nupr1 Tbx18 Col1a1 Colec12,[ 1.  1.  1.  1.  1.  1.],[8 1 1 1 1 1],[ 0.  1.  1.  1.  1.],702,,10,0.0,CNS,CNS,15,7,3,0,1,5,3,4,3,2,7,7,0,1,7,3,2,42,18,1,1,5,8,5,9,8,11,5,1,13,18,6,7,3,4,7,2,8,7,0,2,14,9,4,4,4,6,0,2,2,0,0,0,2,0,1,4,1,1,3,6,6,5,3,1,6,3,4,0,9,4,3,3,6,12,6,4,3,4,3,28,40,14,20,18,29,14,17,2,1,2,2,0,2,0,1,2,3,1,3,1,3,4,0,0,0,0,0,0,0,3,5,3,4,8,0,2,8,7,22,24,0,0,0,0,0,0,0,0,0,0,74,200,121,4,1,0,0,22,164,92,24,0,Vascular cells,Vascular cells,Vascular cells,Vascular and leptomeningeal cells,Vlmc,29,2,13,10,0,17,18,0,6,0,16,52,164,116,26,15,40,10,22,21,33,0,92,1504.659544159544,Tissue_MBd
216,4,0,9,12,49,0,336,94,0,24,56,3,24,40,30,314,47,14,47,100,13,5,/Users/sten/build_20171205/L4_Vascular.loom,Vascular,VSMCA,0.07742356707817799,216,nan,"Vascular smooth muscle cells, arterial",Mesoderm,256,"Gucy1a3,Stard8",Acta2 Mustn1 Tagln Myh11 Map3k7cl Pln,[ 1.  1.  1.  1.  1.  1.],[3 1 1 1 1 1],[ 0.  1.  1.  1.  1.],1221,,8,0.0,CNS,CNS,39,23,0,4,4,0,0,17,18,1,3,9,1,3,9,6,3,17,11,0,0,14,9,9,5,13,13,3,1,14,12,8,10,16,4,16,11,6,5,3,4,9,8,0,3,5,1,3,8,3,2,0,3,9,0,2,2,5,5,11,16,23,21,11,1,12,8,10,0,2,5,8,6,2,6,9,4,0,2,5,38,54,26,32,13,27,18,17,4,5,4,3,2,6,0,5,5,6,3,11,4,10,17,0,4,2,4,1,2,2,4,12,10,17,22,52,59,41,35,30,36,4,0,0,0,0,0,0,0,0,0,91,286,449,14,3,5,1,62,143,125,38,4,Vascular cells,Vascular cells,Vascular cells,Vascular smooth muscle cells,Vsmc,57,14,8,0,3,15,27,0,11,0,27,76,289,168,86,42,106,26,62,49,36,4,115,1586.2538902538902,Tissue_MBd
217,0,1,1,3,15,0,113,16,0,5,10,2,8,20,18,8,17,3,12,45,1,0,/Users/sten/build_20171205/L4_Vascular.loom,Vascular,PER3,2.0110042780734503,217,merge with 5,Pericytes,Mesoderm,255,"Matn4,Cxcl14",Kcnj8 Anpep Vtn Cox4i2 P2ry14 Gper1,[ 1.  1.  1.  1.  1.  1.],[5 1 1 1 1 1],[ 0.  1.  1.  1.  1.],298,,7,0.0,CNS,CNS,7,11,0,2,3,0,0,1,10,0,1,0,0,2,13,0,1,6,2,1,3,1,3,6,5,6,3,13,0,4,1,1,2,3,6,1,6,4,2,0,0,0,0,2,2,1,0,1,0,2,0,0,0,1,0,0,2,0,1,11,17,8,8,0,0,0,13,10,0,1,0,0,2,0,1,0,5,6,0,0,17,10,5,9,4,5,1,5,1,0,1,0,2,1,0,0,0,0,0,0,1,1,1,0,0,0,0,0,0,0,1,0,0,0,0,3,1,3,1,0,0,0,0,0,0,0,0,0,1,0,0,38,56,65,3,2,0,0,19,48,54,13,0,Vascular cells,Vascular cells,Vascular cells,Vascular smooth muscle cells,Vsmc,2,1,24,4,0,19,4,0,3,0,6,2,53,19,37,35,26,5,18,22,6,0,12,1290.9362416107383,Tissue_MBd
218,0,0,1,1,0,0,19,14,0,18,30,0,5,0,3,5,3,0,3,5,1,1,/Users/sten/build_20171205/L4_Vascular.loom,Vascular,VECA,3.0965196206879946,218,"Have low Lum,Dcn,Igf2,Pdgfra. Might be mixed with VSM+VLMC.","Vascular endothelial cells, arterial",Mesoderm,254,"Fn1, Htr1a",Igf2 Sema3g Gkn3 Tbx18 Notch3 Prelp,[ 1.  1.  1.  1.  1.  1.],[13  1  1  1  1  1],[ 0.   0.1  0.1  0.1  0.1],109,,9,0.0,CNS,CNS,3,2,0,0,0,1,0,0,0,1,0,0,0,0,2,6,1,5,5,2,1,0,2,0,0,0,0,1,0,1,1,1,0,1,0,2,0,0,0,1,0,0,0,1,0,0,0,0,0,0,0,1,0,1,0,0,0,0,1,1,8,2,2,0,1,0,1,0,0,0,0,0,0,0,0,0,0,0,0,0,0,1,1,2,0,0,0,0,1,4,4,1,3,5,0,0,2,3,3,2,0,0,1,0,1,1,1,2,0,3,5,0,0,0,0,1,3,1,0,0,0,0,0,0,0,0,0,0,0,0,0,2,4,62,0,0,1,0,5,23,10,2,0,Vascular cells,Vascular cells,Vascular cells,Vascular smooth muscle cells,Vsmc,3,1,1,4,0,3,8,0,1,0,2,0,18,1,22,2,17,18,5,0,3,0,0,3048.9266055045873,Tissue_Medulla
219,0,0,0,7,69,0,170,31,0,71,10,0,30,23,7,27,17,0,7,18,1,0,/Users/sten/build_20171205/L4_Vascular.loom,Vascular,PER2,2.886962217607684,219,nan,"Pericytes, possibly mixed with VENC",Mesoderm,258,"Galntl6,Nrep",Ecscr Tbxa2r Cd93 Ctla2a Apln Abcc9,[ 1.  1.  1.  1.  1.  1.],[10  1  1  1  1  1],[ 0.   0.1  0.1  0.1  0.1],488,,4,0.0,CNS,CNS,1,0,0,1,5,1,1,2,0,0,0,1,0,0,10,4,5,0,1,10,13,2,5,5,9,2,7,1,0,2,4,5,6,0,1,14,10,8,8,0,2,9,10,3,0,2,0,0,0,0,0,0,0,0,0,8,7,0,0,0,1,0,2,0,0,0,7,7,1,15,6,8,7,1,6,6,2,6,4,7,14,23,15,17,16,12,15,7,13,14,8,16,15,5,0,0,0,0,0,0,0,0,0,0,0,0,0,0,0,0,0,0,0,1,2,4,3,4,1,8,4,0,0,0,0,0,0,0,0,0,0,83,122,105,0,0,0,0,1,53,84,40,0,Vascular cells,Vascular cells,Vascular cells,Pericytes,Vper,2,0,9,25,0,13,20,0,7,0,8,47,77,74,25,20,18,79,1,16,6,0,41,4898.297131147541,Tissue_SC
220,0,0,8,30,370,0,1157,162,0,884,318,11,244,122,149,415,234,71,169,334,23,24,/Users/sten/build_20171205/L4_Vascular.loom,Vascular,PER1,1.0000000001309672,220,merge with 5,Pericytes,Mesoderm,257,"Rorb,Thsd7a,Tmem145",Higd1b Degs2 Ndufa4l2 Rgs5 Flt1 Slco1a4,[ 1.  1.  1.  1.  1.  1.],[10  2  1  1  1  1],[ 0.   0.   0.6  0.6  0.6],4725,,6,0.0,CNS,CNS,124,65,18,15,12,64,33,18,14,9,5,9,3,11,64,64,82,78,85,59,66,61,55,20,19,37,46,21,2,74,52,62,50,17,8,33,23,13,17,3,3,46,39,38,53,6,0,36,21,14,6,7,11,8,0,94,18,7,5,123,158,93,65,16,6,22,46,50,9,43,17,31,69,22,62,60,11,8,13,25,72,85,51,77,74,70,79,30,42,141,178,160,207,156,0,0,0,0,0,2,0,2,3,2,1,2,0,1,2,0,1,6,3,13,13,53,46,49,56,94,82,0,0,0,0,0,0,0,0,0,0,510,573,1757,71,11,24,3,189,820,681,86,0,Vascular cells,Vascular cells,Vascular cells,Pericytes,Vper,73,73,42,222,11,169,258,0,26,0,149,179,547,443,353,133,199,978,189,71,138,0,472,3187.8590476190475,Tissue_SC
221,0,0,7,15,125,0,506,43,0,1227,64,4,123,59,61,54,134,39,93,201,10,15,/Users/sten/build_20171205/L4_Vascular.loom,Vascular,VECV,0.9999998048438339,221,nan,"Vascular endothelial cells, venous",Mesoderm,260,"Synpr,Oprk1",Ly6c1 Scgb3a1 Cldn5 Ly6a Pltp Pglyrp1,[ 1.  1.  1.  1.  1.  1.],[5 1 1 1 1 1],[ 0.  1.  1.  1.  1.],2780,,0,0.0,CNS,CNS,66,26,10,6,11,31,23,11,12,4,3,3,0,4,31,13,14,18,15,21,38,29,35,10,19,15,15,12,8,22,19,38,24,12,16,7,8,7,6,0,0,3,7,13,27,3,1,14,15,10,3,5,7,7,0,104,12,1,2,47,79,34,25,9,1,6,41,41,3,20,10,9,23,5,21,13,2,5,8,6,40,47,18,39,13,14,12,6,42,222,233,237,257,235,1,0,0,0,0,0,0,0,2,1,0,0,0,1,1,0,1,0,0,3,9,11,5,3,3,8,12,0,0,0,0,0,0,0,0,0,0,224,201,1481,39,4,15,0,92,279,417,28,0,Vascular cells,Vascular cells,Vascular cells,Vascular endothelial cells,Vend,23,37,27,113,7,81,89,1,19,0,80,75,193,61,146,121,77,1330,92,52,44,0,112,2811.8705035971225,Tissue_SC
222,0,0,11,15,173,0,315,50,0,132,51,1,38,40,47,59,43,0,6,39,5,0,/Users/sten/build_20171205/L4_Vascular.loom,Vascular,VECC,1.0649403816381042,222,Serpine1 is Plasminogen activator inhibitor-1,"Vascular endothelial cells, capillary",Mesoderm,259,"Sulf2,Deptor",Ecscr Gadd45a Meox1 Ctla2a Apln Adm,[ 1.  1.  1.  1.  1.  1.],[6 1 1 1 1 1],[ 0.  1.  1.  1.  1.],1025,,3,0.0,CNS,CNS,5,5,0,0,1,0,3,1,2,4,1,0,0,1,24,13,9,21,5,13,13,4,8,7,3,14,16,11,2,22,12,7,7,11,7,16,13,19,14,0,0,12,10,2,8,0,1,0,0,0,0,0,0,11,0,8,12,2,1,10,11,9,9,4,1,2,9,12,3,20,6,16,26,17,21,24,6,14,10,10,37,42,20,31,24,17,23,12,3,20,26,26,28,29,0,0,0,0,0,1,0,2,1,1,0,2,0,0,0,0,0,1,1,5,2,5,8,5,3,17,12,0,0,0,0,0,0,0,0,0,0,201,215,254,0,1,0,0,10,135,147,62,0,Vascular cells,Vascular cells,Vascular cells,Vascular endothelial cells,Vend,14,0,33,29,0,34,36,0,23,0,12,73,169,106,54,40,55,140,10,13,37,0,147,3093.7619512195124,Tissue_MBd
223,0,2,14,26,24,0,323,198,0,2,216,0,101,195,259,96,253,4,128,411,11,7,/Users/sten/build_20171205/L4_Immune.loom,Immune,MGL1,2.7701474710761786e-06,223,nan,Microglia,Mesoderm,265,"Col12a1,Stard5,Myl4",P2ry12 Ccr6 Gpr34 Trem2 Ctss Cd53,[ 1.  1.  1.  1.  1.  1.],[4 1 1 1 1 1],[ 0.   0.7  0.7  0.7  0.7],2270,,2,0.0,CNS,CNS,98,90,8,4,18,36,33,27,23,5,5,1,0,0,179,69,67,49,29,4,26,35,36,78,67,24,26,9,0,127,123,34,48,57,47,15,31,10,11,0,0,8,10,10,52,5,0,2,2,0,2,2,3,14,0,0,21,2,3,1,1,1,0,7,4,19,76,96,0,4,4,4,5,0,1,0,1,2,2,1,45,61,22,42,19,38,13,13,0,0,1,0,0,1,0,0,0,1,0,0,0,0,0,1,0,0,0,0,1,0,0,0,1,6,8,10,21,5,4,25,16,0,0,0,0,0,0,0,1,1,0,226,268,129,4,0,7,0,190,707,672,67,0,Immune cells,Immune cells,Immune cells,Microglia,Imgl,43,8,12,99,3,241,218,0,35,0,83,35,279,110,50,294,23,2,188,195,255,0,97,1388.419383259912,Tissue_OB
224,0,4,20,51,133,0,336,60,0,202,102,1,217,97,98,94,76,2,43,274,6,4,/Users/sten/build_20171205/L4_Immune.loom,Immune,MGL2,3.456079866737127e-11,224,nan,"Microglia, activated",Mesoderm,264,"Syt6,Foxp2",Tmem119 Casp8 Selplg Csf1r Ctss Cx3cr1,[ 1.  1.  1.  1.  1.  1.],[5 1 1 1 1 1],[ 0.  1.  1.  1.  1.],1820,,3,0.0,CNS,CNS,14,5,13,13,3,18,12,8,6,4,2,0,0,1,38,28,39,12,19,13,52,72,80,30,38,10,19,1,1,44,52,14,9,14,14,0,3,12,9,1,0,9,10,4,16,5,0,2,0,0,1,1,2,20,0,11,36,9,6,1,5,6,8,54,16,51,38,66,3,46,11,19,15,2,9,9,0,1,5,13,49,57,38,36,29,36,26,10,0,35,38,39,45,45,0,0,0,0,0,0,0,1,1,1,0,1,0,0,2,0,0,3,3,9,14,11,8,2,5,17,22,0,0,0,0,0,3,0,1,0,0,358,310,364,2,1,4,0,23,314,420,24,0,Immune cells,Immune cells,Immune cells,Microglia,Imgl,135,4,3,95,2,58,90,0,56,0,178,128,230,127,12,135,39,213,19,82,111,0,103,1619.5543956043955,Tissue_MBd
225,0,1,6,16,99,0,268,11,0,395,49,5,28,95,70,83,41,9,33,117,5,4,/Users/sten/build_20171205/L4_Immune.loom,Immune,MGL3,1.9999999999745341,225,nan,"Microglia, activated",Mesoderm,263,"Cplx3,Tle4",Ccl4 Tnf Ccl3 Ccrl2 Bcl2a1b Cd14,[ 1.  1.  1.  1.  1.  1.],[5 1 1 1 1 1],[ 0.   0.2  0.2  0.2  0.2],1335,,4,0.0,CNS,CNS,5,6,9,7,12,9,7,3,13,4,0,1,0,5,3,12,7,17,12,1,4,11,12,26,18,19,32,7,3,33,27,7,7,9,8,0,2,6,7,0,1,4,2,2,8,0,0,3,4,2,2,2,0,6,0,57,11,2,3,15,19,30,32,18,5,27,15,14,4,21,14,9,12,5,12,11,2,1,6,2,20,21,12,15,9,11,9,3,2,66,76,78,90,83,0,0,0,0,0,0,1,0,0,0,0,0,0,0,0,1,0,2,2,18,18,9,12,5,3,6,8,0,0,0,0,0,0,0,0,0,1,178,140,558,9,5,4,0,12,195,219,15,0,Immune cells,Immune cells,Immune cells,Microglia,Imgl,59,11,13,21,0,15,33,0,17,0,39,93,118,46,41,58,77,452,11,60,65,0,106,1870.4831460674156,Tissue_SC
226,0,1,8,9,58,0,120,45,0,27,38,1,29,14,33,62,70,0,32,84,8,0,/Users/sten/build_20171205/L4_Immune.loom,Immune,PVM2,8.408278517890722e-10,226,nan,"Perivascular macrophages, activated",Mesoderm,262,"Bmp3,Sulf1",Pf4 Cxcl2 Lyz2 Ccl7 Mrc1 Cd209f,[ 1.  1.  1.  1.  1.  1.],[5 1 1 1 1 1],[ 0.   0.1  0.1  0.1  0.1],639,,0,0.0,CNS,CNS,15,8,5,4,8,2,5,4,5,3,3,2,0,1,9,11,3,7,12,5,4,9,11,5,3,2,4,1,1,12,19,14,16,18,9,2,2,3,2,1,0,5,11,5,4,3,1,0,0,0,0,0,0,8,0,1,5,3,1,2,1,3,2,17,1,9,15,18,1,7,4,5,11,8,5,4,1,3,3,6,27,19,13,20,9,6,5,3,2,5,5,1,5,9,0,2,1,2,2,2,1,3,6,0,0,1,0,1,0,2,1,7,4,3,5,16,17,1,3,4,2,0,0,0,0,0,1,0,0,0,0,118,121,119,0,1,0,0,24,129,118,9,0,Immune cells,Immune cells,Immune cells,Perivascular macrophages,Ipvm,45,0,6,16,0,18,44,0,13,0,29,41,131,43,16,68,26,28,23,17,35,0,40,1631.6697965571204,Tissue_MBd
227,0,0,2,13,72,0,298,204,0,14,149,3,71,41,40,243,62,19,36,97,14,12,/Users/sten/build_20171205/L4_Immune.loom,Immune,PVM1,0.999582483069989,227,nan,Perivascular macrophages,Mesoderm,261,"Hs3st2,Penk",Pf4 Cd74 Lyz2 Ms4a7 Ccl24 F13a1,[ 1.  1.  1.  1.  1.  1.],[3 1 1 1 1 1],[ 0.  1.  1.  1.  1.],1390,,1,0.0,CNS,CNS,21,13,6,4,5,5,9,14,14,5,1,8,0,3,26,14,12,27,20,15,12,21,23,6,8,11,16,3,0,14,23,11,13,5,8,11,11,6,7,5,6,31,23,5,7,4,9,2,10,7,1,4,7,2,0,1,5,5,3,4,8,5,2,5,2,7,21,7,1,13,3,7,12,9,3,5,6,3,5,5,28,28,21,26,28,27,35,50,4,2,1,3,2,2,0,13,14,13,10,16,9,14,24,2,6,4,4,18,13,11,18,20,12,13,19,28,34,26,22,38,31,0,0,0,0,0,0,0,0,0,0,114,307,416,19,3,12,0,34,260,190,35,0,Immune cells,Immune cells,Immune cells,Perivascular macrophages,Ipvm,63,17,12,41,7,45,50,0,7,0,54,87,212,242,103,46,143,15,34,42,45,0,125,1621.0640287769784,Tissue_MBv
228,0,0,0,0,0,0,36,0,0,11,0,0,0,0,0,0,0,0,0,0,0,0,/Users/sten/build_20171205/L4_PeripheralGlia.loom,PeripheralGlia,SCHW,3.5289467003217077,228,"Probably making myelin, Pllp,Utg8a",Schwann cells,Neural crest,240,Prox1,Mpz Ncmap Prx Cldn19 Fam178b Sbspon,[ 1.  1.  1.  1.  1.  1.],[7 1 1 1 1 1],[ 0.   0.1  1.   1.   1. ],47,,9,0.0,Dorsal root ganglion,Dorsal root ganglion,0,0,0,0,0,0,0,0,0,0,0,0,0,0,0,0,0,0,0,0,0,0,0,0,0,0,0,0,0,0,0,0,0,0,0,0,0,0,0,0,0,0,0,0,0,0,0,0,0,0,0,0,0,0,36,0,0,0,0,0,0,0,0,0,0,0,0,0,0,0,0,0,0,0,0,0,0,0,0,0,0,0,0,0,0,0,0,0,0,0,0,0,0,0,11,0,0,0,0,0,0,0,0,0,0,0,0,0,0,0,0,0,0,0,0,0,0,0,0,0,0,0,0,0,0,0,0,0,0,0,0,11,0,0,0,0,0,0,0,0,36,0,0,Glia,Neural crest-like glia,Neural crest-like glia,Schwann cells,Gsch,0,0,0,0,0,0,0,47,0,0,0,0,0,0,0,0,0,0,0,0,0,0,0,3738.468085106383,Tissue_DRG
229,0,0,0,0,0,0,466,0,0,188,0,0,0,0,0,0,0,0,0,0,0,0,/Users/sten/build_20171205/L4_PeripheralGlia.loom,PeripheralGlia,SATG2,1.9999898241391787,229,nan,Satellite glia,Neural crest,241,"Fxyd7,Igfbpl1",Fbln2 Ceacam10 Tyrp1 Prss35 Dhh Fbln5,[ 1.  1.  1.  1.  1.  1.],[6 1 1 1 1 1],[ 0.  1.  1.  1.  1.],654,,8,0.0,"Dorsal root ganglion,Sympathetic ganglion","Dorsal root ganglion,Sympathetic ganglion",0,0,0,0,0,0,0,0,0,0,0,0,0,0,0,0,0,0,0,0,0,0,0,0,0,0,0,0,0,0,0,0,0,0,0,0,0,0,0,0,0,0,0,0,0,0,0,0,0,0,0,0,0,0,466,0,0,0,0,0,0,0,0,0,0,0,0,0,0,0,0,0,0,0,0,0,0,0,0,0,0,0,0,0,0,0,0,0,0,0,0,0,0,0,188,0,0,0,0,0,0,0,0,0,0,0,0,0,0,0,0,0,0,0,0,0,0,0,0,0,0,0,0,0,0,0,0,0,0,0,0,188,0,0,0,0,0,0,0,0,466,0,0,Glia,Neural crest-like glia,Neural crest-like glia,Satellite glia,Gsat,0,0,0,0,0,0,0,654,0,0,0,0,0,0,0,0,0,0,0,0,0,0,0,3454.2584097859326,Tissue_DRG
230,3,0,0,0,0,0,22,0,0,5,0,0,0,0,0,0,0,0,0,0,0,0,/Users/sten/build_20171205/L4_PeripheralGlia.loom,PeripheralGlia,SATG1,5.697236291247833,230,nan,"Satellite glia, proliferating",Neural crest,242,"Nrp2,Cd109",Cdc20 Tex40 Cdk1 Pbk Birc5 Fam64a,[ 1.  1.  1.  1.  1.  1.],[8 1 1 1 1 1],[ 0.   0.1  0.1  0.1  0.1],30,,1,0.0,Dorsal root ganglion,Dorsal root ganglion,0,0,0,0,0,0,0,0,0,0,0,0,0,0,0,0,0,0,0,0,0,0,0,0,0,0,0,0,0,0,0,0,0,0,0,0,0,0,0,0,0,0,0,0,0,0,0,0,0,0,0,0,0,0,22,0,0,0,0,0,0,0,0,0,0,0,0,0,0,0,0,0,0,0,0,0,0,0,0,0,0,0,0,0,0,0,0,0,0,0,0,0,0,0,5,0,0,0,0,0,0,0,0,0,0,0,0,0,0,0,0,0,0,0,0,0,0,0,0,0,0,3,0,0,0,0,0,0,0,0,0,5,0,0,0,0,0,0,0,0,22,0,3,Glia,Neural crest-like glia,Neural crest-like glia,Satellite glia,Gsat,0,0,0,0,0,0,0,27,0,0,0,0,0,0,0,0,0,0,0,0,0,3,0,3806.8,Tissue_DRG
231,0,0,0,0,476,0,0,22,0,0,0,0,0,0,423,0,0,0,0,0,0,0,/Users/sten/build_20171205/L4_Astrocytes.loom,Astrocytes,ACBG,0.7232701464245632,231,nan,Bergmann glia,Rhombencephalon,237,"Adora2a,Penk and dissection region",Gdf10 Timp4 Id4 A2m Dao Slc1a3,[ 1.  1.  1.  1.  1.  1.],[5 1 1 1 1 1],[ 0.  1.  1.  1.  1.],921,,11,0.0,Cerebellum,Cerebellum,0,0,0,0,0,0,0,0,0,0,0,0,0,0,0,0,0,0,0,0,0,0,0,0,0,0,0,365,58,0,0,0,0,0,0,0,0,0,0,0,0,10,7,0,0,0,0,0,0,0,0,0,0,0,0,0,0,0,0,0,0,0,0,0,0,0,0,0,0,0,0,0,0,0,0,0,224,252,0,0,0,0,0,0,0,0,0,0,0,0,0,0,0,0,0,2,2,1,0,0,0,0,0,0,0,0,0,0,0,0,0,0,0,0,0,0,0,0,0,0,0,0,0,0,0,0,0,0,0,0,0,476,0,5,0,0,0,0,0,440,0,0,0,Glia,CNS glia,Astroependymal cells,Astrocytes,Gast,0,0,899,0,0,0,0,0,0,0,0,0,0,17,5,0,0,0,0,0,0,0,0,1617.641693811075,Tissue_CB
232,0,0,0,0,0,0,2,0,0,0,1,0,3,0,3,0,380,3,149,897,0,0,/Users/sten/build_20171205/L4_Astrocytes.loom,Astrocytes,ACOB,1.9704023821632086,232,nan,Olfactory astrocytes,Telencephalon,233,"Tph1,Fabp7",Islr Slc6a11 Gldc Slc13a3 Igfbp2 Slc1a3,[ 1.  1.  1.  1.  1.  1.],[4 1 1 1 1 1],[ 0.   0.1  0.1  0.1  0.1],1438,,4,0.0,Olfactory bulb periglomerular layer,Olfactory bulb,0,0,0,0,149,0,2,0,0,0,0,0,0,0,0,0,1,0,0,0,0,0,3,0,0,0,0,0,0,1,2,1,0,197,182,0,0,0,0,0,0,0,0,0,0,0,0,1,2,0,0,0,0,0,0,0,0,0,0,0,0,0,0,1,0,3,464,427,0,0,0,0,0,0,0,0,0,0,0,0,0,1,0,1,0,0,0,0,0,0,0,0,0,0,0,0,0,0,0,0,0,0,0,0,0,0,0,0,0,0,0,0,0,0,0,0,0,0,0,0,0,0,0,0,0,0,0,0,0,0,0,895,2,0,3,0,0,0,0,155,383,0,0,Glia,CNS glia,Astroependymal cells,Astrocytes,Gast,4,3,0,2,0,0,2,0,0,0,3,0,2,0,0,1419,0,0,0,0,3,0,0,1961.8699582753825,Tissue_OB
233,0,0,79,121,8,0,2,48,0,0,236,0,762,89,113,21,320,54,631,385,78,27,/Users/sten/build_20171205/L4_Astrocytes.loom,Astrocytes,ACTE1,0.030889657858610864,233,nan,"Telencephalon astrocytes, fibrous",Telencephalon,231,"Emx1,Tac2",Fam107a Cbs Mlc1 Ntsr2 Clu 2900052N01Rik,[ 1.  1.  1.  1.  1.  1.],[4 1 1 1 1 1],[ 0.  1.  1.  1.  1.],2974,,5,0.0,Telencephalon,Telencephalon,79,58,257,285,10,53,44,43,31,37,41,0,3,0,46,128,108,0,0,16,17,356,370,30,35,11,13,0,0,62,51,131,118,22,18,0,0,0,0,0,2,0,0,11,18,2,0,16,16,22,13,12,2,79,0,0,105,4,12,0,0,0,0,29,6,40,40,41,2,4,1,1,0,0,0,0,0,0,0,0,0,0,0,0,0,0,0,2,0,0,0,0,0,0,0,0,0,0,0,0,0,0,0,0,0,0,0,0,0,0,0,5,3,1,1,0,0,1,0,6,4,0,0,0,0,0,0,0,0,0,0,164,12,211,54,0,27,3,137,1105,1261,0,0,Glia,CNS glia,Astroependymal cells,Astrocytes,Gast,163,60,0,130,2,97,485,0,184,0,1268,12,0,3,0,131,0,0,137,139,129,0,34,1745.5763281775387,Tissue_HC
234,0,0,11,34,19,0,4,506,0,0,791,0,624,301,385,14,983,22,23,241,7,8,/Users/sten/build_20171205/L4_Astrocytes.loom,Astrocytes,ACTE2,-7.275957614183426e-12,234,nan,"Telencephalon astrocytes, protoplasmic",Telencephalon,232,"Gal,Prox1",Ppp1r3g Gm11627 Mfge8 Cldn10 S1pr1 Fjx1,[ 1.  1.  1.  1.  1.  1.],[3 1 1 1 1 1],[ 0.  1.  1.  1.  1.],3973,,6,0.0,Telencephalon,Telencephalon,3,1,3,16,1,15,3,9,1,3,4,0,0,0,501,392,397,0,2,163,248,105,108,144,156,1,0,0,0,211,174,245,310,72,62,0,0,0,0,3,1,1,0,135,152,7,0,3,10,9,0,1,7,11,0,0,19,8,7,0,0,0,0,31,19,54,51,57,0,4,4,4,2,1,0,0,0,0,3,1,1,1,0,1,0,0,0,1,0,0,0,0,0,0,0,0,0,0,0,0,0,0,0,0,0,0,0,0,0,0,0,6,4,1,1,0,0,0,0,1,1,0,0,0,0,0,0,0,0,0,0,231,16,47,22,0,8,0,4,1523,2122,0,0,Glia,CNS glia,Astroependymal cells,Astrocytes,Gast,125,14,0,429,7,797,1344,0,30,0,232,25,5,2,0,243,0,0,4,310,400,0,6,1359.4646362949911,Tissue_Ctx3
235,0,7,0,27,337,0,4044,201,0,424,276,7,12,260,95,704,161,1,1,33,52,0,/Users/sten/build_20171205/L4_Astrocytes.loom,Astrocytes,ACNT1,7.094492714410094e-07,235,nan,"Non-telencephalon astrocytes, protoplasmic","Diencephalon,Mesencephalon,Rhombencephalon,Spinal cord",234,"Gng2,Tnnt1",Slc7a10 Mfsd2a Fgfr3 Cldn10 Gjb6 Htra1,[ 1.  1.  1.  1.  1.  1.],[2 1 1 1 1 1],[ 0.  1.  1.  1.  1.],6642,,9,0.0,Non-telencephalon,"Hypothalamus,Thalamus,Midbrain dorsal,Midbrain ventral,Pons,Medulla,Spinal cord",0,1,0,0,1,0,0,0,0,1,2,49,0,7,0,0,1,140,119,0,0,5,7,9,17,110,124,20,3,39,33,0,0,2,2,108,106,106,96,14,9,92,66,5,0,69,83,0,0,1,0,0,0,0,0,54,0,16,11,400,377,221,229,10,5,15,0,2,0,26,20,17,50,41,60,30,36,16,15,26,418,486,331,347,133,232,158,242,129,84,53,46,70,42,0,0,0,1,2,3,1,6,7,5,4,2,2,0,2,0,1,14,11,84,66,84,81,59,62,118,125,0,0,0,0,0,7,0,0,0,0,369,2522,2243,1,7,0,0,8,694,382,416,0,Glia,CNS glia,Astroependymal cells,Astrocytes,Gast,81,0,75,0,0,6,1,0,0,0,12,462,2006,1044,1014,7,672,478,1,26,99,0,658,1137.4799759108703,Tissue_MBd
236,0,3,0,3,321,0,1148,100,0,196,182,1,0,40,14,444,63,0,1,25,27,0,/Users/sten/build_20171205/L4_Astrocytes.loom,Astrocytes,ACNT2,2.0020285549433168,236,nan,"Non-telencephalon astrocytes, fibrous","Diencephalon,Mesencephalon,Rhombencephalon,Spinal cord",235,"Foxp2,Tshz1Rbp1,Casz1",Agt Apoc1 Igsf1 Itih3 Slc25a18 Sfxn5,[ 1.  1.  1.  1.  1.  1.],[3 1 1 1 1 1],[ 0.   0.3  0.3  0.3  0.3],2568,,8,0.0,Non-telencephalon,"Hypothalamus,Thalamus,Midbrain dorsal,Midbrain ventral,Pons,Medulla,Spinal cord",0,0,0,1,0,0,0,0,0,1,1,25,0,1,0,0,1,92,69,0,0,0,0,4,5,16,15,3,0,7,4,0,0,0,0,19,20,16,20,0,1,41,43,0,0,52,11,0,0,0,0,0,0,0,0,24,0,2,1,33,30,14,8,9,4,12,0,0,14,68,32,50,28,7,24,20,1,1,37,39,122,149,99,120,147,136,134,57,40,39,32,22,41,22,0,2,1,1,1,0,1,5,4,7,4,3,2,1,0,0,3,2,3,52,58,61,58,49,51,53,57,0,0,0,0,0,3,0,0,0,0,346,1079,648,0,1,0,0,3,325,91,75,0,Glia,CNS glia,Astroependymal cells,Astrocytes,Gast,33,0,5,0,0,0,1,0,0,0,1,441,770,658,124,0,72,220,0,9,14,0,220,1417.4139408099688,Tissue_MBd
237,0,1,0,2,29,0,454,17,0,5,61,4,1,19,12,225,3,0,5,17,6,0,/Users/sten/build_20171205/L4_Astrocytes.loom,Astrocytes,ACMB,0.9340005023817163,237,nan,Dorsal midbrain Myoc-expressing astrocyte-like,Mesencephalon,236,"Drd1,Tac1 and dissection region",Myoc Gfap Slc36a2 Aqp4 C4b Padi2,[ 1.  1.  1.  1.  1.  1.],[4 1 1 1 1 1],[ 0.   0.9  1.   1.   1. ],861,,12,0.0,Dorsal midbrain,Midbrain dorsal,0,0,2,3,0,0,0,0,0,2,1,3,0,4,1,0,0,25,32,0,0,1,0,1,0,9,9,2,1,5,4,0,0,0,0,9,5,1,3,1,3,2,6,1,0,2,0,0,0,0,0,0,0,0,0,2,2,0,0,4,4,0,2,9,2,6,0,0,0,4,6,7,1,0,0,1,0,0,3,7,127,97,68,106,6,11,6,3,0,2,1,2,0,0,0,1,1,0,0,0,0,1,1,0,0,3,0,0,0,0,1,1,0,0,1,95,109,10,7,1,1,0,0,0,0,0,1,0,0,0,0,46,426,248,0,4,0,0,1,89,29,18,0,Glia,CNS glia,Astroependymal cells,Astrocytes,Gast,25,0,3,0,0,2,0,0,2,0,6,34,659,51,31,0,9,7,0,1,9,0,22,2074.7351916376306,Tissue_MBd
238,0,0,0,15,22,0,114,76,0,1,196,9,12,64,52,105,21,0,8,74,4,1,/Users/sten/build_20171205/L4_Ependymal.loom,Ependymal,EPEN,4.048887548581771,238,nan,Ependymal cells,CNS,227,"Amigo2,Id3",Ccdc153 Krt15 Tmem212 Hdc 2410004P03Rik Nuf2,[ 1.  1.  1.  1.  1.  1.],[7 1 1 1 1 1],[ 0.   0.1  0.8  0.9  0.9],774,,1,0.0,Brain,Brain,0,0,6,2,0,0,0,21,26,0,1,3,0,9,0,0,0,8,8,0,0,5,7,11,9,18,26,0,0,32,20,0,0,0,0,5,10,4,2,1,0,4,4,0,0,15,6,0,0,0,0,1,0,0,0,0,0,7,8,6,13,4,4,12,7,8,0,0,0,0,1,2,7,2,3,1,0,0,2,4,10,15,5,9,10,8,8,1,0,0,0,0,0,1,0,10,12,9,5,9,5,5,12,30,25,37,28,16,10,22,12,0,0,4,5,31,28,12,10,5,10,0,0,0,0,0,0,0,0,0,0,49,75,386,0,9,1,0,0,153,80,21,0,Glia,CNS glia,Astroependymal cells,Ependymal cells,Gepe,29,1,0,0,0,0,0,0,0,0,20,42,114,57,199,0,105,1,0,67,67,0,72,3741.939276485788,Tissue_Medulla
239,0,0,0,0,1,0,15,0,0,393,0,1,0,1,0,3,0,0,0,0,0,0,/Users/sten/build_20171205/L4_Ependymal.loom,Ependymal,EPSC,1.4396184704215904,239,"low Aqp4, many immidate early genes","Ependymal cells, spinal cord",CNS,226,Ntng1,1500015O10Rik Slc26a3 1700012B09Rik Dynlrb2 Rsph1 1700007K13Rik,[ 1.  1.  1.  1.  1.  1.],[16  1  1  1  1  1],[ 0.   0.7  1.   1.   1. ],414,,4,0.0,Spinal cord,Spinal cord,0,0,0,0,0,0,0,0,0,0,0,0,0,1,0,0,0,0,0,0,0,0,0,0,0,1,0,0,0,0,0,0,0,0,0,0,0,0,0,0,0,0,0,0,0,0,0,0,0,0,0,0,0,0,0,13,0,0,0,1,0,0,1,0,0,0,0,0,0,0,0,0,0,0,0,0,1,0,0,0,0,0,0,0,0,0,0,0,51,63,60,70,71,78,0,0,0,0,0,0,0,0,0,0,0,0,0,0,0,0,0,0,0,1,0,1,0,1,0,0,0,0,0,0,0,0,0,0,0,0,0,1,1,397,0,1,0,0,0,0,14,0,0,Glia,CNS glia,Astroependymal cells,Ependymal cells,Gepe,0,0,1,0,0,0,0,0,0,0,0,1,1,1,2,0,1,406,0,0,0,0,1,3603.5386473429953,Tissue_SC
240,0,1,0,0,1,0,34,139,0,0,212,11,0,24,0,27,0,0,0,8,1,0,/Users/sten/build_20171205/L4_Ependymal.loom,Ependymal,CHOR,3.2858670193062496,240,nan,Chorid plexus epithelial cells,CNS,224,"Cartpt,Id2,Kcnip2",Ttr Folr1 Clic6 Kl Slc4a5 Kcne2,[ 1.  1.  1.  1.  1.  1.],[12  1  1  1  1  1],[ 0.  1.  1.  1.  1.],458,,0,0.0,"Medulla,Thalamus","Medulla,Thalamus",0,0,0,0,0,0,0,0,0,0,1,0,0,11,0,0,0,0,0,0,0,0,0,0,0,19,5,0,0,0,0,0,0,0,0,11,7,0,0,0,1,0,0,0,0,0,0,0,0,0,0,0,0,0,0,0,0,0,0,6,5,1,4,2,0,6,0,0,0,0,1,0,0,0,0,0,0,0,0,0,0,0,0,0,0,0,0,0,0,0,0,0,0,0,0,36,38,25,28,2,2,6,1,42,57,46,43,9,8,4,3,0,0,3,1,0,0,0,0,15,8,0,0,0,0,0,0,0,0,0,1,9,4,389,0,11,0,0,1,1,25,18,0,Glia,CNS glia,Astroependymal cells,Choroid epithelial cells,Gcho,10,0,0,0,0,0,0,0,0,0,0,5,0,0,355,0,40,0,0,0,0,0,48,4494.777292576419,Tissue_Medulla
241,409,0,0,0,0,0,0,0,0,0,0,0,0,0,0,0,0,0,0,0,0,0,/Users/sten/build_20171205/L4_Sympathetic_Neurons.loom,Neurons,SYNOR3,4.0000168788840975,241,correspont to NA3 in Furlan et al 2016.,"Noradrenergic neurons, sympathetic",Neural crest,193,"Pmch, Cartp",Slc6a2 Arhgap36 Sctr Tspan8 Gpat2 Hcrtr1,[ 1.  1.  1.  1.  1.  1.],[25  1  1  1  1  1],[ 0.   0.4  0.4  0.4  0.4],409,Noradrenaline,0,0.0,Sympathetic ganglion,Sympathetic ganglion,0,0,0,0,0,0,0,0,0,0,0,0,0,0,0,0,0,0,0,0,0,0,0,0,0,0,0,0,0,0,0,0,0,0,0,0,0,0,0,0,0,0,0,0,0,0,0,0,0,0,0,0,0,0,0,0,0,0,0,0,0,0,0,0,0,0,0,0,0,0,0,0,0,0,0,0,0,0,0,0,0,0,0,0,0,0,0,0,0,0,0,0,0,0,0,0,0,0,0,0,0,0,0,0,0,0,0,0,0,0,0,0,0,0,0,0,0,0,0,0,0,409,0,0,0,0,0,0,0,0,0,0,0,0,0,0,0,0,0,0,0,0,409,Neurons,PNS neurons,Sympathetic neurons,Sympathetic noradrenergic neurons,Syno,0,0,0,0,0,0,0,0,0,0,0,0,0,0,0,0,0,0,0,0,0,409,0,15997.889975550122,Tissue_Sympath
242,62,0,0,0,0,0,0,0,0,0,0,0,0,0,0,0,0,0,0,0,0,0,/Users/sten/build_20171205/L4_Sympathetic_Neurons.loom,Neurons,SYNOR2,5.772205098424048,242,correspont to NA1 in Furlan et al 2016.,"Noradrenergic neurons, sympathetic",Neural crest,192,Hcrt,Dbh Pi16 Hand1 Arg1 Fst Hand2,[ 1.  1.  1.  1.  1.  1.],[23  1  1  1  1  1],[ 0.   0.1  0.1  0.1  0.1],62,Noradrenaline,1,0.0,Sympathetic ganglion,Sympathetic ganglion,0,0,0,0,0,0,0,0,0,0,0,0,0,0,0,0,0,0,0,0,0,0,0,0,0,0,0,0,0,0,0,0,0,0,0,0,0,0,0,0,0,0,0,0,0,0,0,0,0,0,0,0,0,0,0,0,0,0,0,0,0,0,0,0,0,0,0,0,0,0,0,0,0,0,0,0,0,0,0,0,0,0,0,0,0,0,0,0,0,0,0,0,0,0,0,0,0,0,0,0,0,0,0,0,0,0,0,0,0,0,0,0,0,0,0,0,0,0,0,0,0,62,0,0,0,0,0,0,0,0,0,0,0,0,0,0,0,0,0,0,0,0,62,Neurons,PNS neurons,Sympathetic neurons,Sympathetic noradrenergic neurons,Syno,0,0,0,0,0,0,0,0,0,0,0,0,0,0,0,0,0,0,0,0,0,62,0,14111.016129032258,Tissue_Sympath
243,97,0,0,0,0,0,0,0,0,0,0,0,0,0,0,0,0,0,0,0,0,0,/Users/sten/build_20171205/L4_Sympathetic_Neurons.loom,Neurons,SYNOR1,4.5119686664289995,243,correspont to NA2 in Furlan et al 2016.,Noradrenergic erector muscle neurons,Neural crest,191,"Slc17a8,Sncg",Dbh Procr Ntrk1 Htr3b Gnb3 Tlx2,[ 1.  1.  1.  1.  1.  1.],[19  1  1  1  1  1],[ 0.   0.6  0.6  0.6  0.6],97,Noradrenaline,2,0.0,Sympathetic ganglion,Sympathetic ganglion,0,0,0,0,0,0,0,0,0,0,0,0,0,0,0,0,0,0,0,0,0,0,0,0,0,0,0,0,0,0,0,0,0,0,0,0,0,0,0,0,0,0,0,0,0,0,0,0,0,0,0,0,0,0,0,0,0,0,0,0,0,0,0,0,0,0,0,0,0,0,0,0,0,0,0,0,0,0,0,0,0,0,0,0,0,0,0,0,0,0,0,0,0,0,0,0,0,0,0,0,0,0,0,0,0,0,0,0,0,0,0,0,0,0,0,0,0,0,0,0,0,97,0,0,0,0,0,0,0,0,0,0,0,0,0,0,0,0,0,0,0,0,97,Neurons,PNS neurons,Sympathetic neurons,Sympathetic noradrenergic neurons,Syno,0,0,0,0,0,0,0,0,0,0,0,0,0,0,0,0,0,0,0,0,0,97,0,14641.061855670103,Tissue_Sympath
244,182,0,0,0,0,0,0,0,0,0,0,0,0,0,0,0,0,0,0,0,0,0,/Users/sten/build_20171205/L4_Sympathetic_Neurons.loom,Neurons,SYNOR4,5.986213353191912,244,"correspont to NA4,5 in Furlan et al 2016.",Noradrenergic erector muscle neurons,Neural crest,194,"Dbh,Pirt",Slc6a2 Fbp2 Ntrk1 Edn3 Gnb3 Chrna3,[ 1.  1.  1.  1.  1.  1.],[24  1  1  1  1  1],[ 0.   0.3  0.3  0.3  0.3],182,Noradrenaline,3,0.0,Sympathetic ganglion,Sympathetic ganglion,0,0,0,0,0,0,0,0,0,0,0,0,0,0,0,0,0,0,0,0,0,0,0,0,0,0,0,0,0,0,0,0,0,0,0,0,0,0,0,0,0,0,0,0,0,0,0,0,0,0,0,0,0,0,0,0,0,0,0,0,0,0,0,0,0,0,0,0,0,0,0,0,0,0,0,0,0,0,0,0,0,0,0,0,0,0,0,0,0,0,0,0,0,0,0,0,0,0,0,0,0,0,0,0,0,0,0,0,0,0,0,0,0,0,0,0,0,0,0,0,0,182,0,0,0,0,0,0,0,0,0,0,0,0,0,0,0,0,0,0,0,0,182,Neurons,PNS neurons,Sympathetic neurons,Sympathetic noradrenergic neurons,Syno,0,0,0,0,0,0,0,0,0,0,0,0,0,0,0,0,0,0,0,0,0,182,0,19260.81868131868,Tissue_Sympath
245,46,0,0,0,0,0,0,0,0,0,0,0,0,0,0,0,0,0,0,0,0,0,/Users/sten/build_20171205/L4_Sympathetic_Neurons.loom,Neurons,SYNOR5,6.36471725896365,245,"correspont to NA4,5 in Furlan et al 2016.",Noradrenergic erector muscle neurons,Neural crest,195,"Pnmt,Npy,Tfap2b",Areg Ltk Omp Htr3b Colq Chrna3,[ 1.  1.  1.  1.  1.  1.],[17  1  1  1  1  1],[ 0.   0.3  0.3  0.4  0.9],46,Noradrenaline,4,0.0,Sympathetic ganglion,Sympathetic ganglion,0,0,0,0,0,0,0,0,0,0,0,0,0,0,0,0,0,0,0,0,0,0,0,0,0,0,0,0,0,0,0,0,0,0,0,0,0,0,0,0,0,0,0,0,0,0,0,0,0,0,0,0,0,0,0,0,0,0,0,0,0,0,0,0,0,0,0,0,0,0,0,0,0,0,0,0,0,0,0,0,0,0,0,0,0,0,0,0,0,0,0,0,0,0,0,0,0,0,0,0,0,0,0,0,0,0,0,0,0,0,0,0,0,0,0,0,0,0,0,0,0,46,0,0,0,0,0,0,0,0,0,0,0,0,0,0,0,0,0,0,0,0,46,Neurons,PNS neurons,Sympathetic neurons,Sympathetic noradrenergic neurons,Syno,0,0,0,0,0,0,0,0,0,0,0,0,0,0,0,0,0,0,0,0,0,46,0,10175.565217391304,Tissue_Sympath
246,75,0,0,0,0,0,0,0,0,0,0,0,0,0,0,0,0,0,0,0,0,0,/Users/sten/build_20171205/L4_Sympathetic_Neurons.loom,Neurons,SYCHO2,7.098377338007503,246,correspont to Ach2 in Furlan et al 2016.,"Cholinergic neurons, sympathetic",Neural crest,196,"Chat,Prph",Areg C1qtnf7 Slc18a3 Htr3b Fam89a Chrna3,[ 1.  1.  1.  1.  1.  1.],[38  1  1  1  1  1],[ 0.   0.5  0.5  0.5  0.5],75,"Acetylcholine, Noradrenaline",5,0.0,Sympathetic ganglion,Sympathetic ganglion,0,0,0,0,0,0,0,0,0,0,0,0,0,0,0,0,0,0,0,0,0,0,0,0,0,0,0,0,0,0,0,0,0,0,0,0,0,0,0,0,0,0,0,0,0,0,0,0,0,0,0,0,0,0,0,0,0,0,0,0,0,0,0,0,0,0,0,0,0,0,0,0,0,0,0,0,0,0,0,0,0,0,0,0,0,0,0,0,0,0,0,0,0,0,0,0,0,0,0,0,0,0,0,0,0,0,0,0,0,0,0,0,0,0,0,0,0,0,0,0,0,75,0,0,0,0,0,0,0,0,0,0,0,0,0,0,0,0,0,0,0,0,75,Neurons,PNS neurons,Sympathetic neurons,Sympathetic cholinergic neurons,Sych,0,0,0,0,0,0,0,0,0,0,0,0,0,0,0,0,0,0,0,0,0,75,0,16990.613333333335,Tissue_Sympath
247,15,0,0,0,0,0,0,0,0,0,0,0,0,0,0,0,0,0,0,0,0,0,/Users/sten/build_20171205/L4_Sympathetic_Neurons.loom,Neurons,SYCHO1,7.5035514271897465,247,correspont to Ach1 in Furlan et al 2016.,"Cholinergic neurons, sympathetic",Neural crest,197,"Ngb,Chat",Vip Cited1 Slc18a3 Dkk1 Gm2990 Hand2,[ 1.  1.  1.  1.  1.  1.],[32  1  1  1  1  1],[ 0.   0.1  0.1  0.1  0.1],15,"Acetylcholine, Noradrenaline",6,0.0,Sympathetic ganglion,Sympathetic ganglion,0,0,0,0,0,0,0,0,0,0,0,0,0,0,0,0,0,0,0,0,0,0,0,0,0,0,0,0,0,0,0,0,0,0,0,0,0,0,0,0,0,0,0,0,0,0,0,0,0,0,0,0,0,0,0,0,0,0,0,0,0,0,0,0,0,0,0,0,0,0,0,0,0,0,0,0,0,0,0,0,0,0,0,0,0,0,0,0,0,0,0,0,0,0,0,0,0,0,0,0,0,0,0,0,0,0,0,0,0,0,0,0,0,0,0,0,0,0,0,0,0,15,0,0,0,0,0,0,0,0,0,0,0,0,0,0,0,0,0,0,0,0,15,Neurons,PNS neurons,Sympathetic neurons,Sympathetic cholinergic neurons,Sych,0,0,0,0,0,0,0,0,0,0,0,0,0,0,0,0,0,0,0,0,0,15,0,17417.6,Tissue_Sympath
248,0,0,0,0,0,0,29,0,0,49,0,0,0,0,0,0,0,0,0,0,0,0,/Users/sten/build_20171205/L4_Sensory_Neurons.loom,Neurons,PSPEP1,7.963293102460174,248,nan,"Peptidergicv (PEP2), DRG",Neural crest,205,"Slc17a8,Cxcl14",Calca Asic3 Ptgir Pou4f3 Gm13425 Stbd1,[ 1.  1.  1.  1.  1.  1.],[25  1  1  1  1  1],[ 0.   0.1  0.4  0.6  0.6],78,"Glutamate (VGLUT2), Nitric oxide",13,0.0,Dorsal root ganglion,Dorsal root ganglion,0,0,0,0,0,0,0,0,0,0,0,0,0,0,0,0,0,0,0,0,0,0,0,0,0,0,0,0,0,0,0,0,0,0,0,0,0,0,0,0,0,0,0,0,0,0,0,0,0,0,0,0,0,0,29,0,0,0,0,0,0,0,0,0,0,0,0,0,0,0,0,0,0,0,0,0,0,0,0,0,0,0,0,0,0,0,0,0,0,0,0,0,0,0,49,0,0,0,0,0,0,0,0,0,0,0,0,0,0,0,0,0,0,0,0,0,0,0,0,0,0,0,0,0,0,0,0,0,0,0,0,49,0,0,0,0,0,0,0,0,29,0,0,Neurons,PNS neurons,Peripheral sensory neurons,Peripheral sensory peptidergic neurons,Pspn,0,0,0,0,0,0,0,78,0,0,0,0,0,0,0,0,0,0,0,0,0,0,0,10641.923076923076,Tissue_DRG
249,0,0,0,0,0,0,23,0,0,69,0,0,0,0,0,0,0,0,0,0,0,0,/Users/sten/build_20171205/L4_Sensory_Neurons.loom,Neurons,PSPEP3,8.096002303689165,249,Express Slc5a7 (choline transporter),"Peptidergic (PEP1..4), DRG",Neural crest,204,"Vip,Crh,Pcp4",Calca Traf3ip3 Prdm12 Itk Fam150b Stac,[ 1.  1.  1.  1.  1.  1.],[19  1  1  1  1  1],[ 0.   0.8  0.8  0.9  0.9],92,Glutamate (VGLUT2),11,0.0,Dorsal root ganglion,Dorsal root ganglion,0,0,0,0,0,0,0,0,0,0,0,0,0,0,0,0,0,0,0,0,0,0,0,0,0,0,0,0,0,0,0,0,0,0,0,0,0,0,0,0,0,0,0,0,0,0,0,0,0,0,0,0,0,0,23,0,0,0,0,0,0,0,0,0,0,0,0,0,0,0,0,0,0,0,0,0,0,0,0,0,0,0,0,0,0,0,0,0,0,0,0,0,0,0,69,0,0,0,0,0,0,0,0,0,0,0,0,0,0,0,0,0,0,0,0,0,0,0,0,0,0,0,0,0,0,0,0,0,0,0,0,69,0,0,0,0,0,0,0,0,23,0,0,Neurons,PNS neurons,Peripheral sensory neurons,Peripheral sensory peptidergic neurons,Pspn,0,0,0,0,0,0,0,92,0,0,0,0,0,0,0,0,0,0,0,0,0,0,0,8847.391304347826,Tissue_DRG
250,0,0,0,0,0,0,34,0,0,68,0,0,0,0,0,0,0,0,0,0,0,0,/Users/sten/build_20171205/L4_Sensory_Neurons.loom,Neurons,PSPEP2,8.170976474883304,250,Express Slc5a7 (choline transporter),"Peptidergic (PEP1.3), DRG",Neural crest,202,"Calb2,Vip,Penk",Calca Gm13582 Ptgir Pou4f3 Fam150b Fstl1,[ 1.  1.  1.  1.  1.  1.],[30  1  1  1  1  1],[ 0.   0.1  0.1  0.1  0.1],102,"Glutamate (VGLUT2),Acetylcholine, Nitric oxide",12,0.0,Dorsal root ganglion,Dorsal root ganglion,0,0,0,0,0,0,0,0,0,0,0,0,0,0,0,0,0,0,0,0,0,0,0,0,0,0,0,0,0,0,0,0,0,0,0,0,0,0,0,0,0,0,0,0,0,0,0,0,0,0,0,0,0,0,34,0,0,0,0,0,0,0,0,0,0,0,0,0,0,0,0,0,0,0,0,0,0,0,0,0,0,0,0,0,0,0,0,0,0,0,0,0,0,0,68,0,0,0,0,0,0,0,0,0,0,0,0,0,0,0,0,0,0,0,0,0,0,0,0,0,0,0,0,0,0,0,0,0,0,0,0,68,0,0,0,0,0,0,0,0,34,0,0,Neurons,PNS neurons,Peripheral sensory neurons,Peripheral sensory peptidergic neurons,Pspn,0,0,0,0,0,0,0,102,0,0,0,0,0,0,0,0,0,0,0,0,0,0,0,9882.088235294117,Tissue_DRG
251,0,0,0,0,0,0,47,0,0,70,0,0,0,0,0,0,0,0,0,0,0,0,/Users/sten/build_20171205/L4_Sensory_Neurons.loom,Neurons,PSPEP4,5.593454089891043,251,nan,"Peptidergic (PEP1.1), DRG",Neural crest,203,"Calb2,Vip,Nos1",Calca 6030408B16Rik Samsn1 Pou4f3 Timeless Socs1,[ 1.  1.  1.  1.  1.  1.],[23  1  1  1  1  1],[ 0.   0.7  1.   1.   1. ],117,Glutamate (VGLUT2),10,0.0,Dorsal root ganglion,Dorsal root ganglion,0,0,0,0,0,0,0,0,0,0,0,0,0,0,0,0,0,0,0,0,0,0,0,0,0,0,0,0,0,0,0,0,0,0,0,0,0,0,0,0,0,0,0,0,0,0,0,0,0,0,0,0,0,0,47,0,0,0,0,0,0,0,0,0,0,0,0,0,0,0,0,0,0,0,0,0,0,0,0,0,0,0,0,0,0,0,0,0,0,0,0,0,0,0,70,0,0,0,0,0,0,0,0,0,0,0,0,0,0,0,0,0,0,0,0,0,0,0,0,0,0,0,0,0,0,0,0,0,0,0,0,70,0,0,0,0,0,0,0,0,47,0,0,Neurons,PNS neurons,Peripheral sensory neurons,Peripheral sensory peptidergic neurons,Pspn,0,0,0,0,0,0,0,117,0,0,0,0,0,0,0,0,0,0,0,0,0,0,0,6761.735042735043,Tissue_DRG
252,0,0,0,0,0,0,5,0,0,25,0,0,0,0,0,0,0,0,0,0,0,0,/Users/sten/build_20171205/L4_Sensory_Neurons.loom,Neurons,PSPEP5,9.323007201488341,252,Express Slc5a7 (choline transporter),"Peptidergic (PEP1.2), DRG",Neural crest,201,"Calb2,Vip,Penk-low",Trpv1 Fam169b Aqp1 Pirt Kcns3 Socs1,[ 1.  1.  1.  1.  1.  1.],[23  1  1  1  1  1],[ 0.   0.6  0.9  0.9  0.9],30,Glutamate (VGLUT2),9,0.0,Dorsal root ganglion,Dorsal root ganglion,0,0,0,0,0,0,0,0,0,0,0,0,0,0,0,0,0,0,0,0,0,0,0,0,0,0,0,0,0,0,0,0,0,0,0,0,0,0,0,0,0,0,0,0,0,0,0,0,0,0,0,0,0,0,5,0,0,0,0,0,0,0,0,0,0,0,0,0,0,0,0,0,0,0,0,0,0,0,0,0,0,0,0,0,0,0,0,0,0,0,0,0,0,0,25,0,0,0,0,0,0,0,0,0,0,0,0,0,0,0,0,0,0,0,0,0,0,0,0,0,0,0,0,0,0,0,0,0,0,0,0,25,0,0,0,0,0,0,0,0,5,0,0,Neurons,PNS neurons,Peripheral sensory neurons,Peripheral sensory peptidergic neurons,Pspn,0,0,0,0,0,0,0,30,0,0,0,0,0,0,0,0,0,0,0,0,0,0,0,5629.033333333334,Tissue_DRG
253,0,0,0,0,0,0,20,0,0,34,0,0,0,0,0,0,0,0,0,0,0,0,/Users/sten/build_20171205/L4_Sensory_Neurons.loom,Neurons,PSPEP6,6.866168298123096,253,nan,"Peptidergic (TrpM8), DRG",Neural crest,200,"Calb2,Penk",Gfra3 Angpt4 Runx1 Prph Gcnt2 Frat2,[ 1.  1.  1.  1.  1.  1.],[19  1  1  1  1  1],[ 0.   0.4  0.4  0.4  0.4],54,Glutamate (VGLUT2),7,0.0,Dorsal root ganglion,Dorsal root ganglion,0,0,0,0,0,0,0,0,0,0,0,0,0,0,0,0,0,0,0,0,0,0,0,0,0,0,0,0,0,0,0,0,0,0,0,0,0,0,0,0,0,0,0,0,0,0,0,0,0,0,0,0,0,0,20,0,0,0,0,0,0,0,0,0,0,0,0,0,0,0,0,0,0,0,0,0,0,0,0,0,0,0,0,0,0,0,0,0,0,0,0,0,0,0,34,0,0,0,0,0,0,0,0,0,0,0,0,0,0,0,0,0,0,0,0,0,0,0,0,0,0,0,0,0,0,0,0,0,0,0,0,34,0,0,0,0,0,0,0,0,20,0,0,Neurons,PNS neurons,Peripheral sensory neurons,Peripheral sensory peptidergic neurons,Pspn,0,0,0,0,0,0,0,54,0,0,0,0,0,0,0,0,0,0,0,0,0,0,0,5345.685185185185,Tissue_DRG
254,0,0,0,0,0,0,19,0,0,45,0,0,0,0,0,0,0,0,0,0,0,0,/Users/sten/build_20171205/L4_Sensory_Neurons.loom,Neurons,PSPEP7,6.253446279264899,254,nan,"Peptidergic (TrpM8), DRG",Neural crest,199,"Chat,Cxcl14,Crabp1",Rarres1 Gpsm3 Prdm12 Prph Gcnt2 Fkbp1b,[ 1.  1.  1.  1.  1.  1.],[14  1  1  1  1  1],[ 0.   0.5  1.   1.   1. ],64,Glutamate (VGLUT2),6,0.0,Dorsal root ganglion,Dorsal root ganglion,0,0,0,0,0,0,0,0,0,0,0,0,0,0,0,0,0,0,0,0,0,0,0,0,0,0,0,0,0,0,0,0,0,0,0,0,0,0,0,0,0,0,0,0,0,0,0,0,0,0,0,0,0,0,19,0,0,0,0,0,0,0,0,0,0,0,0,0,0,0,0,0,0,0,0,0,0,0,0,0,0,0,0,0,0,0,0,0,0,0,0,0,0,0,45,0,0,0,0,0,0,0,0,0,0,0,0,0,0,0,0,0,0,0,0,0,0,0,0,0,0,0,0,0,0,0,0,0,0,0,0,45,0,0,0,0,0,0,0,0,19,0,0,Neurons,PNS neurons,Peripheral sensory neurons,Peripheral sensory peptidergic neurons,Pspn,0,0,0,0,0,0,0,64,0,0,0,0,0,0,0,0,0,0,0,0,0,0,0,4258.375,Tissue_DRG
255,0,0,0,0,0,0,14,0,0,14,0,0,0,0,0,0,0,0,0,0,0,0,/Users/sten/build_20171205/L4_Sensory_Neurons.loom,Neurons,PSPEP8,7.154704273712818,255,nan,"Peptidergic (TrpM8), DRG",Neural crest,198,"Ngfr,Chat",Rarres1 Slc34a2 Tmem54 Plcd4 Gcnt2 Six1,[ 1.  1.  1.  1.  1.  1.],[17  1  1  1  1  1],[ 0.   0.1  0.1  0.2  0.3],28,Glutamate (VGLUT2),8,0.0,Dorsal root ganglion,Dorsal root ganglion,0,0,0,0,0,0,0,0,0,0,0,0,0,0,0,0,0,0,0,0,0,0,0,0,0,0,0,0,0,0,0,0,0,0,0,0,0,0,0,0,0,0,0,0,0,0,0,0,0,0,0,0,0,0,14,0,0,0,0,0,0,0,0,0,0,0,0,0,0,0,0,0,0,0,0,0,0,0,0,0,0,0,0,0,0,0,0,0,0,0,0,0,0,0,14,0,0,0,0,0,0,0,0,0,0,0,0,0,0,0,0,0,0,0,0,0,0,0,0,0,0,0,0,0,0,0,0,0,0,0,0,14,0,0,0,0,0,0,0,0,14,0,0,Neurons,PNS neurons,Peripheral sensory neurons,Peripheral sensory peptidergic neurons,Pspn,0,0,0,0,0,0,0,28,0,0,0,0,0,0,0,0,0,0,0,0,0,0,0,7907.142857142857,Tissue_DRG
256,0,0,0,0,0,0,41,0,0,16,0,0,0,0,0,0,0,0,0,0,0,0,/Users/sten/build_20171205/L4_Sensory_Neurons.loom,Neurons,PSNF2,6.523157306115905,256,nan,"Neurofilament (NF4/5), DRG",Neural crest,207,"Cck,Lmo1",Nefm Palm3 Nefh D930028M14Rik Clec2l Hebp2,[ 1.  1.  1.  1.  1.  1.],[17  1  1  1  1  1],[ 0.   0.4  0.4  1.   1. ],57,"Glutamate (VGLUT1,VGLUT2)",14,0.0,Dorsal root ganglion,Dorsal root ganglion,0,0,0,0,0,0,0,0,0,0,0,0,0,0,0,0,0,0,0,0,0,0,0,0,0,0,0,0,0,0,0,0,0,0,0,0,0,0,0,0,0,0,0,0,0,0,0,0,0,0,0,0,0,0,41,0,0,0,0,0,0,0,0,0,0,0,0,0,0,0,0,0,0,0,0,0,0,0,0,0,0,0,0,0,0,0,0,0,0,0,0,0,0,0,16,0,0,0,0,0,0,0,0,0,0,0,0,0,0,0,0,0,0,0,0,0,0,0,0,0,0,0,0,0,0,0,0,0,0,0,0,16,0,0,0,0,0,0,0,0,41,0,0,Neurons,PNS neurons,Peripheral sensory neurons,Peripheral sensory neurofilament neurons,Psnf,0,0,0,0,0,0,0,57,0,0,0,0,0,0,0,0,0,0,0,0,0,0,0,8927.578947368422,Tissue_DRG
257,0,0,0,0,0,0,22,0,0,9,0,0,0,0,0,0,0,0,0,0,0,0,/Users/sten/build_20171205/L4_Sensory_Neurons.loom,Neurons,PSNF3,8.52886591773765,257,nan,"Neurofilament (NF2/3), DRG",Neural crest,206,"Slc17a8,Cxcl14",Trappc3l Ptgfr Ahnak2 D930028M14Rik Avil Hebp2,[ 1.  1.  1.  1.  1.  1.],[20  1  1  1  1  1],[ 0.   0.2  0.2  0.2  0.2],31,"Glutamate (VGLUT1,VGLUT2)",15,0.0,Dorsal root ganglion,Dorsal root ganglion,0,0,0,0,0,0,0,0,0,0,0,0,0,0,0,0,0,0,0,0,0,0,0,0,0,0,0,0,0,0,0,0,0,0,0,0,0,0,0,0,0,0,0,0,0,0,0,0,0,0,0,0,0,0,22,0,0,0,0,0,0,0,0,0,0,0,0,0,0,0,0,0,0,0,0,0,0,0,0,0,0,0,0,0,0,0,0,0,0,0,0,0,0,0,9,0,0,0,0,0,0,0,0,0,0,0,0,0,0,0,0,0,0,0,0,0,0,0,0,0,0,0,0,0,0,0,0,0,0,0,0,9,0,0,0,0,0,0,0,0,22,0,0,Neurons,PNS neurons,Peripheral sensory neurons,Peripheral sensory neurofilament neurons,Psnf,0,0,0,0,0,0,0,31,0,0,0,0,0,0,0,0,0,0,0,0,0,0,0,10413.870967741936,Tissue_DRG
258,0,0,0,0,0,0,15,0,0,23,0,0,0,0,0,0,0,0,0,0,0,0,/Users/sten/build_20171205/L4_Sensory_Neurons.loom,Neurons,PSNF1,7.715840040851218,258,nan,"Neurofilament (NF1), DRG",Neural crest,208,"Cck,Lmo1",Ppm1j Tbx3os2 Ahnak2 Tusc5 Htr1d Bcam,[ 1.  1.  1.  1.  1.  1.],[16  1  1  1  1  1],[ 0.   0.1  0.1  0.9  0.9],38,"Glutamate (VGLUT1,VGLUT2)",16,0.0,Dorsal root ganglion,Dorsal root ganglion,0,0,0,0,0,0,0,0,0,0,0,0,0,0,0,0,0,0,0,0,0,0,0,0,0,0,0,0,0,0,0,0,0,0,0,0,0,0,0,0,0,0,0,0,0,0,0,0,0,0,0,0,0,0,15,0,0,0,0,0,0,0,0,0,0,0,0,0,0,0,0,0,0,0,0,0,0,0,0,0,0,0,0,0,0,0,0,0,0,0,0,0,0,0,23,0,0,0,0,0,0,0,0,0,0,0,0,0,0,0,0,0,0,0,0,0,0,0,0,0,0,0,0,0,0,0,0,0,0,0,0,23,0,0,0,0,0,0,0,0,15,0,0,Neurons,PNS neurons,Peripheral sensory neurons,Peripheral sensory neurofilament neurons,Psnf,0,0,0,0,0,0,0,38,0,0,0,0,0,0,0,0,0,0,0,0,0,0,0,8805.026315789473,Tissue_DRG
259,0,0,0,0,0,0,107,0,0,175,0,0,0,0,0,0,0,0,0,0,0,0,/Users/sten/build_20171205/L4_Sensory_Neurons.loom,Neurons,PSNP1,9.999999973999092,259,nan,"Non-peptidergic (TH), DRG",Neural crest,209,"Ntng1,Chrm2",Fam19a4 Fbp2 Piezo2 Tlx3 Paqr5 Cdk15,[ 1.  1.  1.  1.  1.  1.],[20  2  1  1  1  1],[ 0.   0.   0.7  0.7  0.7],282,"Glutamate (VGLUT2,VGLUT3)",5,0.0,Dorsal root ganglion,Dorsal root ganglion,0,0,0,0,0,0,0,0,0,0,0,0,0,0,0,0,0,0,0,0,0,0,0,0,0,0,0,0,0,0,0,0,0,0,0,0,0,0,0,0,0,0,0,0,0,0,0,0,0,0,0,0,0,0,107,0,0,0,0,0,0,0,0,0,0,0,0,0,0,0,0,0,0,0,0,0,0,0,0,0,0,0,0,0,0,0,0,0,0,0,0,0,0,0,175,0,0,0,0,0,0,0,0,0,0,0,0,0,0,0,0,0,0,0,0,0,0,0,0,0,0,0,0,0,0,0,0,0,0,0,0,175,0,0,0,0,0,0,0,0,107,0,0,Neurons,PNS neurons,Peripheral sensory neurons,Peripheral sensory non-peptidergic neurons,Psnn,0,0,0,0,0,0,0,282,0,0,0,0,0,0,0,0,0,0,0,0,0,0,0,11105.741134751774,Tissue_DRG
260,0,0,0,0,0,0,96,0,0,174,0,0,0,0,0,0,0,0,0,0,0,0,/Users/sten/build_20171205/L4_Sensory_Neurons.loom,Neurons,PSNP3,5.9269767133266456,260,nan,"Non-peptidergic (NP1.2), DRG",Neural crest,211,"Cacna2d1,Cxcl14 but not Lhx6,Nos1",Mrgprd 9530053A07Rik Lpar3 Tmem45b Ppp1r1c Cd55,[ 1.  1.  1.  1.  1.  1.],[24  1  1  1  1  1],[ 0.   0.1  0.6  0.6  0.6],270,Glutamate (VGLUT2),1,0.0,Dorsal root ganglion,Dorsal root ganglion,0,0,0,0,0,0,0,0,0,0,0,0,0,0,0,0,0,0,0,0,0,0,0,0,0,0,0,0,0,0,0,0,0,0,0,0,0,0,0,0,0,0,0,0,0,0,0,0,0,0,0,0,0,0,96,0,0,0,0,0,0,0,0,0,0,0,0,0,0,0,0,0,0,0,0,0,0,0,0,0,0,0,0,0,0,0,0,0,0,0,0,0,0,0,174,0,0,0,0,0,0,0,0,0,0,0,0,0,0,0,0,0,0,0,0,0,0,0,0,0,0,0,0,0,0,0,0,0,0,0,0,174,0,0,0,0,0,0,0,0,96,0,0,Neurons,PNS neurons,Peripheral sensory neurons,Peripheral sensory non-peptidergic neurons,Psnn,0,0,0,0,0,0,0,270,0,0,0,0,0,0,0,0,0,0,0,0,0,0,0,15924.822222222223,Tissue_DRG
261,0,0,0,0,0,0,11,0,0,61,0,0,0,0,0,0,0,0,0,0,0,0,/Users/sten/build_20171205/L4_Sensory_Neurons.loom,Neurons,PSNP2,7.163890979950569,261,nan,"Non-peptidergic (NP1.1), DRG",Neural crest,210,,Gm7271 Chrna6 Ctxn3 Kcnmb1 Ppp1r1c Lgals3,[ 1.  1.  1.  1.  1.  1.],[21  1  1  1  1  1],[ 0.   0.3  0.3  0.3  0.3],72,Glutamate (VGLUT2),0,0.0,Dorsal root ganglion,Dorsal root ganglion,0,0,0,0,0,0,0,0,0,0,0,0,0,0,0,0,0,0,0,0,0,0,0,0,0,0,0,0,0,0,0,0,0,0,0,0,0,0,0,0,0,0,0,0,0,0,0,0,0,0,0,0,0,0,11,0,0,0,0,0,0,0,0,0,0,0,0,0,0,0,0,0,0,0,0,0,0,0,0,0,0,0,0,0,0,0,0,0,0,0,0,0,0,0,61,0,0,0,0,0,0,0,0,0,0,0,0,0,0,0,0,0,0,0,0,0,0,0,0,0,0,0,0,0,0,0,0,0,0,0,0,61,0,0,0,0,0,0,0,0,11,0,0,Neurons,PNS neurons,Peripheral sensory neurons,Peripheral sensory non-peptidergic neurons,Psnn,0,0,0,0,0,0,0,72,0,0,0,0,0,0,0,0,0,0,0,0,0,0,0,14663.986111111111,Tissue_DRG
262,0,0,0,0,0,0,32,0,0,56,0,0,0,0,0,0,0,0,0,0,0,0,/Users/sten/build_20171205/L4_Sensory_Neurons.loom,Neurons,PSNP5,7.825131337432002,262,nan,"Non-peptidergic (NP2.2), DRG",Neural crest,213,"Cacna2d1,Lhx6,Nos1",Mrgpra3 Cpb1 Isl2 Scn10a Scn11a Stac,[ 1.  1.  1.  1.  1.  1.],[22  1  1  1  1  1],[ 0.   0.7  0.7  0.7  0.7],88,Glutamate (VGLUT2),3,0.0,Dorsal root ganglion,Dorsal root ganglion,0,0,0,0,0,0,0,0,0,0,0,0,0,0,0,0,0,0,0,0,0,0,0,0,0,0,0,0,0,0,0,0,0,0,0,0,0,0,0,0,0,0,0,0,0,0,0,0,0,0,0,0,0,0,32,0,0,0,0,0,0,0,0,0,0,0,0,0,0,0,0,0,0,0,0,0,0,0,0,0,0,0,0,0,0,0,0,0,0,0,0,0,0,0,56,0,0,0,0,0,0,0,0,0,0,0,0,0,0,0,0,0,0,0,0,0,0,0,0,0,0,0,0,0,0,0,0,0,0,0,0,56,0,0,0,0,0,0,0,0,32,0,0,Neurons,PNS neurons,Peripheral sensory neurons,Peripheral sensory non-peptidergic neurons,Psnn,0,0,0,0,0,0,0,88,0,0,0,0,0,0,0,0,0,0,0,0,0,0,0,12942.329545454546,Tissue_DRG
263,0,0,0,0,0,0,12,0,0,33,0,0,0,0,0,0,0,0,0,0,0,0,/Users/sten/build_20171205/L4_Sensory_Neurons.loom,Neurons,PSNP4,7.499380626628221,263,nan,"Non-peptidergic (NP2.1), DRG",Neural crest,212,"Cacna2d1 but not Lhx6,Nos1",Mrgpra3 Otoa Calcb Krt27 Acpp Cd55,[ 1.  1.  1.  1.  1.  1.],[26  1  1  1  1  1],[ 0.   0.4  0.4  0.4  0.4],45,Glutamate (VGLUT2),2,0.0,Dorsal root ganglion,Dorsal root ganglion,0,0,0,0,0,0,0,0,0,0,0,0,0,0,0,0,0,0,0,0,0,0,0,0,0,0,0,0,0,0,0,0,0,0,0,0,0,0,0,0,0,0,0,0,0,0,0,0,0,0,0,0,0,0,12,0,0,0,0,0,0,0,0,0,0,0,0,0,0,0,0,0,0,0,0,0,0,0,0,0,0,0,0,0,0,0,0,0,0,0,0,0,0,0,33,0,0,0,0,0,0,0,0,0,0,0,0,0,0,0,0,0,0,0,0,0,0,0,0,0,0,0,0,0,0,0,0,0,0,0,0,33,0,0,0,0,0,0,0,0,12,0,0,Neurons,PNS neurons,Peripheral sensory neurons,Peripheral sensory non-peptidergic neurons,Psnn,0,0,0,0,0,0,0,45,0,0,0,0,0,0,0,0,0,0,0,0,0,0,0,15283.866666666667,Tissue_DRG
264,0,0,0,0,0,0,49,0,0,83,0,0,0,0,0,0,0,0,0,0,0,0,/Users/sten/build_20171205/L4_Sensory_Neurons.loom,Neurons,PSNP6,10.0,264,nan,"Non-peptidergic (NP3), DRG",Neural crest,214,"Sst,Chodl,Nos1",Nppb Tmem233 Il31ra Ada Gm525 9230105E05Rik,[ 1.  1.  1.  1.  1.  1.],[26  1  1  1  1  1],[ 0.   0.6  1.   1.   1. ],132,Glutamate (VGLUT2),4,0.0,Dorsal root ganglion,Dorsal root ganglion,0,0,0,0,0,0,0,0,0,0,0,0,0,0,0,0,0,0,0,0,0,0,0,0,0,0,0,0,0,0,0,0,0,0,0,0,0,0,0,0,0,0,0,0,0,0,0,0,0,0,0,0,0,0,49,0,0,0,0,0,0,0,0,0,0,0,0,0,0,0,0,0,0,0,0,0,0,0,0,0,0,0,0,0,0,0,0,0,0,0,0,0,0,0,83,0,0,0,0,0,0,0,0,0,0,0,0,0,0,0,0,0,0,0,0,0,0,0,0,0,0,0,0,0,0,0,0,0,0,0,0,83,0,0,0,0,0,0,0,0,49,0,0,Neurons,PNS neurons,Peripheral sensory neurons,Peripheral sensory non-peptidergic neurons,Psnn,0,0,0,0,0,0,0,132,0,0,0,0,0,0,0,0,0,0,0,0,0,0,0,16123.469696969696,Tissue_DRG
